{
    "policyholders": [
        {
            "holder_id": 200007,
            "name": "Matthew Augustine",
            "age": 56.0,
            "active": true
        },
        {
            "holder_id": 200008,
            "name": "John Paul",
            "age": 34.0,
            "active": true
        }
    ],
    "products": [
        {
            "product_id": 10008,
            "name": "Contractors Insurance",
            "premium": 2000.0,
            "active": true
        },
        {
            "product_id": 10009,
            "name": "Fire Hazard Insurance",
            "premium": 600.0,
            "active": false
        }
    ],
    "payments": [
        {
            "payment_id": 201,
            "holder_id": 200007,
            "product_id": 10008,
            "amount": 2000.0,
            "paid": true,
            "penalty": 0.0,
            "grace_period_days": 5,
            "due_date": "2026-02-20T07:34:26.893232",
            "payment_date": "2026-02-15T07:38:57.187740",
            "overdue": false
        },
        {
            "payment_id": 202,
            "holder_id": 200007,
            "product_id": 10008,
            "amount": 2000.0,
            "paid": true,
            "penalty": 0.0,
            "grace_period_days": 5,
            "due_date": "2026-02-20T07:34:54.321902",
            "payment_date": "2026-02-15T07:38:57.187744",
            "overdue": false
        },
        {
            "payment_id": 203,
            "holder_id": 200007,
            "product_id": 10008,
            "amount": 2000.0,
            "paid": true,
            "penalty": 0.0,
            "grace_period_days": 5,
            "due_date": "2026-02-20T07:35:53.703050",
            "payment_date": "2026-02-15T07:38:57.187745",
            "overdue": false
        },
        {
            "payment_id": 204,
            "holder_id": 200008,
            "product_id": 10008,
            "amount": 2000.0,
            "paid": true,
            "penalty": 0.0,
            "grace_period_days": 5,
            "due_date": "2026-02-20T07:37:55.077572",
            "payment_date": "2026-02-15T07:38:57.187746",
            "overdue": false
        },
        {
            "payment_id": 205,
            "holder_id": 200008,
            "product_id": 10009,
            "amount": 600.0,
            "paid": false,
            "penalty": 0.0,
            "grace_period_days": 5,
            "due_date": "2026-02-20T07:37:55.077593",
            "payment_date": null,
            "overdue": false
        }
    ]
}