record_type,id,name,related_id,amount,active,paid,penalty,overdue,grace_period_days,timestamp
POLICYHOLDER,200001,Augusta Jerald,,,True,,,,2026-02-14 19:09:07
POLICYHOLDER,200002,Jeffrey Augustine,,,True,,,,2026-02-14 19:09:07
POLICYHOLDER,200003,Jerald Aigusta,,,True,,,,2026-02-14 19:09:07
POLICYHOLDER,200004,Jeffrey Nnamdi,,,True,,,,2026-02-14 19:09:07
POLICYHOLDER,200005,Jeremy Augustine,,,True,,,,2026-02-14 19:09:07
POLICYHOLDER,200006,Kingsley Jones,,,False,,,,2026-02-14 19:09:07
PRODUCT,10001,Auto Insurance,,225.0,True,,,,2026-02-14 19:09:07
PRODUCT,10002,Marine Insurance,,1200.0,True,,,,2026-02-14 19:09:07
PRODUCT,10003,Health Insurance,,124.0,True,,,,2026-02-14 19:09:07
PRODUCT,10004,HomeInsurance,,250.0,True,,,,2026-02-14 19:09:07
PRODUCT,10005,Sportsman Insurance,,269.0,True,,,,2026-02-14 19:09:07
PRODUCT,10006,Dental & Vision Insurance,,60.0,True,,,,2026-02-14 19:09:07
PRODUCT,10007,Travel Insurance,,500.0,False,,,,2026-02-14 19:09:07
PAYMENT,201,,200001|10001,225.0,True,0.0,False,5,2026-02-14 19:09:07
PAYMENT,202,,200002|10001,225.0,False,0.0,False,5,2026-02-14 19:09:07
PAYMENT,203,,200002|10002,1200.0,False,0.0,False,5,2026-02-14 19:09:07
PAYMENT,204,,200003|10003,124.0,True,0.0,False,5,2026-02-14 19:09:07
PAYMENT,205,,200003|10002,1200.0,True,0.0,False,5,2026-02-14 19:09:07
PAYMENT,206,,200004|10003,124.0,False,0.0,False,5,2026-02-14 19:09:07
PAYMENT,207,,200004|10002,1200.0,True,0.0,False,5,2026-02-14 19:09:07
PAYMENT,208,,200004|10001,225.0,False,0.0,False,5,2026-02-14 19:09:07
PAYMENT,209,,200004|10004,250.0,True,0.0,False,5,2026-02-14 19:09:07
PAYMENT,210,,200005|10001,225.0,False,0.0,False,5,2026-02-14 19:09:07
PAYMENT,211,,200005|10004,250.0,False,0.0,False,5,2026-02-14 19:09:07
PAYMENT,212,,200005|10005,269.0,False,0.0,False,5,2026-02-14 19:09:07
PAYMENT,213,,200006|10001,225.0,False,0.0,False,5,2026-02-14 19:09:07
PAYMENT,214,,200006|10004,250.0,False,0.0,False,5,2026-02-14 19:09:07
PAYMENT,215,,200006|10005,269.0,False,0.0,False,5,2026-02-14 19:09:07
