{
    "policyholders": [
        {
            "holder_id": 200001,
            "name": "Augusta Jerald",
            "age": 45.0,
            "active": true
        },
        {
            "holder_id": 200002,
            "name": "Jeffrey Augustine",
            "age": 25.0,
            "active": true
        },
        {
            "holder_id": 200003,
            "name": "Jerald Aigusta",
            "age": 22.0,
            "active": true
        },
        {
            "holder_id": 200004,
            "name": "Jeffrey Nnamdi",
            "age": 48.0,
            "active": true
        },
        {
            "holder_id": 200005,
            "name": "Jeremy Augustine",
            "age": 24.0,
            "active": true
        },
        {
            "holder_id": 200006,
            "name": "Kingsley Jones",
            "age": 50.0,
            "active": false
        }
    ],
    "products": [
        {
            "product_id": 10001,
            "name": "Auto Insurance",
            "premium": 225.0,
            "active": true
        },
        {
            "product_id": 10002,
            "name": "Marine Insurance",
            "premium": 1200.0,
            "active": true
        },
        {
            "product_id": 10003,
            "name": "Health Insurance",
            "premium": 124.0,
            "active": true
        },
        {
            "product_id": 10004,
            "name": "HomeInsurance",
            "premium": 250.0,
            "active": true
        },
        {
            "product_id": 10005,
            "name": "Sportsman Insurance",
            "premium": 269.0,
            "active": true
        },
        {
            "product_id": 10006,
            "name": "Dental & Vision Insurance",
            "premium": 60.0,
            "active": true
        },
        {
            "product_id": 10007,
            "name": "Travel Insurance",
            "premium": 500.0,
            "active": false
        }
    ],
    "payments": [
        {
            "payment_id": 201,
            "holder_id": 200001,
            "product_id": 10001,
            "amount": 225.0,
            "paid": true,
            "penalty": 0.0,
            "grace_period_days": 5,
            "due_date": "2026-02-19T18:54:23.202046",
            "payment_date": "2026-02-14T18:58:30.372759",
            "overdue": false
        },
        {
            "payment_id": 202,
            "holder_id": 200002,
            "product_id": 10001,
            "amount": 225.0,
            "paid": false,
            "penalty": 0.0,
            "grace_period_days": 5,
            "due_date": "2026-02-19T18:56:00.347028",
            "payment_date": null,
            "overdue": false
        },
        {
            "payment_id": 203,
            "holder_id": 200002,
            "product_id": 10002,
            "amount": 1200.0,
            "paid": false,
            "penalty": 0.0,
            "grace_period_days": 5,
            "due_date": "2026-02-19T18:56:00.347051",
            "payment_date": null,
            "overdue": false
        },
        {
            "payment_id": 204,
            "holder_id": 200003,
            "product_id": 10003,
            "amount": 124.0,
            "paid": true,
            "penalty": 0.0,
            "grace_period_days": 5,
            "due_date": "2026-02-19T18:58:10.932699",
            "payment_date": "2026-02-14T19:01:31.158540",
            "overdue": false
        },
        {
            "payment_id": 205,
            "holder_id": 200003,
            "product_id": 10002,
            "amount": 1200.0,
            "paid": true,
            "penalty": 0.0,
            "grace_period_days": 5,
            "due_date": "2026-02-19T18:58:10.932711",
            "payment_date": "2026-02-14T19:01:31.158542",
            "overdue": false
        },
        {
            "payment_id": 206,
            "holder_id": 200004,
            "product_id": 10003,
            "amount": 124.0,
            "paid": false,
            "penalty": 0.0,
            "grace_period_days": 5,
            "due_date": "2026-02-19T19:00:37.755027",
            "payment_date": null,
            "overdue": false
        },
        {
            "payment_id": 207,
            "holder_id": 200004,
            "product_id": 10002,
            "amount": 1200.0,
            "paid": true,
            "penalty": 0.0,
            "grace_period_days": 5,
            "due_date": "2026-02-19T19:00:37.755041",
            "payment_date": "2026-02-14T19:04:11.398074",
            "overdue": false
        },
        {
            "payment_id": 208,
            "holder_id": 200004,
            "product_id": 10001,
            "amount": 225.0,
            "paid": false,
            "penalty": 0.0,
            "grace_period_days": 5,
            "due_date": "2026-02-19T19:00:37.755047",
            "payment_date": null,
            "overdue": false
        },
        {
            "payment_id": 209,
            "holder_id": 200004,
            "product_id": 10004,
            "amount": 250.0,
            "paid": true,
            "penalty": 0.0,
            "grace_period_days": 5,
            "due_date": "2026-02-19T19:00:37.755051",
            "payment_date": "2026-02-14T19:06:08.833087",
            "overdue": false
        },
        {
            "payment_id": 210,
            "holder_id": 200005,
            "product_id": 10001,
            "amount": 225.0,
            "paid": false,
            "penalty": 0.0,
            "grace_period_days": 5,
            "due_date": "2026-02-19T19:04:08.812112",
            "payment_date": null,
            "overdue": false
        },
        {
            "payment_id": 211,
            "holder_id": 200005,
            "product_id": 10004,
            "amount": 250.0,
            "paid": false,
            "penalty": 0.0,
            "grace_period_days": 5,
            "due_date": "2026-02-19T19:04:08.812130",
            "payment_date": null,
            "overdue": false
        },
        {
            "payment_id": 212,
            "holder_id": 200005,
            "product_id": 10005,
            "amount": 269.0,
            "paid": false,
            "penalty": 0.0,
            "grace_period_days": 5,
            "due_date": "2026-02-19T19:04:08.812134",
            "payment_date": null,
            "overdue": false
        },
        {
            "payment_id": 213,
            "holder_id": 200006,
            "product_id": 10001,
            "amount": 225.0,
            "paid": false,
            "penalty": 0.0,
            "grace_period_days": 5,
            "due_date": "2026-02-19T19:05:55.071130",
            "payment_date": null,
            "overdue": false
        },
        {
            "payment_id": 214,
            "holder_id": 200006,
            "product_id": 10004,
            "amount": 250.0,
            "paid": false,
            "penalty": 0.0,
            "grace_period_days": 5,
            "due_date": "2026-02-19T19:05:55.071142",
            "payment_date": null,
            "overdue": false
        },
        {
            "payment_id": 215,
            "holder_id": 200006,
            "product_id": 10005,
            "amount": 269.0,
            "paid": false,
            "penalty": 0.0,
            "grace_period_days": 5,
            "due_date": "2026-02-19T19:05:55.071145",
            "payment_date": null,
            "overdue": false
        }
    ]
}