record_type,id,name,related_id,amount,active,paid,penalty,overdue,grace_period_days,timestamp
POLICYHOLDER,200007,Matthew Augustine,,,True,,,,2026-02-15 07:40:01
POLICYHOLDER,200008,John Paul,,,True,,,,2026-02-15 07:40:01
PRODUCT,10008,Contractors Insurance,,2000.0,True,,,,2026-02-15 07:40:01
PRODUCT,10009,Fire Hazard Insurance,,600.0,False,,,,2026-02-15 07:40:01
PAYMENT,201,,200007|10008,2000.0,True,0.0,False,5,2026-02-15 07:40:01
PAYMENT,202,,200007|10008,2000.0,True,0.0,False,5,2026-02-15 07:40:01
PAYMENT,203,,200007|10008,2000.0,True,0.0,False,5,2026-02-15 07:40:01
PAYMENT,204,,200008|10008,2000.0,True,0.0,False,5,2026-02-15 07:40:01
PAYMENT,205,,200008|10009,600.0,False,0.0,False,5,2026-02-15 07:40:01
