EmployeeName,JobTitle,BasePay,OvertimePay,OtherPay,Benefits,TotalPay,TotalPayBenefits,Year
ALBERT PARDINI,CAPTAIN III (POLICE DEPARTMENT),212739.13,106088.18,16452.6,,335279.91,335279.91,2011
ALBERTO PEDRUCO,"LIEUTENANT, FIRE DEPARTMENT",135651.04,56307.38,17085.77,,209044.19,209044.19,2011
ALBERT YU,SUPERVISING PHYSICIAN SPECIALIST,192379.6,0.0,4891.0,,197270.6,197270.6,2011
ALBERT CENDANA,SENIOR PHYSICIAN SPECIALIST,155013.0,0.0,28984.15,,183997.15,183997.15,2011
ALBERT HOLT JR,SENIOR PHYSICIAN SPECIALIST,158885.25,0.0,23833.16,,182718.41,182718.41,2011
ALBERT WATERS II,CHIEF DEPUTY SHERIFF,153172.6,5483.94,12092.9,,170749.44,170749.44,2011
ALBERT LUM,"INSPECTOR III, (POLICE DEPARTMENT)",130457.97,6879.87,17977.4,,155315.24,155315.24,2011
ALBERT BRONSON JR,FIREFIGHTER,105934.68,36751.6,9842.83,,152529.11,152529.11,2011
ALBERT LEE,SERGEANT III (POLICE DEPARTMENT),130481.51,11005.94,10171.68,,151659.13,151659.13,2011
ALBERTO DUARTE,POLICE OFFICER I,106046.06,32289.21,10511.92,,148847.19,148847.19,2011
ALBERT JANG,SENIOR DEPUTY SHERIFF,96252.02,41281.85,8676.06,,146209.93,146209.93,2011
ALBERT ENG,SENIOR ENGINEER,143824.24,0.0,1804.0,,145628.24,145628.24,2011
ALBERT HOM,SUPERVISING ELECTRONIC MAINTENANCE TECHNICIAN,112725.02,23575.87,8820.0,,145120.89,145120.89,2011
ALBERT JOHNSON JR,POLICE OFFICER I,105995.9,33877.63,5199.42,,145072.95,145072.95,2011
PETER ALBERT,MANAGER VI - MUNICIPAL TRANSPORTATION AGENCY,142720.24,0.0,120.0,,142840.24,142840.24,2011
ALBERT TOM,ELECTRONIC MAINTENANCE TECHNICIAN,99000.0,35236.87,6235.25,,140472.12,140472.12,2011
ALBERT LIEU,POLICE OFFICER III,112175.39,16733.39,10389.61,,139298.39,139298.39,2011
ALBERT HOM,"INSPECTOR, BUREAU OF FIRE PREVENTION AND PUBLIC SA",117412.05,3074.83,12397.24,,132884.12,132884.12,2011
ALBERTO OLIVEROS,REGISTERED NURSE,112424.0,4280.76,14287.78,,130992.54,130992.54,2011
ALBERTO MIRANDA,POLICE OFFICER III,117324.04,6484.3,5171.16,,128979.5,128979.5,2011
ALBERTO ESPARZA,POLICE OFFICER II,106716.8,5131.1,16949.93,,128797.83,128797.83,2011
ALBERT KO,SENIOR ENGINEER,124842.94,0.0,0.0,,124842.94,124842.94,2011
ALBERT WONG,ENGINEER,124293.29,0.0,90.0,,124383.29,124383.29,2011
ALBERT FANG,ENGINEER,120937.17,0.0,2938.57,,123875.74,123875.74,2011
ALBERT ENCINAS,POLICE OFFICER III,112401.06,4490.43,4768.38,,121659.87,121659.87,2011
ALBERTINA PRINS,NURSE PRACTITIONER,118927.45,0.0,2142.16,,121069.61,121069.61,2011
ALBERT TOM,ENGINEER,120937.07,0.0,0.0,,120937.07,120937.07,2011
ALBERT HOE,ENGINEER,114169.57,0.0,6040.53,,120210.1,120210.1,2011
ALBERT HUANG,ELECTRONIC MAINTENANCE TECHNICIAN,90072.0,11137.25,4024.4,,105233.65,105233.65,2011
ALBERT VELASCO,ASSOCIATE ENGINEER,104486.08,0.0,0.0,,104486.08,104486.08,2011
ALBERT LEE,SENIOR ENVIRONMENTAL HEALTH INSPECTOR,103197.49,0.0,0.0,,103197.49,103197.49,2011
ALBERT MAI,AUTOMOTIVE MECHANIC,73075.0,20760.83,9312.21,,103148.04,103148.04,2011
ALBERT LEONG,HOUSING INSPECTOR,100697.0,362.06,2013.2,,103072.26,103072.26,2011
ALBERT ENG,MANAGER II,92366.8,0.0,8184.99,,100551.79,100551.79,2011
ALBERT LARCINA,SENIOR STATIONARY ENGINEER,82056.03,3044.61,13802.95,,98903.59,98903.59,2011
ALBERT NG,ELECTRICAL TRANSIT SYSTEM MECHANIC,77580.4,19132.86,1975.0,,98688.26,98688.26,2011
ALBERT CHAN,TRANSIT OPERATOR,68271.47,22636.44,2761.02,,93668.93,93668.93,2011
ALBERT LEW,DEPUTY SHERIFF,81522.53,3528.51,8264.98,,93316.02,93316.02,2011
ALBERTO HERRERA,ENGINEERING ASSOCIATE II,85940.03,6610.49,0.0,,92550.52,92550.52,2011
ALBERT UJCIC,WATER SERVICE INSPECTOR,90966.4,0.0,0.0,,90966.4,90966.4,2011
ALBERT DEGUZMAN,MUSEUM SECURITY SUPERVISOR,60207.64,24357.49,5257.67,,89822.8,89822.8,2011
ALBERT BROOHM,STATIONARY ENGINEER,72410.0,2454.33,13279.59,,88143.92,88143.92,2011
ALBERT CHENG,TRANSIT OPERATOR,64314.64,20389.36,2720.27,,87424.27,87424.27,2011
ALBERT QUITON,TRANSIT OPERATOR,64279.21,18330.94,4039.17,,86649.32,86649.32,2011
ALBERT LEE,TRANSIT OPERATOR,65117.56,15281.57,5349.07,,85748.2,85748.2,2011
ALBERT SANDOVAL,CARPENTER,70423.9,8557.43,1544.86,,80526.19,80526.19,2011
JASON ALBERTSON,PSYCHIATRIC SOCIAL WORKER,79900.99,0.0,0.0,,79900.99,79900.99,2011
ALBERT BOK,PSYCHIATRIC SOCIAL WORKER,77733.96,0.0,132.0,,77865.96,77865.96,2011
ALBERT GLENN,"STATION AGENT, MUNICIPAL RAILWAY",73458.04,2457.38,1917.14,,77832.56,77832.56,2011
ALBERTO DE GRACIA SANCHEZ,PAINTER,71490.76,3951.9,1965.75,,77408.41,77408.41,2011
ALBERTO MONTOYA,TRANSIT OPERATOR,61326.92,15541.22,50.7,,76918.84,76918.84,2011
ALBERT CHIN,PARKING CONTROL OFFICER,55321.61,19064.16,2444.13,,76829.9,76829.9,2011
JOCELLE ALBERTO,IS BUSINESS ANALYST,75852.0,0.0,0.0,,75852.0,75852.0,2011
ALBERT HAO,ASSISTANT CONSTRUCTION INSPECTOR,74592.03,0.0,1105.1,,75697.13,75697.13,2011
JOSEPH ALBERTO,ADMINISTRATIVE ANALYST,75005.66,0.0,0.0,,75005.66,75005.66,2011
ALBERTO ARGENTE,ADMINISTRATIVE ANALYST,75005.64,0.0,0.0,,75005.64,75005.64,2011
ALBERT SANTOYO,TRANSIT CAR CLEANER,55880.0,9432.79,9314.3,,74627.09,74627.09,2011
ALBERT CAYABYAB,AUTOMOTIVE MECHANIC,73513.58,383.67,500.0,,74397.25,74397.25,2011
ELENITA ALBERTO,ENGINEERING ASSOCIATE II,73903.92,0.0,0.0,,73903.92,73903.92,2011
ALBERT HSIUNG,PROGRAM SPECIALIST,73164.03,0.0,0.0,,73164.03,73164.03,2011
ALBERTO PEREZ,TRANSIT OPERATOR,57735.5,14282.49,1134.28,,73152.27,73152.27,2011
ALBERT WILLIAMS,TRANSIT OPERATOR,59739.61,9380.13,1918.32,,71038.06,71038.06,2011
ALBERTO ORTEGA,IS ADMINISTRATOR I,64437.01,2703.24,3328.27,,70468.52,70468.52,2011
ALBERT MABRIE,TRANSIT OPERATOR,49384.87,17478.86,1182.77,,68046.5,68046.5,2011
ALBERT TAM,SENIOR ELIGIBILITY WORKER,66061.02,0.0,1944.0,,68005.02,68005.02,2011
RUBY ALBERTO,DEPUTY COURT CLERK II,67721.1,0.0,0.0,,67721.1,67721.1,2011
ALBERT TURNER,CHILD SUPPORT OFFICER II,67022.87,0.0,623.98,,67646.85,67646.85,2011
ALBERTO MANONGDO,SENIOR ELIGIBILITY WORKER,66059.14,0.0,624.0,,66683.14,66683.14,2011
ALBERT TAM,SENIOR PAYROLL AND PERSONNEL CLERK,65092.2,1237.9,0.0,,66330.1,66330.1,2011
JABARI ALBERT,TRANSIT OPERATOR,59843.94,2431.24,1625.7,,63900.88,63900.88,2011
ALBERT DONG,PARKING CONTROL OFFICER,55753.8,285.74,7179.58,,63219.12,63219.12,2011
ALBERT LEANILLO,X-RAY LABORATORY AIDE,60086.62,1904.01,842.3,,62832.93,62832.93,2011
KEVIN ALBERTO,GENERAL LABORER,48013.06,4001.44,10732.15,,62746.65,62746.65,2011
GUALBERTO LACEBAL JR,MUSEUM GUARD,48298.43,12102.24,1748.03,,62148.7,62148.7,2011
ALBERTO ZAPATA,GENERAL LABORER,56568.82,2215.37,1636.25,,60420.44,60420.44,2011
ALBERT BARTOLOME,MENTAL HEALTH REHABILITATION WORKER,43956.39,9049.17,2929.45,,55935.01,55935.01,2011
ALBERT GARCIA,ASSISTANT STOREKEEPER,46198.6,7644.29,1296.5,,55139.39,55139.39,2011
ALBERT HARDY,RECREATION COORDINATOR,54080.63,0.0,980.25,,55060.88,55060.88,2011
ALBERT KHOO,CUSTODIAL ASSISTANT SUPERVISOR,53302.6,106.0,0.0,,53408.6,53408.6,2011
ALBERTO JAIMELOPEZ,FIREFIGHTER,47013.6,3339.11,2927.54,,53280.25,53280.25,2011
ALBERTO RAMOS,ELIGIBILITY WORKER,52359.01,636.21,60.0,,53055.22,53055.22,2011
ALBERT LUU,HEALTH WORKER II,47325.3,510.6,1602.94,,49438.84,49438.84,2011
ALBERTO VILLARINA,LIGHTING FIXTURE MAINTENANCE WORKER,48012.8,0.0,462.0,,48474.8,48474.8,2011
ALBERTO OLIVEROS,SPECIAL NURSE,35943.33,2624.81,8808.57,,47376.71,47376.71,2011
ALBERT BUCHANAN,SPECIAL NURSE,45968.0,861.9,0.0,,46829.9,46829.9,2011
ALBERT SNG,LIBRARY PAGE,43136.03,0.0,637.32,,43773.35,43773.35,2011
ALBERT SALERNO,DISTRICT ATTORNEY'S INVESTIGATOR,42036.0,0.0,0.0,,42036.0,42036.0,2011
RICHARD TALBERT,CUSTODIAN,40179.37,0.0,1827.89,,42007.26,42007.26,2011
ALBERTO LOPEZ,SENIOR PHYSICIAN SPECIALIST,36222.39,0.0,1888.08,,38110.47,38110.47,2011
ALBERT CHIN,DIAGNOSTIC IMAGING TECH I,35103.35,457.36,1060.49,,36621.2,36621.2,2011
IRIA TALBERT,PUBLIC SERVICE AIDE-ASSOCIATE TO PROFESSIONALS,35385.6,301.0,0.0,,35686.6,35686.6,2011
REANNA ALBERT,SENIOR CLERK,33738.71,0.0,162.0,,33900.71,33900.71,2011
ERIC ALBERTY,MENTAL HEALTH REHABILITATION WORKER,30134.82,809.84,2031.38,,32976.04,32976.04,2011
ALBERT DAVIS,GENERAL LABORER SUPERVISOR I,27607.5,47.86,624.52,,28279.88,28279.88,2011
MICHELLE TALBERT,ENVIRONMENTAL SERVICE WORKER,25170.06,0.0,250.95,,25421.01,25421.01,2011
ALBERTO GUADAMUZ,TRANSIT OPERATOR,21839.78,1334.81,959.86,,24134.45,24134.45,2011
ALBERTO RAMIREZ,PORTER,20385.73,0.0,1144.98,,21530.71,21530.71,2011
ALBERT TONG,POLICE OFFICER III,20226.03,0.0,0.0,,20226.03,20226.03,2011
ALBERT TAN,CUSTODIAN,17468.0,1048.08,1527.24,,20043.32,20043.32,2011
ALBERT BURLESON,TRANSIT OPERATOR,15398.23,1662.1,154.49,,17214.82,17214.82,2011
ALBERT CHIN,SENIOR CLERK,16558.5,0.0,0.0,,16558.5,16558.5,2011
ALBERT SANDOVAL,CLERK,14138.77,1496.24,0.0,,15635.01,15635.01,2011
TALBERT WEBB,SECURITY GUARD,15079.61,16.39,0.0,,15096.0,15096.0,2011
ALBERTO REYES JR,GENERAL LABORER,10965.7,193.96,656.33,,11815.99,11815.99,2011
ALBERTO PERA,IS OPERATOR - JOURNEY,3172.5,0.0,7954.76,,11127.26,11127.26,2011
ALBERT JOHNSON,RECREATION LEADER,7272.95,0.0,400.27,,7673.22,7673.22,2011
DIANNE ALBERTO,PUBLIC SERVICE AIDE-ASSOCIATE TO PROFESSIONALS,7122.94,0.0,0.0,,7122.94,7122.94,2011
ALBERTO APARICIO,MEDICAL EXAMINER'S INVESTIGATOR I,3622.4,0.0,0.0,,3622.4,3622.4,2011
ALBERT SMITH,RECREATION LEADER,1167.42,0.0,40.82,,1208.24,1208.24,2011
Albert Yu,Supervising Physician Spec,194386.84,0.0,7500.0,58828.08,201886.84,260714.92,2012
Albert Cendana,Senior Physician Specialist,164974.38,0.0,33094.44,56688.37,198068.82,254757.19,2012
Albert Pardini,Captain 3,196265.04,0.0,11404.04,46326.21,207669.08,253995.29,2012
Albert Holt Jr,Senior Physician Specialist,163375.25,0.0,24506.76,56217.38,187882.01,244099.39,2012
Albert Bronson Jr,Firefighter,110847.14,71698.74,15595.2,39400.58,198141.08,237541.66,2012
Alberto Pedruco,"Lieutenant, Fire Suppression",127573.37,46117.16,16667.36,41975.32,190357.89,232333.21,2012
Albert Waters II,Chief Deputy Sheriff,156308.01,9857.01,14917.66,49908.78,181082.68,230991.46,2012
Peter Albert,"Manager VI, MTA",145592.46,0.0,3516.0,56961.31,149108.46,206069.77,2012
Albert Lum,Inspector 3,135967.52,12625.58,15098.13,37338.28,163691.23,201029.51,2012
Albert Lee,Sergeant 3,135967.44,10723.6,14842.9,39438.14,161533.94,200972.08,2012
Albert Johnson Jr,Police Officer 2,113233.05,43587.74,5521.84,35069.02,162342.63,197411.65,2012
Albert Hom,Sprv Electronic Main Tech,113175.05,25769.63,7094.0,42890.77,146038.68,188929.45,2012
Alberto Oliveros,Registered Nurse,121370.03,5398.47,16857.48,45222.19,143625.98,188848.17,2012
Alberto Duarte,Police Officer,110535.06,37575.47,5579.26,33958.68,153689.79,187648.47,2012
Albert Lieu,Police Officer 3,117171.43,19667.04,15300.66,34926.15,152139.13,187065.28,2012
Albert Ko,Eng/Arch/Landscape Arch Sr,137726.22,0.0,0.0,47502.93,137726.22,185229.15,2012
Albert Jang,Senior Deputy Sheriff,97952.04,34091.13,11095.96,37417.83,143139.13,180556.96,2012
Albert Hom,"Insp, Fire Dept",132182.59,822.34,7930.97,38481.33,140935.9,179417.23,2012
Albert Encinas,Police Officer 3,117162.67,17953.49,9009.36,34959.01,144125.52,179084.53,2012
Albertina Prins,Nurse Practitioner,127821.13,0.0,2043.15,49193.8,129864.28,179058.08,2012
Albert Hoe,Engineer,123747.04,0.0,6021.48,46223.22,129768.52,175991.74,2012
Alberto Esparza,Police Officer 2,114887.51,4066.58,18219.8,34481.72,137173.89,171655.61,2012
Alberto Miranda,Police Officer 3,122033.33,8039.74,6688.05,34504.14,136761.12,171265.26,2012
Albert Fang,Engineer,123747.09,0.0,1966.94,45390.55,125714.03,171104.58,2012
Albert Tom,Electronic Maintenance Tech,101088.0,26079.99,1564.4,41201.41,128732.39,169933.8,2012
Albert Tom,Engineer,123747.06,0.0,0.0,45095.34,123747.06,168842.4,2012
Albert Wong,Engineer,123747.01,0.0,60.0,45034.02,123807.01,168841.03,2012
Albert Huang,Electronic Maintenance Tech,100699.2,15492.54,9115.54,40832.13,125307.28,166139.41,2012
Albert Mai,Automotive Mechanic,72490.4,35591.41,6082.51,35834.29,114164.32,149998.61,2012
Albert Velasco,Assoc Engineer,106912.11,0.0,719.71,41536.99,107631.82,149168.81,2012
Albert Leong,Housing Inspector,103077.0,0.0,2060.5,42092.48,105137.5,147229.98,2012
Albert Lee,Sr Environmental Hlth Insp,105520.75,0.0,0.0,40975.22,105520.75,146495.97,2012
Alberto Jaime Lopez,Firefighter,84386.06,11170.3,13865.19,33654.26,109421.55,143075.81,2012
Albert Lew,Deputy Sheriff,87050.45,3239.25,11858.3,37357.52,102148.0,139505.52,2012
Albert Quiton,Transit Operator,67042.86,23957.51,6636.2,40870.08,97636.57,138506.65,2012
Albert Larcina,Senior Stationary Engineer,83655.01,2031.89,13168.56,37978.5,98855.46,136833.96,2012
Albert Deguzman,Museum Sec Supv,64007.53,32216.65,5601.03,34299.16,101825.21,136124.37,2012
Albert Ng,Electrical Transit System Mech,79222.01,15254.0,2500.0,35517.69,96976.01,132493.7,2012
Albert Broohm,Stationary Engineer,73814.0,4098.24,18129.43,36096.19,96041.67,132137.86,2012
Alberto Herrera,Engineering Associate 2,87945.0,6616.4,34.7,36974.97,94596.1,131571.07,2012
Albert Ujcic,Water Service Inspector,91333.2,0.0,0.0,37820.68,91333.2,129153.88,2012
Albert Bartolome,Patient Care Assistant,63995.0,25681.51,4665.97,33099.52,94342.48,127442.0,2012
Albert Cheng,Transit Operator,64804.97,20154.06,1780.34,37854.15,86739.37,124593.52,2012
Elenita Alberto,Engineering Associate 2,87945.16,0.0,0.0,36489.9,87945.16,124435.06,2012
Alberto Perez,Transit Operator,64705.46,15330.1,4013.87,37908.53,84049.43,121957.96,2012
Albert Bok,Psychiatric Social Worker,84904.5,0.0,624.0,35973.69,85528.5,121502.19,2012
Albert Williams,Transit Operator,64964.37,12846.52,4970.15,38299.99,82781.04,121081.03,2012
Jason Albertson,Psychiatric Social Worker,84904.52,0.0,0.0,35844.36,84904.52,120748.88,2012
Albert Chan,Transit Operator,60173.55,17784.44,6643.16,35006.67,84601.15,119607.82,2012
Jocelle Alberto,IS Business Analyst,81435.0,0.0,83.51,34999.15,81518.51,116517.66,2012
Jabari Albert,Transit Operator,66438.62,9374.93,2300.78,38297.47,78114.33,116411.8,2012
Albert Glenn,"Station Agent, Muni Railway",75690.53,4713.09,1739.25,34238.57,82142.87,116381.44,2012
Albert Chin,Parking Control Officer,55574.61,24260.67,4616.52,30398.11,84451.8,114849.91,2012
Albert Lee,Transit Operator,66615.34,144.96,8394.8,38912.68,75155.1,114067.78,2012
Alberto Argente,Administrative Analyst,79724.54,0.0,0.0,34211.1,79724.54,113935.64,2012
Joseph Alberto,Administrative Analyst,79724.51,0.0,0.0,33985.74,79724.51,113710.25,2012
Albert Hao,Assistant Const Inspector,76362.03,0.0,1740.1,33769.88,78102.13,111872.01,2012
Albert Hsiung,Program Specialist,77810.02,0.0,0.0,34043.9,77810.02,111853.92,2012
Alberto De Gracia Sanchez,Painter,71993.7,4555.6,1619.75,32836.75,78169.05,111005.8,2012
Albert Tam,Pr Payroll & Personnel Clerk,75072.19,2008.86,0.0,33313.44,77081.05,110394.49,2012
Albert Santoyo,Transit Car Cleaner,57395.0,8521.96,11000.29,31844.47,76917.25,108761.72,2012
Alberto Guadamuz,Transit Operator,60677.16,9893.71,2396.3,34902.45,72967.17,107869.62,2012
Albert Tam,Senior Eligibility Worker,70219.77,0.0,1884.0,33406.28,72103.77,105510.05,2012
Albert Turner,Child Support Officer II,71251.07,0.0,624.02,32435.6,71875.09,104310.69,2012
Alberto Ortega,IS Administrator 1,65962.01,2562.36,3586.26,31918.53,72110.63,104029.16,2012
Ruby Alberto,Deputy Court Clerk II,68563.3,0.0,715.93,31069.4,69279.23,100348.63,2012
Alberto Montoya,Transit Operator,59203.57,3921.36,1433.48,33198.61,64558.41,97757.02,2012
Albert Burleson,Transit Operator,49396.38,18210.66,279.11,28555.69,67886.15,96441.84,2012
Albert Leanillo,X-Ray Laboratory Aide,62199.52,900.48,885.01,29733.18,63985.01,93718.19,2012
Albert Dong,Parking Control Officer,55572.65,0.0,5352.59,29728.38,60925.24,90653.62,2012
Gualberto Lacebal Jr,Museum Guard,51508.83,10325.02,1586.08,26718.69,63419.93,90138.62,2012
Alberto Manongdo,Senior Eligibility Worker,60571.45,0.0,539.12,27764.89,61110.57,88875.46,2012
Alberto Zapata,General Laborer,57962.34,587.33,1413.14,28485.34,59962.81,88448.15,2012
Albert Garcia,Assistant Storekeeper,49228.44,8781.88,1123.45,28676.18,59133.77,87809.95,2012
Alberto Ramos,Eligibility Worker,58424.0,115.12,0.0,28784.13,58539.12,87323.25,2012
Albert Hardy,Recreation Coordinator,57477.02,0.0,1066.48,28332.96,58543.5,86876.46,2012
Albert Eng,Eng/Arch/Landscape Arch Sr,33816.0,0.0,35991.18,16769.68,69807.18,86576.86,2012
Albert Khoo,Custodial Assistant Supervisor,56653.02,0.0,0.0,28186.36,56653.02,84839.38,2012
Albert Luu,Health Worker 2,50534.95,900.45,1443.02,27948.74,52878.42,80827.16,2012
Albert Mabrie,Transit Operator,43042.27,9152.21,2642.45,25329.65,54836.93,80166.58,2012
Alberto Villarina,Lighting Fixture Maint Worker,50096.3,2782.67,556.5,26095.58,53435.47,79531.05,2012
Albert Tan,Custodian,44114.25,1932.66,5441.16,27006.56,51488.07,78494.63,2012
Albert Chin,Diagnostic Imaging Tech I,45020.0,606.79,7801.28,20806.88,53428.07,74234.95,2012
Albert Chin,Senior Clerk,46091.6,1526.27,0.0,26051.08,47617.87,73668.95,2012
Albert Sandoval,Carpenter,46294.16,3751.22,1355.0,20652.62,51400.38,72053.0,2012
Albert Sng,Library Page,45643.12,0.0,633.73,25711.09,46276.85,71987.94,2012
Reanna Albert,Senior Clerk,44545.72,0.0,0.0,25502.83,44545.72,70048.55,2012
Alberto Ramirez,Porter,38479.18,5795.93,852.64,23030.59,45127.75,68158.34,2012
Iria Talbert,PS Aide to Prof,37622.52,315.13,0.0,23696.99,37937.65,61634.64,2012
Dianne Alberto,PS Aide to Prof,37214.93,111.68,0.0,21079.49,37326.61,58406.1,2012
Kevin Alberto,General Laborer,26317.05,1734.96,12208.14,13921.79,40260.15,54181.94,2012
Albert Davis,General Laborer Supervisor 1,35378.79,47.86,670.59,17361.57,36097.24,53458.81,2012
Alberto Oliveros,Special Nurse,30956.06,1885.0,7131.96,8817.24,39973.02,48790.26,2012
Albert Salerno,District Attry's Investigator,36735.0,0.0,0.0,1057.34,36735.0,37792.34,2012
Albert Mar,Eligibility Worker,23883.01,0.0,0.0,12582.46,23883.01,36465.47,2012
Eric Alberty,Patient Care Assistant,20297.21,66.67,1690.15,12002.39,22054.03,34056.42,2012
Albert Sandoval,Clerk,19784.46,4173.78,0.0,7944.74,23958.24,31902.98,2012
Alberto Lopez,Senior Physician Specialist,0.0,0.0,17954.45,2215.95,17954.45,20170.4,2012
Richard Talbert,Custodian,11684.18,0.0,346.84,6853.48,12031.02,18884.5,2012
Alberto Aparicio,Med Examiner's Investigator I,16702.51,193.92,133.78,1405.15,17030.21,18435.36,2012
Albert Buchanan,Special Nurse,17168.3,930.75,0.0,243.86,18099.05,18342.91,2012
Albert Malbrough,Environmental Service Worker,12015.41,188.31,0.0,1094.75,12203.72,13298.47,2012
Alberto Aurellano,Licensed Vocational Nurse,11479.77,346.68,359.87,1042.85,12186.32,13229.17,2012
Albert Johnson,Recreation Leader,7369.12,0.0,308.02,5069.9,7677.14,12747.04,2012
Michelle Talbert,Environmental Service Worker,7672.2,45.6,1775.32,2235.96,9493.12,11729.08,2012
Talbert Webb,Security Guard,8588.91,0.0,0.0,2708.47,8588.91,11297.38,2012
Albert Washington,Public Svc Aide-Public Works,10091.4,0.0,202.15,798.96,10293.55,11092.51,2012
Albert Muscat,Public Svc Aide-Public Works,5778.8,0.0,128.34,458.74,5907.14,6365.88,2012
Albert Smith,Recreation Leader,2263.37,0.0,101.89,183.78,2365.26,2549.04,2012
Albert A Pardini,Captain 3,206820.01,0.0,18047.31,55170.95,224867.32,280038.27,2013
Albert R Cendana,Senior Physician Specialist,185552.73,0.0,40147.9,53532.0,225700.63,279232.63,2013
Albert  Yu,Manager VIII,211220.48,0.0,10555.0,54550.48,221775.48,276325.96,2013
Albert H Holt Jr,Senior Physician Specialist,177839.63,0.0,26676.38,51778.28,204516.01,256294.29,2013
Alberto A Pedruco,"Lieutenant, Fire Suppression",135902.95,50815.36,13250.04,44705.86,199968.35,244674.21,2013
Albert D Bronson Jr,Firefighter,115893.45,65724.05,18314.24,41044.36,199931.74,240976.1,2013
Albert B Waters II,Chief Deputy Sheriff,166164.56,6182.48,17351.49,48140.33,189698.53,237838.86,2013
Albert  Lum,Inspector 3,68991.06,11381.07,132941.31,19452.79,213313.44,232766.23,2013
Peter A Albert,"Manager VII, MTA",164032.0,0.0,5000.0,54642.48,169032.0,223674.48,2013
Albert N Lee,Sergeant 3,143289.11,12500.93,22312.66,42732.94,178102.7,220835.64,2013
Albert J Johnson Jr,Police Officer 2,121068.0,53116.33,7871.31,36571.11,182055.64,218626.75,2013
Albert K Lieu,Police Officer 3,123471.01,36176.76,19082.06,37049.36,178729.83,215779.19,2013
Albert  Hom,Sprv Electronic Main Tech,122137.53,38116.34,8464.0,37419.51,168717.87,206137.38,2013
Alberto V Oliveros,Registered Nurse,129240.85,7943.1,20449.23,40008.31,157633.18,197641.49,2013
Albert  Ko,Eng/Arch/Landscape Arch Sr,153291.53,0.0,0.0,43425.41,153291.53,196716.94,2013
Albert C Hom,"Insp, Fire Dept",139644.0,6887.15,8378.64,41539.01,154909.79,196448.8,2013
Albert W Jang,Senior Deputy Sheriff,105432.61,38128.03,13566.14,36703.93,157126.78,193830.71,2013
Alberto A Duarte,Police Officer,116478.18,35728.69,1831.03,35726.83,154037.9,189764.73,2013
Alberto G Jaime Lopez,Firefighter,102003.45,30390.39,15810.35,40052.48,148204.19,188256.67,2013
Albert  Hoe,Eng/Arch/Landscape Arch Sr,139478.04,0.0,5462.91,41909.9,144940.95,186850.85,2013
Albert J Encinas,Police Officer 3,123471.2,16739.72,8557.28,37055.22,148768.2,185823.42,2013
Albert K Tom,Electronic Maintenance Tech,105509.2,44320.6,180.0,34406.58,150009.8,184416.38,2013
Alberto  Esparza,Police Officer 2,121068.01,7470.44,17811.28,36853.11,146349.73,183202.84,2013
Alberto J Miranda,Police Officer 3,128556.0,2787.75,9942.43,39450.49,141286.18,180736.67,2013
Albert  Tom,Engineer,134364.91,0.0,5492.16,40759.37,139857.07,180616.44,2013
Albertina M Prins,Nurse Practitioner,136440.51,0.0,2113.76,40997.16,138554.27,179551.43,2013
Albert S Fang,Engineer,132401.55,0.0,3634.51,40119.96,136036.06,176156.02,2013
Albert  Huang,Electronic Maintenance Tech,105504.91,23324.48,11695.11,35194.2,140524.5,175718.7,2013
Albert K Wong,Engineer,132401.52,0.0,0.0,39396.66,132401.52,171798.18,2013
Albert  Velasco,Assoc Engineer,117034.64,0.0,2546.62,36888.28,119581.26,156469.54,2013
Albert K Lee,Sr Environmental Hlth Insp,112955.17,0.0,0.0,35572.43,112955.17,148527.6,2013
Albert  Leong,Housing Inspector,110296.5,0.0,2205.12,35509.48,112501.62,148011.1,2013
Albert K Broohm,Stationary Engineer,78473.5,20894.03,15655.47,30474.49,115023.0,145497.49,2013
Albert T Lew,Deputy Sheriff,95119.5,2325.8,13074.86,34657.9,110520.16,145178.06,2013
Albert  Larcina,Bldg & Grounds Maint Sprv,92911.23,5288.95,11550.04,33588.66,109750.22,143338.88,2013
Albert J Mai,Automotive Mechanic,79283.5,22152.24,2601.56,29935.4,104037.3,133972.7,2013
Alberto A Guadamuz,Transit Operator,68267.98,22564.9,7852.96,35072.48,98685.84,133758.32,2013
Albert G Deguzman,Museum Sec Supv,68391.0,27457.72,9377.97,28451.32,105226.69,133678.01,2013
Jocelle D Alberto,IS Business Analyst-Senior,99540.4,0.0,0.0,33537.88,99540.4,133078.28,2013
Albert J Ujcic,Water Service Inspector,99473.5,0.0,0.0,33463.52,99473.5,132937.02,2013
Albert W Ng,Electrical Transit System Mech,82681.51,13798.15,2670.0,30636.93,99149.66,129786.59,2013
Alberto J Herrera,Engineering Associate 2,94102.53,1681.7,0.0,32400.37,95784.23,128184.6,2013
Albert T Williams,Transit Operator,67780.26,18446.43,6757.42,34535.79,92984.11,127519.9,2013
Albert I Chin,Diagnostic Imaging Tech I,85746.48,474.3,7446.63,33050.85,93667.41,126718.26,2013
Elenita I Alberto,Engineering Associate 2,94102.52,0.0,0.0,32400.38,94102.52,126502.9,2013
Jason M Albertson,Psychiatric Social Worker,90693.01,414.62,2186.49,31698.05,93294.12,124992.17,2013
Albert E Cheng,Transit Operator,66923.02,23053.19,2037.49,32824.67,92013.7,124838.37,2013
Albert A Bok,Psychiatric Social Worker,90693.04,0.0,648.0,31825.42,91341.04,123166.46,2013
Alberto  Perez,Transit Operator,65655.06,14484.32,4824.74,32998.95,84964.12,117963.07,2013
Albert  Tam,Senior Eligibility Worker,75033.0,11408.11,2148.0,28986.57,88589.11,117575.68,2013
Jabari L Albert,Transit Operator,67417.5,13361.09,1699.73,33814.24,82478.32,116292.56,2013
Alberto  Argente,Administrative Analyst,85185.04,0.0,0.0,30595.11,85185.04,115780.15,2013
Albert T Hao,Construction Inspector,84494.57,0.0,0.0,30525.94,84494.57,115020.51,2013
Albert K Hsiung,Program Specialist,83160.0,0.0,0.0,30189.49,83160.0,113349.49,2013
Albert  Glenn,"Station Agent, Muni Railway",80379.0,2147.9,1013.25,29801.56,83540.15,113341.71,2013
Albert G Lee,Transit Operator,69002.79,509.32,7605.7,35347.34,77117.81,112465.15,2013
Albert A Santoyo,Transit Car Cleaner,61128.0,12703.55,10248.87,27787.21,84080.42,111867.63,2013
Joseph S Alberto,Administrative Analyst,81445.17,0.0,0.0,29203.53,81445.17,110648.7,2013
Ruby G Alberto,Deputy Court Clerk II,74815.4,0.0,6502.29,29107.71,81317.69,110425.4,2013
Alberto  De Gracia Sanchez,Painter,77948.01,0.0,1843.0,29516.66,79791.01,109307.67,2013
Albert C Tam,Pr Payroll & Personnel Clerk,78163.97,2287.09,0.0,28594.21,80451.06,109045.27,2013
Albert J Tuipulotu,Police Officer,78249.32,2235.73,856.91,27616.57,81341.96,108958.53,2013
Alberto  Ortega,IT Operations Support Admin II,70564.0,2146.7,3786.8,28428.76,76497.5,104926.26,2013
Alberto E Manongdo,Senior Eligibility Worker,75033.05,0.0,648.0,28689.26,75681.05,104370.31,2013
Albert  Chin,Senior Parking Control Officer,61776.51,11796.47,2239.37,26373.14,75812.35,102185.49,2013
Albert G Bartolome,Patient Care Assistant,57243.24,15939.69,4898.27,23910.46,78081.2,101991.66,2013
Alberto  Reyes Jr,General Laborer,43822.52,28953.86,1927.85,22436.36,74704.23,97140.59,2013
Albert  Turner,Child Support Officer II,69607.8,0.0,592.62,26349.96,70200.42,96550.38,2013
Albert D Leanillo,X-Ray Laboratory Aide,66111.41,1178.6,866.28,26903.74,68156.29,95060.03,2013
Alberto B Ramos,Eligibility Worker,65448.0,1158.99,0.0,26642.48,66606.99,93249.47,2013
Albert  Dong,Parking Control Officer,59201.4,247.39,5494.15,26468.21,64942.94,91411.15,2013
Alberto  Zapata,General Laborer,62468.55,1520.61,1135.08,26273.46,65124.24,91397.7,2013
Gualberto L Lacebal Jr,Museum Guard,55471.54,9653.51,1841.34,23700.98,66966.39,90667.37,2013
Albert T Hardy,Recreation Coordinator,62421.33,0.0,837.6,26199.03,63258.93,89457.96,2013
Albert  Garcia,Assistant Storekeeper,52542.02,9639.97,1133.45,25871.39,63315.44,89186.83,2013
Albert B Mabrie,Transit Operator,55610.66,88.56,4511.3,28029.48,60210.52,88240.0,2013
Albert  Khoo,Custodial Assistant Supervisor,60534.03,570.6,396.49,25738.61,61501.12,87239.73,2013
Albert H Luu,Health Worker 2,59259.0,37.72,1620.0,26290.62,60916.72,87207.34,2013
Albert Y Tan,Custodian,49729.4,2783.94,4346.06,26507.28,56859.4,83366.68,2013
Albert W Mar,Eligibility Worker,56228.1,0.0,0.0,26519.41,56228.1,82747.51,2013
Albert Q Quiton,Transit Operator,43214.59,16646.98,1924.7,20907.39,61786.27,82693.66,2013
Albert S Chin,Senior Clerk,51817.41,4589.59,0.0,26008.11,56407.0,82415.11,2013
Albert P Pope,Parking Control Officer,44762.21,9549.21,2634.3,23960.1,56945.72,80905.82,2013
Albert L Davis,General Laborer Supervisor 1,54022.97,521.34,3179.12,22206.25,57723.43,79929.68,2013
Alberto R Ramirez,Porter,46516.0,5900.42,0.0,24224.77,52416.42,76641.19,2013
Reanna  Albert,Senior Clerk,50005.0,0.0,0.0,25541.45,50005.0,75546.45,2013
Albert F Sng,Library Page,49159.45,0.0,661.26,25032.47,49820.71,74853.18,2013
Alberto  Villarina,Lighting Fixture Maint Worker,47647.29,0.0,232.0,21198.94,47879.29,69078.23,2013
Iria L Talbert,Senior Clerk,41223.37,243.27,0.0,22918.05,41466.64,64384.69,2013
Albert  Malbrough,Environmental Service Worker,37316.22,229.64,179.73,19138.32,37725.59,56863.91,2013
Alberto V Oliveros,Special Nurse,30842.3,0.0,6422.46,6183.93,37264.76,43448.69,2013
Dianne J Alberto,PS Aide to Prof,27432.04,0.0,0.0,15973.55,27432.04,43405.59,2013
Eric T Alberty,Patient Care Assistant,23685.42,949.41,1960.03,12075.09,26594.86,38669.95,2013
Albert  Buchanan,Special Nurse,37230.0,930.75,0.0,0.0,38160.75,38160.75,2013
Alberto A Montoya,Transit Operator,24244.8,1437.44,625.32,11508.11,26307.56,37815.67,2013
Albert  Yim,Community Police Services Aide,21147.0,393.24,1178.09,10336.05,22718.33,33054.38,2013
Albert  Johnson,Recreation Leader,15800.18,0.0,778.13,9742.94,16578.31,26321.25,2013
Albert M Sandoval,Carpenter,18518.8,0.0,0.0,6904.16,18518.8,25422.96,2013
Albert L Burleson,Transit Operator,14362.97,4101.5,58.64,6807.63,18523.11,25330.74,2013
Albert T.H  Au Yeung,Transit Operator,11465.25,297.52,100.5,6984.64,11863.27,18847.91,2013
Alberto R Aurellano,Licensed Vocational Nurse,16058.33,1317.44,391.18,177.67,17766.95,17944.62,2013
Albert  Sandoval,Clerk,8092.8,853.54,0.0,2238.34,8946.34,11184.68,2013
Alberto F Aparicio,Med Examiner's Investigator I,9639.88,22.45,0.0,96.64,9662.33,9758.97,2013
Kevin M Alberto,General Laborer,,0.0,4204.92,0.0,4204.92,4204.92,2013
Talbert H Webb,Security Guard,,0.0,3817.01,0.0,3817.01,3817.01,2013
Albert P Salerno,District Attry's Investigator,3504.55,0.0,0.0,0.0,3504.55,3504.55,2013
Albert T Smith,Recreation Leader,2514.38,0.0,123.75,26.4,2638.13,2664.53,2013
Richard A Talbert,Custodian,152.85,0.0,0.0,220.83,152.85,373.68,2013
Albert Yu,Manager VIII,231435.01,0.0,0.0,71499.66,231435.01,302934.67,2014
Albert R Cendana,Senior Physician Specialist,184433.98,0.0,38465.19,57759.4,222899.17,280658.57,2014
Albert A Pardini,Captain 3,188436.01,0.0,16890.23,54884.21,205326.24,260210.45,2014
Albert H Holt Jr,Senior Physician Specialist,173442.54,0.0,26016.38,55056.68,199458.92,254515.6,2014
Albert B Waters Ii,Chief Deputy Sheriff,161854.52,9441.41,18753.9,50388.52,190049.83,240438.35,2014
Albert W Jang,Senior Deputy Sheriff,104411.0,74959.03,15684.62,39085.41,195054.65,234140.06,2014
Albert D Bronson Jr,Firefighter,112703.73,50227.68,18349.71,43401.83,181281.12,224682.95,2014
Alberto A Pedruco,"Lieutenant, Fire Suppression",128141.01,37924.1,11440.32,45689.12,177505.43,223194.55,2014
Peter A Albert,"Manager VII, MTA",164805.0,0.0,0.0,57776.8,164805.0,222581.8,2014
Albert N Lee,Sergeant 3,137982.14,14136.39,15459.42,43937.09,167577.95,211515.04,2014
Albert J Johnson Jr,Police Officer 2,116584.0,45892.82,5037.7,38350.37,167514.52,205864.89,2014
Albert K Lieu,Police Officer 3,118898.02,23043.87,20928.14,38837.62,162870.03,201707.65,2014
Albert Hoe,Eng/Arch/Landscape Arch Sr,148396.23,0.0,5752.47,46808.09,154148.7,200956.79,2014
Albert Hom,Sprv Electronic Main Tech,120910.01,28260.12,10290.0,39837.92,159460.13,199298.05,2014
Albert Ko,Eng/Arch/Landscape Arch Sr,151730.01,0.0,0.0,46271.62,151730.01,198001.63,2014
Albert C Hom,"Insp, Fire Dept",134472.0,11101.69,8068.32,43702.56,153642.01,197344.57,2014
Alberto G Jaime Lopez,Firefighter,104145.22,31813.27,16983.62,43983.38,152942.11,196925.49,2014
Alberto V Oliveros,Registered Nurse,129099.51,5270.72,19537.99,39369.64,153908.22,193277.86,2014
Albert J Encinas,Police Officer 3,118898.13,25907.16,7883.02,38839.63,152688.31,191527.94,2014
Alberto A Duarte,Police Officer,112164.19,33726.72,4517.52,37437.98,150408.43,187846.41,2014
Albert Huang,Electronic Maintenance Tech,105252.2,35823.68,5871.68,36638.18,146947.56,183585.74,2014
Alberto Esparza,Police Officer 2,116584.0,5911.55,20087.93,38749.32,142583.48,181332.8,2014
Albertina M Prins,Nurse Practitioner,134801.01,0.0,2253.64,42800.35,137054.65,179855.0,2014
Albert S Fang,Engineer,131133.24,0.0,5352.22,43021.95,136485.46,179507.41,2014
Albert Tom,Engineer,131071.02,0.0,0.0,41858.98,131071.02,172930.0,2014
Albert K Tom,Electronic Maintenance Tech,104847.61,27672.9,290.0,36886.9,132810.51,169697.41,2014
Albert Velasco,Engineer,122559.01,0.0,0.0,40049.73,122559.01,162608.74,2014
Alberto J Miranda,Police Officer 3,94875.15,4036.51,31365.35,31542.7,130277.01,161819.71,2014
Albert K Broohm,Stationary Engineer,78607.01,34003.99,15407.27,32063.15,128018.27,160081.42,2014
Albert Y Liu,Senior Physician Specialist,120224.0,0.0,0.0,36216.21,120224.0,156440.21,2014
Albert Leong,Electrical Inspector,109163.0,0.0,2183.24,37645.93,111346.24,148992.17,2014
Albert T Lew,Deputy Sheriff,92384.5,4711.6,12202.46,36142.43,109298.56,145440.99,2014
Albert J Tuipulotu,Police Officer,88842.11,17066.37,3184.1,34528.63,109092.58,143621.21,2014
Jocelle D Alberto,IS Business Analyst-Senior,106240.2,0.0,0.0,36834.86,106240.2,143075.06,2014
Albert I Chin,Diagnostic Imaging Tech I,91643.24,5600.32,8275.85,36710.8,105519.41,142230.21,2014
Albert W Ng,Electrical Transit System Mech,81830.0,11786.0,8069.57,33516.01,101685.57,135201.58,2014
Albert J Ujcic,Water Service Inspector,98485.0,0.0,0.0,35386.42,98485.0,133871.42,2014
Albert J Mai,Automotive Mechanic,76630.78,17437.72,7396.96,31962.59,101465.46,133428.05,2014
Alberto A Guadamuz,Transit Operator,65773.39,23141.2,7629.72,36254.36,96544.31,132798.67,2014
Alberto J Herrera,Engineering Associate 2,93156.01,4670.75,0.0,34222.04,97826.76,132048.8,2014
Albert G Deguzman,Museum Sec Supv,66739.76,29056.22,5404.68,29377.05,101200.66,130577.71,2014
Jason M Albertson,Psychiatric Social Worker,90185.01,0.0,3803.83,33699.05,93988.84,127687.89,2014
Elenita I Alberto,Engineering Associate 2,93156.05,0.0,0.0,34222.04,93156.05,127378.09,2014
Albert T Hao,Construction Inspector,90678.91,1048.04,0.0,33689.5,91726.95,125416.45,2014
Albert A Bok,Psychiatric Social Worker,90185.01,0.0,624.0,33709.29,90809.01,124518.3,2014
Albert A Santoyo,Transit Car Cleaner,60758.47,23212.24,8896.11,29082.58,92866.82,121949.4,2014
Albert E Cheng,Transit Operator,64972.78,17879.67,1409.33,34022.56,84261.78,118284.34,2014
Alberto Perez,Transit Operator,65122.91,8910.31,7355.04,35841.59,81388.26,117229.85,2014
Joseph S Alberto,Administrative Analyst,84659.04,0.0,0.0,32365.18,84659.04,117024.22,2014
Alberto Argente,Administrative Analyst,84659.0,0.0,0.0,32365.16,84659.0,117024.16,2014
Jabari L Albert,Transit Operator,66156.55,7803.59,5950.69,36756.95,79910.83,116667.78,2014
Albert K Hsiung,Program Specialist,82589.02,0.0,15.0,31916.13,82604.02,114520.15,2014
Albert B Mabrie,Transit Supervisor,73642.11,1978.42,6766.17,31682.62,82386.7,114069.32,2014
Albert C Tam,Pr Payroll & Personnel Clerk,81484.83,698.5,0.0,31674.14,82183.33,113857.47,2014
Albert Glenn,"Station Agent, Muni Railway",79320.06,2575.68,364.04,31150.12,82259.78,113409.9,2014
Albert G Bartolome,Patient Care Assistant,67541.92,8650.16,6358.77,29876.07,82550.85,112426.92,2014
Albert G Lee,Transit Operator,66416.42,5053.52,5079.18,35835.93,76549.12,112385.05,2014
Alberto De Gracia Sanchez,Painter,77175.0,0.0,2223.0,31215.39,79398.0,110613.39,2014
Albert Chin,Senior Parking Control Officer,65806.41,11241.92,1469.85,28541.02,78518.18,107059.2,2014
Albert Turner,Child Support Officer II,72239.44,0.0,595.36,29163.06,72834.8,101997.86,2014
Alberto B Ramos,HSA Sr Eligibility Worker,67980.13,0.0,312.0,28747.38,68292.13,97039.51,2014
Albert D Leanillo,X-Ray Laboratory Aide,65698.99,856.25,883.99,28359.99,67439.23,95799.22,2014
Albert K Lee,Sr Environmental Hlth Insp,57755.38,0.0,16965.6,19249.66,74720.98,93970.64,2014
Albert Dong,Parking Control Officer,59555.2,0.0,5683.88,28092.83,65239.08,93331.91,2014
Alberto Zapata,General Laborer,61818.01,2114.17,1116.67,27617.34,65048.85,92666.19,2014
Alberto E Manongdo,HSA Sr Eligibility Worker,64999.37,0.0,543.6,26373.72,65542.97,91916.69,2014
Albert T Hardy,Recreation Coordinator,62936.49,0.0,479.48,27725.92,63415.97,91141.89,2014
Gualberto L Lacebal Jr,Museum Guard,54294.52,12457.96,82.61,24212.03,66835.09,91047.12,2014
Albert Garcia,Assistant Storekeeper,52227.0,10168.88,1089.08,27347.93,63484.96,90832.89,2014
Albert S Chin,Senior Clerk,54166.8,8266.95,0.0,28186.13,62433.75,90619.88,2014
Albert Khoo,Custodial Assistant Supervisor,60175.02,1660.7,573.78,27139.93,62409.5,89549.43,2014
Albert P Pope,Parking Control Officer,47311.43,10171.06,5254.09,25850.68,62736.58,88587.26,2014
Albert W Mar,HSA Sr Eligibility Worker,60194.86,0.0,283.0,27693.2,60477.86,88171.06,2014
Albert Y Tan,Custodian,51976.8,2661.63,4500.33,28734.58,59138.76,87873.34,2014
Albert Yim,Community Police Services Aide,55007.03,467.83,3458.25,28201.9,58933.11,87135.01,2014
Reanna Albert,Junior Administrative Analyst,55352.02,0.0,0.0,27514.91,55352.02,82866.93,2014
Albert Tam,HSA Sr Eligibility Worker,51271.01,7807.68,1500.98,20891.04,60579.67,81470.71,2014
Alberto Villarina,Lighting Fixture Maint Worker,54593.0,0.0,228.0,25844.47,54821.0,80665.47,2014
Albert H Luu,Health Worker 2,52897.94,342.15,1680.0,24747.53,54920.09,79667.62,2014
Dianne J Alberto,Junior Administrative Analyst,49272.09,0.0,0.0,26700.49,49272.09,75972.58,2014
Albert F Sng,Library Page,48662.81,0.0,638.91,26332.76,49301.72,75634.48,2014
Albert L Davis,General Laborer Supervisor 1,58041.13,815.97,1493.08,14279.89,60350.18,74630.07,2014
Albert T Williams,Transit Operator,43273.96,3763.73,3102.67,23241.76,50140.36,73382.12,2014
Iria L Talbert,Senior Clerk,45279.52,2036.05,0.0,25292.58,47315.57,72608.15,2014
Alberto R Ramirez,Porter,43461.03,840.3,0.0,23368.68,44301.33,67670.01,2014
Alberto Reyes Jr,General Laborer,37381.2,6731.69,1147.19,19970.34,45260.08,65230.42,2014
Alberto V Oliveros,Special Nurse,43534.91,1218.94,10460.79,9150.97,55214.64,64365.61,2014
Albert Malbrough,Environmental Service Worker,38309.0,137.69,1602.77,21324.84,40049.46,61374.3,2014
Alberto A Montoya,Transit Operator,36270.92,1759.97,442.02,18988.87,38472.91,57461.78,2014
Alberto Ortega,IT Operations Support Admin II,35964.5,943.16,4623.3,15126.51,41530.96,56657.47,2014
Albert Larcina,Bldg & Grounds Maint Sprv,33545.1,1526.76,8525.39,12487.07,43597.25,56084.32,2014
Albert M Sandoval,Carpenter,32486.68,0.0,302.5,12608.26,32789.18,45397.44,2014
Albert Buchanan,Special Nurse,38311.78,0.0,0.0,0.0,38311.78,38311.78,2014
Albert Q Quiton,Transit Operator,22097.16,2937.56,1390.08,11815.93,26424.8,38240.73,2014
Albert K Wong,Engineer,14881.0,0.0,16241.04,4697.84,31122.04,35819.88,2014
Albert Sandoval,Clerk,23871.0,2748.74,0.0,266.19,26619.74,26885.93,2014
Alberto F Aparicio,Med Examiner's Investigator I,22319.63,508.39,0.0,228.29,22828.02,23056.31,2014
Albert Johnson,Recreation Leader,11982.75,0.0,718.73,7801.33,12701.48,20502.81,2014
Alberto I Benejam,"StdntDsgnTrain3, Arch/Eng/Plng",15774.45,0.0,0.0,157.73,15774.45,15932.18,2014
Albert V Collins,Public Svc Aide-Public Works,12084.9,0.0,4.55,120.88,12089.45,12210.33,2014
Albertina A Young,PS Aide to Prof,11381.29,0.0,0.0,113.78,11381.29,11495.07,2014
Albert L Burleson,Transit Operator,6802.31,0.0,0.0,3520.26,6802.31,10322.57,2014
Albert Kong,Custodian,4422.78,0.0,0.0,44.24,4422.78,4467.02,2014
Albert F Wilson,Automotive Machinist,3942.2,0.0,36.0,39.78,3978.2,4017.98,2014
Alberto Carreno,Public Svc Aide-Public Works,2661.64,0.0,25.14,26.87,2686.78,2713.65,2014
Eric T Alberty,Patient Care Assistant,1231.46,0.0,209.91,636.94,1441.37,2078.31,2014
Alberta Katelin R Long,PS Aide to Prof,1520.75,0.0,0.0,15.21,1520.75,1535.96,2014
Richard A Talbert,Custodian,0.0,0.0,0.0,0.0,0.0,0.0,2014
Albert Yu,Manager VIII,244146.0,0.0,0.0,65988.93,244146.0,310134.93,2015
Albert R Cendana,Senior Physician Specialist,204957.99,0.0,42293.8,62087.31,247251.79,309339.1,2015
Albert H Holt Jr,Senior Physician Specialist,192829.52,0.0,28924.45,59271.32,221753.97,281025.29,2015
Albert B Waters Ii,Chief Deputy Sheriff,172540.05,10646.4,19929.41,59404.37,203115.86,262520.23,2015
Alberto A Pedruco,"Lieutenant, Fire Suppression",130329.32,70413.62,16853.87,43917.52,217596.81,261514.33,2015
Albert Y Liu,Senior Physician Specialist,201586.6,0.0,0.0,58288.69,201586.6,259875.29,2015
Peter A Albert,"Manager VIII, MTA",171739.02,0.0,0.0,50640.69,171739.02,222379.71,2015
Albert D Bronson Jr,Firefighter,113264.62,53821.74,15142.52,39508.99,182228.88,221737.87,2015
Albert W Jang,Senior Deputy Sheriff,108383.23,50598.12,17173.12,43902.67,176154.47,220057.14,2015
Albert Hoe,Eng/Arch/Landscape Arch Sr,156746.05,0.0,6337.28,45732.03,163083.33,208815.36,2015
Albert C Hom,"Insp, Fire Dept",135115.5,21902.51,10498.92,41051.92,167516.93,208568.85,2015
Alberto V Oliveros,Registered Nurse,138183.08,8321.28,20815.29,39720.92,167319.65,207040.57,2015
Albert N Lee,Sergeant 3,140411.19,7434.28,13433.09,42809.25,161278.56,204087.81,2015
Albert J Johnson Jr,Police Officer 2,117129.71,47456.52,2867.2,36444.85,167453.43,203898.28,2015
Albert Ko,Eng/Arch/Landscape Arch Sr,156746.05,0.0,0.0,44453.87,156746.05,201199.92,2015
Albert K Lieu,Police Officer 3,120130.32,23896.24,17292.3,36885.7,161318.86,198204.56,2015
Albert J Encinas,Police Officer 3,119802.77,29960.81,7483.89,36887.76,157247.47,194135.23,2015
Albert Hom,Sprv Electronic Main Tech,125004.01,18858.28,10170.0,39948.94,154032.29,193981.23,2015
Albertina M Prins,Nurse Practitioner,147148.95,0.0,2132.83,43311.45,149281.78,192593.23,2015
Albert S Fang,Engineer,135421.0,0.0,4996.14,41165.09,140417.14,181582.23,2015
Alberto G Jaime Lopez,Firefighter,108687.52,12584.62,18315.45,41559.34,139587.59,181146.93,2015
Alberto Esparza,Police Officer 2,119294.19,6600.16,16423.31,38223.88,142317.66,180541.54,2015
Albert Huang,Electronic Maintenance Tech,108038.0,33056.41,1288.08,35962.75,142382.49,178345.24,2015
Albert K Tom,Electronic Maintenance Tech,108038.0,30795.66,35.09,37315.69,138868.75,176184.44,2015
Albert Tom,Engineer,135421.02,0.0,0.0,40160.94,135421.02,175581.96,2015
Alberto A Duarte,Police Officer,113765.22,22666.44,1022.17,35542.96,137453.83,172996.79,2015
Albert Velasco,Engineer,132923.26,0.0,0.0,39618.29,132923.26,172541.55,2015
Albert T Lew,Deputy Sheriff,97765.11,9189.59,13359.58,41952.24,120314.28,162266.52,2015
Albert I Chin,Diagnostic Imaging Tech II,106214.49,6633.48,9539.71,38208.75,122387.68,160596.43,2015
Albert J Tuipulotu,Police Officer,98565.12,23302.95,1063.16,34685.76,122931.23,157616.99,2015
Albert Leong,Electrical Inspector,112776.0,0.0,2255.52,37802.11,115031.52,152833.63,2015
Jocelle D Alberto,IS Business Analyst-Principal,114835.28,0.0,0.0,35894.82,114835.28,150730.1,2015
Albert K Broohm,Stationary Engineer,85004.0,25058.77,7710.38,31219.26,117773.15,148992.41,2015
Albert J Mai,Maintenance Controller,82413.0,19775.84,5468.27,32531.41,107657.11,140188.52,2015
Albert J Ujcic,Water Service Inspector,101733.0,0.0,0.0,36287.53,101733.0,138020.53,2015
Albert G Deguzman,Museum Sec Supv,70245.0,30320.13,6354.66,28852.42,106919.79,135772.21,2015
Albert T Hao,Construction Inspector,98366.22,2917.29,0.0,33020.13,101283.51,134303.64,2015
Alberto J Herrera,Engineering Associate 2,96519.97,1552.07,0.0,32659.69,98072.04,130731.73,2015
Elenita I Alberto,Engineering Associate 2,96254.03,0.0,0.0,32610.19,96254.03,128864.22,2015
Alberto A Guadamuz,Transit Supervisor,70128.95,17389.54,5931.51,33049.68,93450.0,126499.68,2015
Albert A Bok,Behavioral Health Clinician,93281.01,0.0,624.0,32497.47,93905.01,126402.48,2015
Albert E Cheng,Transit Operator,68845.27,20765.17,2966.96,33534.59,92577.4,126111.99,2015
Albert A Santoyo,Transit Car Cleaner,62811.0,22221.2,9316.15,28130.42,94348.35,122478.77,2015
Albert Chin,Senior Parking Control Officer,71440.4,19158.26,765.53,28088.61,91364.19,119452.8,2015
Albert C Tam,Pr Payroll & Personnel Clerk,85778.25,2064.91,0.0,30846.71,87843.16,118689.87,2015
Joseph S Alberto,Administrative Analyst,87002.32,0.0,0.0,31003.87,87002.32,118006.19,2015
Alberto Perez,Transit Operator,67325.48,8653.01,7716.92,34170.69,83695.41,117866.1,2015
Albert K Hsiung,Program Specialist Supervisor,85368.06,0.0,0.0,30722.79,85368.06,116090.85,2015
Albert Glenn,"Station Agent, Muni Railway",81401.96,2470.5,735.19,29967.28,84607.65,114574.93,2015
Albert G Bartolome,Patient Care Assistant,70236.61,6243.53,6556.92,28841.35,83037.06,111878.41,2015
Albert Q Quiton,Transit Operator,60133.53,13548.76,6206.2,30412.31,79888.49,110300.8,2015
Albert A Pardini,Captain 3,0.0,0.0,109631.84,0.0,109631.84,109631.84,2015
Alberto Argente,Administrative Analyst,80281.25,0.0,0.0,28769.16,80281.25,109050.41,2015
Albert G Lee,Transit Operator,67425.5,2625.88,5386.97,33549.49,75438.35,108987.84,2015
Albert Turner,Child Support Officer II,78204.02,0.0,624.0,29347.0,78828.02,108175.02,2015
Alberto De Gracia Sanchez,Painter,75457.35,0.0,1830.75,29595.08,77288.1,106883.18,2015
Alberto E Manongdo,HSA Sr Eligibility Worker,77071.07,0.0,624.0,29117.72,77695.07,106812.79,2015
Albert B Mabrie,Transit Operator,60182.89,14503.08,3344.64,27556.26,78030.61,105586.87,2015
Albert M D'Hoste,Project Manager 2,81375.0,0.0,0.0,23160.72,81375.0,104535.72,2015
Alberto B Ramos,HSA Sr Eligibility Worker,75408.57,0.0,200.0,28615.25,75608.57,104223.82,2015
Alberto Zapata,General Laborer Supervisor 1,68151.0,5608.1,1004.58,27054.41,74763.68,101818.09,2015
Albert Yim,Community Police Services Aide,59694.01,7289.48,4456.86,28089.21,71440.35,99529.56,2015
Jabari L Albert,Transit Operator,57737.16,5436.85,4922.14,30386.52,68096.15,98482.67,2015
Justine Eileen I Alberto,Pr Administrative Analyst,80391.36,0.0,0.0,16912.8,80391.36,97304.16,2015
Albert D Leanillo,Diagnostic Imaging Assistant,67237.49,2229.21,867.96,26935.09,70334.66,97269.75,2015
Gualberto L Lacebal Jr,Museum Guard,55184.13,14006.99,3911.08,23582.55,73102.2,96684.75,2015
Albert T Hardy,Aquatics Facility Supervisor,67691.2,0.0,735.29,27150.99,68426.49,95577.48,2015
Albert Y Tan,Custodian,56397.1,3209.27,5118.81,27435.61,64725.18,92160.79,2015
Albert S Chin,Senior Clerk,56120.03,7541.91,0.0,26222.77,63661.94,89884.71,2015
Albert Garcia,Assistant Storekeeper,53973.02,7852.55,1105.39,26216.27,62930.96,89147.23,2015
Albert P Pope,Parking Control Officer,51325.3,12331.44,354.7,24418.79,64011.44,88430.23,2015
Albert W Ng,Electrical Transit System Mech,43982.41,16316.35,8920.74,18658.42,69219.5,87877.92,2015
Dianne J Alberto,Administrative Analyst,60880.08,0.0,0.0,26829.08,60880.08,87709.16,2015
Albert Dong,Parking Control Officer,56804.74,0.0,5349.85,24953.08,62154.59,87107.67,2015
Reanna Albert,Junior Administrative Analyst,60173.04,0.0,0.0,26030.19,60173.04,86203.23,2015
Albert W Mar,HSA Sr Eligibility Worker,58531.45,0.0,0.0,24487.02,58531.45,83018.47,2015
Alberto Villarina,Lighting Fixture Maint Worker,56406.0,0.0,192.0,26146.27,56598.0,82744.27,2015
Albert H Luu,Health Worker 2,54894.62,0.0,1380.0,23741.01,56274.62,80015.63,2015
Iria L Talbert,Senior Clerk,49218.46,5012.6,0.0,24776.86,54231.06,79007.92,2015
Albert F Sng,Library Page,50308.02,0.0,663.1,25208.04,50971.12,76179.16,2015
Hallie B Albert,EEO Senior Specialist,54918.77,0.0,0.0,18702.09,54918.77,73620.86,2015
Alberto V Oliveros,Special Nurse,47870.17,3557.38,11916.5,8775.61,63344.05,72119.66,2015
Alberto R Ramirez,Porter,46017.07,1312.2,0.0,23471.85,47329.27,70801.12,2015
Alberto A Montoya,Transit Operator,24621.26,16.67,539.0,21389.12,25176.93,46566.05,2015
Jason M Albertson,Psychiatric Social Worker,20480.7,528.95,16996.1,7423.13,38005.75,45428.88,2015
Albert Kong,Custodian,33255.38,1783.56,350.0,3630.38,35388.94,39019.32,2015
Albert L Davis,General Laborer Supervisor 1,24046.22,0.0,314.6,14091.06,24360.82,38451.88,2015
Alberta Katelin R Long,PS Aide to Prof,23526.74,0.0,0.0,8381.46,23526.74,31908.2,2015
Alberto M Roman,IS Engineer-Assistant,22060.0,0.0,0.0,7252.05,22060.0,29312.05,2015
Albertina A Young,PS Aide to Prof,19864.75,0.0,0.0,9215.06,19864.75,29079.81,2015
Albert Johnson,Recreation Leader,15653.67,0.0,870.86,11655.1,16524.53,28179.63,2015
Albert S Gutierrez,Public Service Trainee,16784.25,0.0,0.0,8056.39,16784.25,24840.64,2015
Alberto I Benejam,"StdntDsgnTrain3, Arch/Eng/Plng",23574.48,0.0,0.0,235.74,23574.48,23810.22,2015
Albert Khoo,Custodial Assistant Supervisor,7131.0,725.58,12758.55,3130.44,20615.13,23745.57,2015
Albert L Burleson,Transit Operator,2162.65,0.0,250.0,15360.17,2412.65,17772.82,2015
Albert Sandoval,Clerk,11083.1,1763.33,0.0,128.46,12846.43,12974.89,2015
Albert M Sandoval,Carpenter,6418.95,0.0,3710.36,2592.65,10129.31,12721.96,2015
Alberto F Aparicio,Med Examiner's Investigator I,11889.14,147.44,0.0,120.36,12036.58,12156.94,2015
Alberto C Capili,Porter,10805.1,0.0,850.2,116.54,11655.3,11771.84,2015
Albert T Williams,Transit Operator,6447.32,0.0,250.0,4163.59,6697.32,10860.91,2015
Albert Cayabyab,Automotive Mechanic,3448.05,0.0,5292.46,0.0,8740.51,8740.51,2015
Albert V Collins,Public Svc Aide-Public Works,5523.78,0.0,0.0,2744.19,5523.78,8267.97,2015
Alberto Reyes Jr,General Laborer,0.0,0.0,0.0,7382.91,0.0,7382.91,2015
Albert Buchanan,Special Nurse,3457.0,1037.1,0.0,0.0,4494.1,4494.1,2015
Cody A Alberto,Custodian,642.25,0.0,23.86,6.66,666.11,672.77,2015
Albert Yu,Manager VIII,289708.3,0.0,0.0,74708.6,289708.3,364416.9,2016
Albert R Cendana,Senior Physician Specialist,214255.93,338.29,41318.44,59058.51,255912.66,314971.17,2016
Albert B Waters Ii,Chief Deputy Sheriff,179708.13,33651.43,30256.72,65904.39,243616.28,309520.67,2016
Albert H Holt Jr,Senior Physician Specialist,207615.06,0.0,31142.27,57728.7,238757.33,296486.03,2016
Alberto A Pedruco,"Lieutenant, Fire Suppression",142292.38,77263.43,20415.97,44774.66,239971.78,284746.44,2016
Albert Y Liu,Senior Physician Specialist,216028.6,0.0,0.0,57028.3,216028.6,273056.9,2016
Albert K Lieu,Police Officer 3,126443.39,45242.3,17150.79,35435.57,188836.48,224272.05,2016
Albert C Hom,"Insp, Fire Dept",135619.8,38337.33,10849.59,38910.69,184806.72,223717.41,2016
Albert N Lee,Sergeant 3,145156.33,20433.67,13424.09,43280.15,179014.09,222294.24,2016
Alberto V Oliveros,Registered Nurse,147049.65,8784.08,21993.92,37465.03,177827.65,215292.68,2016
Alberto A Duarte,Police Officer 3,132196.65,41804.59,928.5,38550.7,174929.74,213480.44,2016
Albert J Johnson Jr,Police Officer 3,120706.74,50605.34,2406.08,35325.56,173718.16,209043.72,2016
Albert D Bronson Jr,Firefighter,114877.52,38404.62,14962.02,38135.84,168244.16,206380.0,2016
Albert Ko,Eng/Arch/Landscape Arch Sr,163282.03,0.0,0.0,42695.43,163282.03,205977.46,2016
Albert Hoe,Eng/Arch/Landscape Arch Sr,156507.28,0.0,4148.61,41681.89,160655.89,202337.78,2016
Albert Huang,Electronic Maintenance Tech,112786.6,49866.39,2300.0,36945.31,164952.99,201898.3,2016
Albertina M Prins,Nurse Practitioner,156380.15,0.0,2149.31,39658.78,158529.46,198188.24,2016
Alberto G Jaime Lopez,Firefighter,114877.54,25935.22,15269.08,40719.76,156081.84,196801.6,2016
Peter A Albert,Planner 5,130874.81,0.0,28739.63,31797.11,159614.44,191411.55,2016
Albert W Jang,Senior Deputy Sheriff,113676.01,13718.3,14645.22,47150.87,142039.53,189190.4,2016
Albert J Encinas,Police Officer 3,122470.22,21849.04,7762.77,35405.11,152082.03,187487.14,2016
Albert Hom,Sprv Electronic Main Tech,130102.12,7746.24,7380.0,38615.25,145228.36,183843.61,2016
Albert K Tom,Electronic Maintenance Tech,112772.01,30703.51,1890.0,36842.38,145365.52,182207.9,2016
Albert Tom,Engineer,141063.3,0.0,0.0,38681.02,141063.3,179744.32,2016
Albert Velasco,Engineer,141046.09,0.0,0.0,38678.61,141046.09,179724.7,2016
Albert K Broohm,Senior Stationary Engineer,89934.9,49543.57,9203.88,30971.29,148682.35,179653.64,2016
Albert I Chin,Diagnostic Imaging Tech II,116209.08,14043.84,10658.14,37455.01,140911.06,178366.07,2016
Alberto Esparza,Police Officer 2,119876.57,6608.25,12345.92,35911.01,138830.74,174741.75,2016
Jocelle D Alberto,IS Business Analyst-Principal,130661.6,0.0,0.0,36784.99,130661.6,167446.59,2016
Albert T Lew,Deputy Sheriff,102559.71,4257.71,12830.35,45329.36,119647.77,164977.13,2016
Hallie B Albert,EEO Senior Specialist,125588.82,0.0,917.92,37283.0,126506.74,163789.74,2016
Albert J Tuipulotu,Police Officer 2,109397.14,17402.8,985.22,35451.49,127785.16,163236.65,2016
Albert Leong,Electrical Inspector,117392.2,0.0,2347.84,36654.38,119740.04,156394.42,2016
Albert J Mai,Maintenance Controller,102446.5,15574.19,0.0,34503.81,118020.69,152524.5,2016
Mario Alberto Ortiz,Electrical Inspector,110718.71,3624.57,345.46,35180.36,114688.74,149869.1,2016
Albert T Williams,Transit Operator,72623.5,35997.11,7412.74,32799.23,116033.35,148832.58,2016
Albert J Ujcic,Water Service Inspector,110485.4,0.0,0.0,36913.12,110485.4,147398.52,2016
Albert G Deguzman,Museum Sec Supv,73161.0,31773.66,6995.45,27808.87,111930.11,139738.98,2016
Justine Eileen I Alberto,Pr Administrative Analyst,105458.3,0.0,0.0,33578.62,105458.3,139036.92,2016
Alberto J Herrera,Construction Inspector,105462.29,844.93,0.0,32652.29,106307.22,138959.51,2016
Albert T Hao,Construction Inspector,105741.12,500.75,0.0,32703.72,106241.87,138945.59,2016
Albert Chin,Senior Parking Control Officer,77264.72,31070.06,402.33,27825.17,108737.11,136562.28,2016
Albert G Bartolome,Patient Care Assistant,73149.19,26674.78,6997.92,27740.16,106821.89,134562.05,2016
Alberto A Guadamuz,Transit Supervisor,81150.4,15009.78,5658.7,31999.69,101818.88,133818.57,2016
Alberto M Roman,IS Engineer-Assistant,99913.9,0.0,0.0,32426.85,99913.9,132340.75,2016
Elenita I Alberto,Engineering Associate 2,100250.24,0.0,0.0,31665.75,100250.24,131915.99,2016
Albert A Bok,Behavioral Health Clinician,98435.7,0.0,624.0,31338.45,99059.7,130398.15,2016
Albert K Hsiung,Program Specialist Supervisor,98270.33,0.0,0.0,31215.89,98270.33,129486.22,2016
Joseph S Alberto,Senior Administrative Analyst,95837.35,0.0,0.0,30849.8,95837.35,126687.15,2016
Albert E Cheng,Transit Operator,72041.04,21468.2,1698.5,31220.32,95207.74,126428.06,2016
Albert Q Quiton,Transit Operator,71404.52,14627.43,7103.47,32208.57,93135.42,125343.99,2016
Albert A Santoyo,Transit Car Cleaner,65383.9,22398.77,9305.12,27277.61,97087.79,124365.4,2016
Alberto Perez,Transit Operator,70488.8,8555.69,8940.84,32248.4,87985.33,120233.73,2016
Jabari L Albert,Transit Operator,71635.92,10646.01,4548.85,32462.19,86830.78,119292.97,2016
Albert C Tam,Pr Payroll & Personnel Clerk,87186.63,1942.92,0.0,29123.01,89129.55,118252.56,2016
Albert Glenn,"Station Agent, Muni Railway",85240.83,2035.29,671.7,29219.3,87947.82,117167.12,2016
Alberto De Gracia Sanchez,Painter,83044.1,974.4,2046.75,30545.44,86065.25,116610.69,2016
Biju K Albert,IS Engineer-Senior,92434.62,0.0,5465.44,14982.14,97900.06,112882.2,2016
Alberto B Ramos,HSA Sr Eligibility Worker,82207.74,0.0,0.0,28182.09,82207.74,110389.83,2016
Albert Turner,Child Support Officer II,81472.02,63.88,624.0,28153.99,82159.9,110313.89,2016
Alberto E Manongdo,HSA Sr Eligibility Worker,80230.07,0.0,624.0,27919.07,80854.07,108773.14,2016
Albert G Lee,Transit Operator,71591.95,1301.69,4248.94,31616.05,77142.58,108758.63,2016
Albert B Mabrie,Transit Operator,58632.32,18269.92,3383.24,25844.37,80285.48,106129.85,2016
Dianne J Alberto,Administrative Analyst,76389.55,0.0,0.0,27737.46,76389.55,104127.01,2016
Alberto Zapata,General Laborer Supervisor 1,73694.91,2372.65,314.19,25673.53,76381.75,102055.28,2016
Albert T Hardy,Aquatics Facility Supervisor,73651.7,0.0,1260.21,26789.13,74911.91,101701.04,2016
Albert Yim,Comm Pol Svcs Aide Supervisor,64475.26,6740.56,4618.0,25827.41,75833.82,101661.23,2016
Alberto R Castillo,Electronic Maintenance Tech,63577.3,13777.61,0.0,22130.55,77354.91,99485.46,2016
Albert Dong,Parking Control Officer,65538.1,0.0,6449.0,26689.57,71987.1,98676.67,2016
Albert D Leanillo,Diagnostic Imaging Assistant,70612.46,1053.18,873.38,26087.44,72539.02,98626.46,2016
Gualberto L Lacebal Jr,Museum Guard,57466.31,13292.09,4810.92,22819.76,75569.32,98389.08,2016
Albert Garcia,Assistant Storekeeper,56214.92,15220.55,1124.41,25154.81,72559.88,97714.69,2016
Albert P Pope,Parking Control Officer,55750.35,13775.13,678.28,23396.67,70203.76,93600.43,2016
Reanna Albert,Administrative Analyst,65933.73,0.0,0.0,25674.97,65933.73,91608.7,2016
Iria L Talbert,Maintenance Scheduler,62329.91,2959.0,210.93,26044.56,65499.84,91544.4,2016
Alberto Perez Rendon,Manager I,67301.6,0.0,0.0,22538.76,67301.6,89840.36,2016
Albert Y Tan,Custodian,58828.13,1483.85,2916.42,24849.01,63228.4,88077.41,2016
Albert Kong,Custodian,53480.6,8929.31,0.0,25386.74,62409.91,87796.65,2016
Alberto R Ramirez,Porter,58863.3,1705.35,0.0,25339.77,60568.65,85908.42,2016
Albert Kin Way Lam,Junior Administrative Analyst,59641.3,0.0,0.0,26015.95,59641.3,85657.25,2016
Albert S Chin,Senior Clerk,58454.04,2379.24,2.29,24218.86,60835.57,85054.43,2016
Albert L Davis,General Laborer Supervisor 1,45167.61,0.0,1240.66,22436.27,46408.27,68844.54,2016
Alberto C Capili,Porter,42239.68,257.95,1744.86,17822.79,44242.49,62065.28,2016
Alberto V Oliveros,Special Nurse,41107.48,0.0,10509.73,9900.83,51617.21,61518.04,2016
Albert S Gutierrez,Junior Clerk,36811.38,0.0,0.0,20034.97,36811.38,56846.35,2016
Jason M Albertson,Special Assistant 13,49903.76,0.0,0.0,6364.73,49903.76,56268.49,2016
Albert W Mar,Transit Operator,34589.34,238.1,193.66,18043.32,35021.1,53064.42,2016
Albert Sandoval,Clerk,31256.8,6720.83,0.0,13366.25,37977.63,51343.88,2016
Alberto A Montoya,Transit Operator,25914.22,951.68,615.68,21871.74,27481.58,49353.32,2016
Albert H Luu,Health Worker 2,33828.18,0.0,960.0,14347.88,34788.18,49136.06,2016
Albert S Waldman,Locksmith,41232.83,132.26,0.0,6999.07,41365.09,48364.16,2016
Albert S Fang,Engineer,32070.0,0.0,3735.15,9239.03,35805.15,45044.18,2016
Alberto G Lopez,Senior Physician Specialist,39683.64,0.0,0.0,3130.76,39683.64,42814.4,2016
Alberto Reyes Jr,General Laborer,19576.21,7974.23,495.45,12840.28,28045.89,40886.17,2016
Alberto Myhrer,IS Business Analyst-Senior,29940.4,0.0,65.75,9437.01,30006.15,39443.16,2016
Alberto Argente,Administrative Analyst,25115.42,0.0,4818.66,8431.77,29934.08,38365.85,2016
Alberta Katelin R Long,PS Aide to Prof,23005.71,0.0,0.0,12087.02,23005.71,35092.73,2016
Albert M D'Hoste,Project Manager 2,25785.01,0.0,0.0,7253.54,25785.01,33038.55,2016
Albert Johnson,Recreation Leader,18410.21,0.0,839.52,10803.2,19249.73,30052.93,2016
Alberto F Aparicio,Med Examiner's Investigator I,22819.08,1523.44,0.0,4448.98,24342.52,28791.5,2016
Albert S Hahn,Accountant Intern,18677.6,0.0,0.0,7504.22,18677.6,26181.82,2016
Alberto Villarina,Lighting Fixture Maint Worker,11130.0,0.0,9622.41,4956.61,20752.41,25709.02,2016
Mark T Albertolle,Accountant Intern,18204.0,0.0,0.0,7315.69,18204.0,25519.69,2016
Albert Lin,City Planning Intern,20247.57,0.0,0.0,5072.37,20247.57,25319.94,2016
Albert L Burleson,Transit Operator,0.0,0.0,250.0,19456.49,250.0,19706.49,2016
Gualberto E Villafania,Public Service Trainee,11937.14,0.0,464.48,5101.02,12401.62,17502.64,2016
Adalberto Portillo Ulloa,Public Svc Aide-Public Works,11630.11,0.0,355.34,4601.18,11985.45,16586.63,2016
Alberto Bustamante,General Laborer,12138.6,0.0,0.0,2675.8,12138.6,14814.4,2016
Albert F Sng,Library Page,5866.93,0.0,4952.93,2773.31,10819.86,13593.17,2016
Alberto I Benejam,"StdntDsgnTrain3, Arch/Eng/Plng",7692.32,0.0,0.0,1684.99,7692.32,9377.31,2016
Albert J Malbrough,Public Service Trainee,4575.17,0.0,0.0,1941.99,4575.17,6517.16,2016
Cody A Alberto,Custodian,2144.66,0.0,88.08,586.89,2232.74,2819.63,2016
Richard A Talbert,Custodian,0.0,0.0,0.0,592.18,0.0,592.18,2016
Eric T Alberty,Patient Care Assistant,0.0,0.0,0.0,45.29,0.0,45.29,2016
Albert Yu,Manager VIII,290646.0,0.0,0.0,72364.58,290646.0,363010.58,2017
Albert R Cendana,Senior Physician Specialist,220963.34,349.28,42099.06,64061.83,263411.68,327473.51,2017
Albert B Waters Ii,Chief Deputy Sheriff (PERS),202161.09,13331.05,27075.89,75452.73,242568.03,318020.76,2017
Albert H Holt Jr,Senior Physician Specialist,214322.51,0.0,32148.3,62607.38,246470.81,309078.19,2017
Alberto A Pedruco,"Lieutenant, Fire Suppression",134876.03,103582.09,18692.91,44997.52,257151.03,302148.55,2017
Albert Y Liu,Senior Physician Specialist,224198.5,0.0,0.0,61706.58,224198.5,285905.08,2017
Albert J Johnson Jr,Police Officer 3,123614.15,75525.39,2695.93,37598.15,201835.47,239433.62,2017
Albert K Lieu,Police Officer 3,124256.03,42576.16,19568.16,37503.97,186400.35,223904.32,2017
Albert J Encinas,Police Officer 3,123614.11,54276.34,8135.81,37520.36,186026.26,223546.62,2017
Alberto V Oliveros,Registered Nurse,150074.06,7023.19,22032.15,43152.33,179129.4,222281.73,2017
Albert Hoe,Eng/Arch/Landscape Arch Sr,168366.03,0.0,6948.1,46386.64,175314.13,221700.77,2017
Albert Huang,Electronic Maintenance Tech,116400.0,63024.33,2700.0,37746.03,182124.33,219870.36,2017
Albert N Lee,Sergeant 3,146181.08,12390.31,13260.29,43971.42,171831.68,215803.1,2017
Albert Ko,Eng/Arch/Landscape Arch Sr,168366.06,0.0,0.0,45838.05,168366.06,214204.11,2017
Alberto A Duarte,Police Officer 3,131753.11,39065.91,857.57,38432.39,171676.59,210108.98,2017
Albertina M Prins,Nurse Practitioner,160588.06,0.0,2219.89,45078.5,162807.95,207886.45,2017
Albert K Tom,Electronic Maintenance Tech,116400.0,38316.16,10913.42,40876.38,165629.58,206505.96,2017
Alberto G Jaime Lopez,Firefighter,117174.05,15909.32,15177.81,42378.91,148261.18,190640.09,2017
Albert T Lew,Deputy Sheriff,106349.0,20034.07,15580.75,47795.68,141963.82,189759.5,2017
Albert Velasco,Engineer,145460.06,0.0,0.0,41578.67,145460.06,187038.73,2017
Albert Tom,Engineer,145460.02,0.0,0.0,41578.67,145460.02,187038.69,2017
Albert D Bronson Jr,Firefighter,117174.04,7865.07,19460.4,40891.97,144499.51,185391.48,2017
Albert Hom,Sprv Electronic Main Tech,134176.09,4450.37,2070.0,41472.62,140696.46,182169.08,2017
Albert W Jang,Senior Deputy Sheriff,117892.04,0.0,14828.12,48640.52,132720.16,181360.68,2017
Jocelle D Alberto,IS Business Analyst-Principal,139526.0,0.0,0.0,40475.01,139526.0,180001.01,2017
Albert I Chin,Diagnostic Imaging Tech II,120107.99,8336.96,11381.88,39860.64,139826.83,179687.47,2017
Alberto Esparza,Police Officer 2,121224.0,10545.01,10295.05,36927.94,142064.06,178992.0,2017
Albert K Broohm,Senior Stationary Engineer,103492.0,32712.18,6111.75,35346.91,142315.93,177662.84,2017
Biju K Albert,IS Engineer-Senior,136008.9,0.0,11886.04,28131.4,147894.94,176026.34,2017
Mario Alberto Ortiz,Electrical Inspector,121022.01,1744.54,2420.43,40249.73,125186.98,165436.71,2017
Hallie B Albert,Manager II,123421.52,0.0,5330.74,36470.16,128752.26,165222.42,2017
Jason M Albertson,Special Assistant 13,125254.85,0.0,0.0,38524.42,125254.85,163779.27,2017
Alberto R Castillo,Electronic Maintenance Tech,108848.0,18977.92,9734.33,25625.04,137560.25,163185.29,2017
Albert Leong,Electrical Inspector,121022.0,0.0,2420.43,39451.16,123442.43,162893.59,2017
Albert J Mai,"Electrl Trnst Mech, Asst Sprv",105954.0,12414.24,70.0,37332.49,118438.24,155770.73,2017
Albert J Ujcic,Water Service Inspector,113547.01,0.0,0.0,39008.61,113547.01,152555.62,2017
Justine Eileen I Alberto,Pr Administrative Analyst,114073.23,0.0,0.0,36947.05,114073.23,151020.28,2017
Alberto J Herrera,Construction Inspector,109050.09,3382.18,0.0,35263.17,112432.27,147695.44,2017
Albert K Hsiung,Program Support Analyst,111225.06,0.0,0.0,35779.19,111225.06,147004.25,2017
Alberto Myhrer,IS Business Analyst-Senior,109486.57,0.0,465.18,36028.52,109951.75,145980.27,2017
Albert T Hao,Construction Inspector,109050.0,0.0,0.0,35246.28,109050.0,144296.28,2017
Joseph S Alberto,Senior Administrative Analyst,106737.6,0.0,0.0,34814.53,106737.6,141552.13,2017
Albert Chin,Senior Parking Control Officer,80768.0,28820.49,321.04,30394.93,109909.53,140304.46,2017
Elenita I Alberto,Engineering Associate 2,103362.08,0.0,0.0,34142.6,103362.08,137504.68,2017
Albert G Deguzman,Museum Sec Supv,75444.0,24072.93,7190.27,30315.53,106707.2,137022.73,2017
Albert G Bartolome,Patient Care Assistant,75444.0,23055.81,7273.62,30284.91,105773.43,136058.34,2017
Jabari L Albert,Transit Operator,77447.48,16373.78,7079.99,32358.98,100901.25,133260.23,2017
Ian D Albert,Sr Behavioral Health Clinicn,96601.6,0.0,3480.2,32887.06,100081.8,132968.86,2017
Albert Yim,Comm Pol Svcs Aide Supervisor,77520.4,14418.71,7250.01,31329.56,99189.12,130518.68,2017
Albert C Hom,"Insp, Fire Dept",59940.0,4855.13,47508.0,18151.27,112303.13,130454.4,2017
Albert A Santoyo,Transit Car Cleaner,67406.0,21828.24,9769.89,29622.74,99004.13,128626.87,2017
Albert E Cheng,Transit Operator,75147.42,22776.49,840.04,29653.52,98763.95,128417.47,2017
Albert C Tam,Pr Payroll & Personnel Clerk,94553.53,240.01,0.0,32570.96,94793.54,127364.5,2017
Alberto Perez,Transit Operator,75362.62,10209.82,9158.57,31277.39,94731.01,126008.4,2017
Albert S Waldman,Locksmith,92974.01,0.0,0.0,32540.63,92974.01,125514.64,2017
Alberto Reyes Jr,General Laborer,65474.0,29336.89,109.9,27488.44,94920.79,122409.23,2017
Albert Glenn,"Station Agent, Muni Railway",87864.1,2204.28,589.48,31614.34,90657.86,122272.2,2017
Alberto Diaz,Technology Expert II,92495.08,0.0,0.0,28726.38,92495.08,121221.46,2017
Alberto De Gracia Sanchez,Painter,85612.01,487.2,1964.5,32632.2,88063.71,120695.91,2017
Dianne J Alberto,Administrative Analyst,87536.26,0.0,0.0,31792.38,87536.26,119328.64,2017
Albert G Lee,Transit Operator,77896.17,2456.88,4280.42,31311.2,84633.47,115944.67,2017
Albert Kong,Transit Car Cleaner,62017.0,24974.29,345.4,28125.33,87336.69,115462.02,2017
Albert Turner,Child Support Officer II,84014.01,61.86,624.0,30642.0,84699.87,115341.87,2017
Albert B Mabrie,Transit Operator,65030.93,20154.63,3461.94,26161.15,88647.5,114808.65,2017
Alberto B Ramos,HSA Sr Eligibility Worker,82716.04,0.0,860.0,30435.81,83576.04,114011.85,2017
Alberto E Manongdo,HSA Sr Eligibility Worker,82716.07,0.0,624.0,30389.13,83340.07,113729.2,2017
Albert T Hardy,Aquatics Facility Supervisor,79731.41,0.0,1478.6,29978.07,81210.01,111188.08,2017
Albert A Bok,Protective Services Worker,83163.14,0.0,336.0,27256.54,83499.14,110755.68,2017
Alberto Zapata,General Laborer Supervisor 1,75964.0,1879.45,3841.86,29049.51,81685.31,110734.82,2017
Alberto M Roman,IS Engineer-Assistant,75945.2,0.0,8059.29,25251.75,84004.49,109256.24,2017
Alberto Perez Rendon,Manager I,76459.75,0.0,4463.88,27914.98,80923.63,108838.61,2017
Reanna Albert,Administrative Analyst,77374.43,0.0,0.0,29721.42,77374.43,107095.85,2017
Albert C Gilbert,Attorney (Civil/Criminal),69429.3,0.0,13248.0,22935.35,82677.3,105612.65,2017
Albert Garcia,Assistant Storekeeper,57966.01,17374.13,1166.15,27443.07,76506.29,103949.36,2017
Albert D Leanillo,Diagnostic Imaging Assistant,72057.12,879.53,867.04,28170.2,73803.69,101973.89,2017
Gualberto L Lacebal Jr,Museum Guard,60945.46,9298.42,5045.01,25609.93,75288.89,100898.82,2017
Iria L Talbert,Maintenance Scheduler,69670.0,381.75,190.0,28163.91,70241.75,98405.66,2017
Albert P Pope,Parking Control Officer,55776.83,17839.99,712.33,23923.73,74329.15,98252.88,2017
Albert Kin Way Lam,Junior Administrative Analyst,64705.0,0.0,0.0,27566.39,64705.0,92271.39,2017
Albert Y Tan,Custodian,60706.0,2216.77,1904.35,26777.32,64827.12,91604.44,2017
Albert S Hahn,Accountant Intern,63151.2,0.0,0.0,26691.83,63151.2,89843.03,2017
Albert S Chin,Senior Clerk,60290.01,2806.84,0.0,26319.83,63096.85,89416.68,2017
Alberto R Ramirez,Porter,60706.01,1067.4,0.0,26385.99,61773.41,88159.4,2017
Albert Lin,Performance Analyst II,63295.96,0.0,0.0,22471.12,63295.96,85767.08,2017
Alberto A Guadamuz,Transit Supervisor,46141.8,15977.33,2519.85,20720.09,64638.98,85359.07,2017
Alberta Katelin R Long,Management Assistant,59351.75,0.0,0.0,24783.68,59351.75,84135.43,2017
Albert Q Quiton,Transit Operator,41043.29,8984.46,3543.5,22162.41,53571.25,75733.66,2017
Albert Udom,Senior Administrative Analyst,54556.8,0.0,0.0,19546.12,54556.8,74102.92,2017
Alberto G Lopez,Senior Physician Specialist,72659.95,0.0,0.0,726.56,72659.95,73386.51,2017
Alberto C Capili,Porter,46956.29,0.0,1572.79,23877.3,48529.08,72406.38,2017
Albert S Gutierrez,Junior Clerk,44645.62,2047.15,0.0,24205.22,46692.77,70897.99,2017
Mark T Albertolle,Accountant Intern,43151.91,133.2,2432.9,18362.4,45718.01,64080.41,2017
Alberto V Oliveros,Special Nurse,41946.34,1269.95,10746.21,7451.71,53962.5,61414.21,2017
Albert Dong,Parking Control Officer,35896.0,0.0,7895.31,15212.26,43791.31,59003.57,2017
Albert Tien,Police Officer,42277.0,458.02,0.0,15711.8,42735.02,58446.82,2017
Alberto Avila,Behavioral Health Clinician,34615.0,65.21,1502.78,13281.16,36182.99,49464.15,2017
Peter A Albert,Planner 5,48410.8,0.0,0.0,484.12,48410.8,48894.92,2017
Alberto A Montoya,Transit Operator,25347.13,938.3,621.13,21677.09,26906.56,48583.65,2017
Romeo M Alberto Jr,Assistant Purchaser,30767.0,466.35,0.0,13336.27,31233.35,44569.62,2017
Albert W Mar,Transit Operator,28735.18,46.7,447.88,14850.44,29229.76,44080.2,2017
Albert T Williams,Transit Operator,25725.7,359.42,6406.05,10665.56,32491.17,43156.73,2017
Alberto Bustamante,General Laborer,32676.5,1263.32,504.32,6779.21,34444.14,41223.35,2017
Alberto J Farol,Collections Officer,26477.0,0.0,0.0,11438.59,26477.0,37915.59,2017
Albert L Burleson,Transit Operator,17147.9,1934.52,369.47,17742.04,19451.89,37193.93,2017
Alberto M Luna,Librarian 1,26474.66,0.0,471.98,9794.85,26946.64,36741.49,2017
Albert Johnson,Recreation Leader,19078.9,0.0,655.82,11805.37,19734.72,31540.09,2017
Albert Malbrough,General Laborer,26988.03,0.0,243.55,4018.97,27231.58,31250.55,2017
Albert L Davis,General Laborer Supervisor 1,13764.86,877.32,400.47,14524.3,15042.65,29566.95,2017
Albert Hom,Integrated Pest Mgmt Specialst,18944.9,761.6,850.94,7142.96,20557.44,27700.4,2017
Albert J Tuipulotu,Police Officer 2,14404.8,983.95,145.31,4674.11,15534.06,20208.17,2017
Gualberto E Villafania,Public Service Trainee,12161.26,0.0,1417.65,2011.09,13578.91,15590.0,2017
Albert H Luu,Health Worker 2,7529.9,0.0,4.19,7494.43,7534.09,15028.52,2017
Adalberto Portillo Ulloa,Public Svc Aide-Public Works,11133.15,191.23,1334.47,1751.14,12658.85,14409.99,2017
Albert Sandoval,Clerk,2941.5,0.0,0.0,314.67,2941.5,3256.17,2017
Alberto G Ramos,Public Service Trainee,968.0,0.0,0.0,9.68,968.0,977.68,2017
Albert Yu,Manager VIII,301940.01,0.0,0.0,60274.22,301940.01,362214.23,2018
Albert H Holt Jr,Supervising Physician Spec,244791.11,0.0,36718.57,70676.9,281509.68,352186.58,2018
Albert R Cendana,Senior Physician Specialist,230764.2,0.0,44469.53,68610.11,275233.73,343843.84,2018
Albert B Waters Ii,Chief Deputy Sheriff (PERS),225112.05,18968.24,13506.72,84841.3,257587.01,342428.31,2018
Albert Y Liu,Not Provided,236292.0,0.0,0.0,47012.32,236292.0,283304.32,2018
Albert Hoe,Eng/Arch/Landscape Arch Sr,207555.61,0.0,275.5,54491.22,207831.11,262322.33,2018
Albert J Johnson Jr,Police Officer 3,127222.11,85535.22,5753.9,39743.11,218511.23,258254.34,2018
Alberto A Pedruco,"Lieutenant, Fire Suppression",139503.06,41410.16,21621.03,47812.03,202534.25,250346.28,2018
Albert Huang,Electronic Maintenance Tech,119866.4,70494.37,10345.49,41393.67,200706.26,242099.93,2018
Albert K Lieu,Police Officer 3,128145.45,40367.19,18775.58,39570.61,187288.22,226858.83,2018
Albert N Lee,Sergeant 3,150621.23,20602.39,7599.89,46402.98,178823.51,225226.49,2018
Alberto V Oliveros,Registered Nurse,152366.09,6286.56,19289.11,44713.18,177941.76,222654.94,2018
Albert Ko,Eng/Arch/Landscape Arch Sr,173418.02,0.0,0.0,48515.09,173418.02,221933.11,2018
Alberto A Duarte,Police Officer 3,128712.31,48863.35,2824.28,39521.78,180399.94,219921.72,2018
Albertina M Prins,Nurse Practitioner,165732.84,0.0,2285.79,47562.04,168018.63,215580.67,2018
Albert K Tom,Electronic Maintenance Tech,119880.01,37687.08,10189.8,42803.09,167756.89,210559.98,2018
Albert Hom,Sprv Electronic Main Tech,138202.02,17627.63,7920.0,43852.23,163749.65,207601.88,2018
Albert J Encinas,Police Officer 3,127198.18,32235.72,8350.06,39423.12,167783.96,207207.08,2018
Albert Tom,Eng/Arch/Landscape Arch Sr,160207.5,0.0,0.0,45965.56,160207.5,206173.06,2018
Albert T Lew,Deputy Sheriff,109829.5,22515.76,15952.36,56918.9,148297.62,205216.52,2018
Albert Velasco,Engineer,149836.04,0.0,0.0,43959.71,149836.04,193795.75,2018
Alberto G Jaime Lopez,Firefighter,119490.64,6714.54,21292.09,44312.44,147497.27,191809.71,2018
Alberto R Castillo,Electronic Maintenance Tech,117663.2,18939.87,10131.33,43119.35,146734.4,189853.75,2018
Jocelle D Alberto,IS Business Analyst-Principal,143720.0,0.0,0.0,42778.29,143720.0,186498.29,2018
Albert D Bronson Jr,Firefighter,118915.33,3701.66,19796.07,42310.92,142413.06,184723.98,2018
Hallie B Albert,Manager III,150171.02,0.0,0.0,31520.27,150171.02,181691.29,2018
Albert I Chin,Diagnostic Imaging Tech II,123742.71,4958.13,11347.82,41052.29,140048.66,181100.95,2018
Mario Alberto Ortiz,Electrical Inspector,124658.08,3597.36,4210.75,42409.97,132466.19,174876.16,2018
Alberto Esparza,Police Officer 2,124792.0,4295.74,4493.86,38782.93,133581.6,172364.53,2018
Albert Leong,Electrical Inspector,124658.02,0.0,2493.16,41549.45,127151.18,168700.63,2018
Albert J Mai,"Electrl Trnst Mech, Asst Sprv",109364.0,18902.35,0.0,39199.9,128266.35,167466.25,2018
Jason M Albertson,Special Assistant 13,130910.95,0.0,0.0,35052.11,130910.95,165963.06,2018
Justine Eileen I Alberto,Pr Administrative Analyst,123359.5,0.0,0.0,39590.43,123359.5,162949.93,2018
Alberto Diaz,Technology Expert II,125541.51,0.0,8617.53,25793.79,134159.04,159952.83,2018
Alberto Myhrer,IS Business Analyst-Senior,118451.65,0.0,392.68,38872.46,118844.33,157716.79,2018
Alberto J Herrera,Construction Inspector,112322.07,4548.86,0.0,37215.7,116870.93,154086.63,2018
Joseph S Alberto,Accountant IV,115787.84,0.0,0.0,37878.84,115787.84,153666.68,2018
Albert K Hsiung,Program Support Analyst,115932.04,0.0,0.0,37156.52,115932.04,153088.56,2018
Albert J Ujcic,Water Service Inspector,112530.0,0.0,0.0,40148.8,112530.0,152678.8,2018
Alberto A Guadamuz,Trasnprt Controller Trainee,95312.2,16987.9,3999.55,34926.78,116299.65,151226.43,2018
Albert T Hao,Construction Inspector,112322.03,0.0,0.0,37183.02,112322.03,149505.05,2018
Albert Kong,Transit Car Cleaner,68285.4,49723.96,1651.72,29762.02,119661.08,149423.1,2018
Ian D Albert,Sr Behavioral Health Clinicn,107686.0,0.0,2047.39,36842.06,109733.39,146575.45,2018
Elenita I Alberto,Engineering Associate 2,105961.16,0.0,0.0,35834.8,105961.16,141795.96,2018
Dianne J Alberto,Senior Administrative Analyst,105425.2,0.0,0.0,36203.53,105425.2,141628.73,2018
Albert A Santoyo,Transit Car Cleaner,69432.0,30690.92,9475.45,30972.77,109598.37,140571.14,2018
Albert Yim,Comm Pol Svcs Aide Supervisor,83528.28,15627.62,6876.54,33378.64,106032.44,139411.08,2018
Albert Chin,Senior Parking Control Officer,83196.01,20668.32,1346.82,33284.33,105211.15,138495.48,2018
Albert Tien,Police Officer,85845.8,16920.38,2557.35,32605.71,105323.53,137929.24,2018
Jabari L Albert,Transit Operator,79669.46,15403.5,8597.73,34059.26,103670.69,137729.95,2018
Alberto Perez,Transit Operator,78245.33,16127.93,9583.67,33297.34,103956.93,137254.27,2018
Albert G Bartolome,Patient Care Assistant,77667.56,15106.18,7863.5,32892.72,100637.24,133529.96,2018
Albert Udom,Senior Administrative Analyst,97711.4,0.0,0.0,34613.18,97711.4,132324.58,2018
Albert Lin,Performance Analyst II,97466.22,0.0,0.0,34564.48,97466.22,132030.7,2018
Albert C Tam,Pr Payroll & Personnel Clerk,97208.01,178.03,0.0,34321.49,97386.04,131707.53,2018
Albert S Waldman,Locksmith,95766.0,1518.03,0.0,34251.15,97284.03,131535.18,2018
Albert E Cheng,Transit Operator,75461.98,23867.79,1097.99,30547.79,100427.76,130975.55,2018
Albert G Lee,Transit Operator,79488.25,10683.95,6418.79,33147.19,96590.99,129738.18,2018
Gualberto L Lacebal Jr,Museum Guard,69754.01,23364.69,5513.01,29616.71,98631.71,128248.42,2018
Alberta Katelin R Long,Administrative Services Mgr,93059.02,0.0,973.81,33685.34,94032.83,127718.17,2018
Albert G Deguzman,Museum Sec Supv,70590.92,21435.78,6183.7,29003.4,98210.4,127213.8,2018
Albert Hom,Integrated Pest Mgmt Specialst,85611.58,3316.67,4126.55,32169.73,93054.8,125224.53,2018
Alberto De Gracia Sanchez,Painter,88170.05,530.13,2044.0,34355.34,90744.18,125099.52,2018
Alberto Avila,Behavioral Health Clinician,83916.9,2864.29,5209.13,31634.79,91990.32,123625.11,2018
Albert Glenn,"Station Agent, Muni Railway",85926.72,1754.17,718.24,31860.2,88399.13,120259.33,2018
Albert Turner,Child Support Officer II,86534.03,187.88,624.0,31648.26,87345.91,118994.17,2018
Albert B Mabrie,Transit Operator,65240.54,22923.28,3698.04,26936.71,91861.86,118798.57,2018
Alberto B Ramos,HSA Sr Eligibility Worker,85019.47,0.0,1085.0,31846.68,86104.47,117951.15,2018
Alberto E Manongdo,HSA Sr Eligibility Worker,85019.06,0.0,622.69,31754.33,85641.75,117396.08,2018
Alberto Zapata,General Laborer Supervisor 1,78227.1,6411.17,2381.82,29994.67,87020.09,117014.76,2018
Albert T Hardy,Aquatics Facility Supervisor,83186.5,0.0,1540.67,31797.39,84727.17,116524.56,2018
Reanna Albert,Administrative Analyst,83661.21,0.0,0.0,31271.88,83661.21,114933.09,2018
Albert L Burleson,Transit Operator,64900.81,21658.26,1171.55,26256.28,87730.62,113986.9,2018
Alberto G Lopez,Senior Physician Specialist,89311.09,0.0,1980.0,19895.34,91291.09,111186.43,2018
Albert Malbrough,General Laborer,57773.81,21253.01,346.57,28203.6,79373.39,107576.99,2018
Albert P Pope,Parking Control Officer,59042.64,18987.26,2731.31,26774.12,80761.21,107535.33,2018
Albert K Broohm,Senior Stationary Engineer,51561.0,7355.05,29691.69,18012.81,88607.74,106620.55,2018
Albert D Leanillo,Diagnostic Imaging Assistant,71891.29,3293.48,887.37,29626.97,76072.14,105699.11,2018
Albert Garcia,Assistant Storekeeper,59706.07,14369.64,1677.34,29457.75,75753.05,105210.8,2018
Albert S Hahn,Accountant II,71906.04,0.0,0.0,29321.94,71906.04,101227.98,2018
Iria L Talbert,Maintenance Scheduler,69802.66,83.73,90.0,28600.17,69976.39,98576.56,2018
Romeo M Alberto Jr,Purchaser,67053.11,2464.24,0.0,28350.04,69517.35,97867.39,2018
Albert Kin Way Lam,Junior Administrative Analyst,69955.4,0.0,0.0,27376.86,69955.4,97332.26,2018
Biju K Albert,IS Engineer-Senior,71094.66,0.0,10721.24,15012.6,81815.9,96828.5,2018
Albert Y Tan,Custodian,62516.9,2647.9,2628.74,28329.16,67793.54,96122.7,2018
Alberto Bustamante,General Laborer,65561.11,14153.65,785.6,13770.46,80500.36,94270.82,2018
Albert S Chin,Senior Clerk,62108.01,3287.67,651.21,27644.42,66046.89,93691.31,2018
Alberto R Ramirez,Porter,62516.93,1465.8,0.0,28287.26,63982.73,92269.99,2018
Alberto J Farol,Collections Officer,64806.95,0.0,0.0,27389.37,64806.95,92196.32,2018
Albert Larcina,Bldgs & Grounds Maint Supt,61536.5,6168.03,181.93,19140.6,67886.46,87027.06,2018
Albert L Davis,General Laborer Supervisor 1,52145.35,981.44,1162.2,19971.88,54288.99,74260.87,2018
Alberto M Luna,Librarian 1,52026.03,0.0,922.83,20115.63,52948.86,73064.49,2018
Albert S Gutierrez,Clerk,41994.32,239.64,0.0,21901.86,42233.96,64135.82,2018
Alberto V Oliveros,Special Nurse,38978.54,1332.95,8888.12,7250.15,49199.61,56449.76,2018
Alberto G Moran,Public Defender's Investigator,36553.0,0.0,300.0,13570.5,36853.0,50423.5,2018
Albert J Chavier,Deputy Sheriff 1,30459.0,0.0,475.0,12597.76,30934.0,43531.76,2018
Albert Q Quiton,Transit Operator,23672.68,4128.24,1895.09,9862.21,29696.01,39558.22,2018
Albert Sandoval,Clerk,25507.9,7155.15,0.0,326.63,32663.05,32989.68,2018
Albert W Jang,Senior Deputy Sheriff,4620.0,0.0,22786.19,2102.58,27406.19,29508.77,2018
Albert W Mar,Transit Operator,15293.09,25.29,4907.48,7842.95,20225.86,28068.81,2018
Albert Johnson,Recreation Leader,16369.81,0.0,437.96,9972.19,16807.77,26779.96,2018
Alberto G Ramos,Public Service Trainee,17953.83,0.0,0.0,894.0,17953.83,18847.83,2018
Albert A Bok,Protective Services Worker,12737.93,0.0,415.01,4582.88,13152.94,17735.82,2018
Albert K Wong,Permit Technician I,10972.5,0.0,0.0,5582.3,10972.5,16554.8,2018
Albert J Tuipulotu,Police Officer 2,6415.41,0.06,6541.25,0.0,12956.72,12956.72,2018
Albert D Ng,Public Service Trainee,5170.91,0.0,209.32,2315.72,5380.23,7695.95,2018
Alberto C Capili,Porter,3433.76,0.0,583.45,1836.18,4017.21,5853.39,2018
Alberto A Montoya,Transit Operator,0.0,0.0,250.0,489.61,250.0,739.61,2018
Albert C Hom,"Insp, Fire Dept",0.0,474.8,0.0,0.0,474.8,474.8,2018
Albert J Ujcic Iii,Junior Clerk,160.88,0.0,0.0,1.61,160.88,162.49,2018
