[
    {
        "EmployeeName": "CHRISTOPHER CHONG",
        "JobTitle": "WIRE ROPE CABLE MAINTENANCE MECHANIC",
        "BasePay": 77916.0,
        "OvertimePay": 56120.71,
        "OtherPay": 198306.9,
        "Benefits": null,
        "TotalPay": 332343.61,
        "TotalPayBenefits": 332343.61,
        "Year": 2011
    },
    {
        "EmployeeName": "CHONG NIE",
        "JobTitle": "ELECTRONIC MAINTENANCE TECHNICIAN",
        "BasePay": 96811.2,
        "OvertimePay": 5813.57,
        "OtherPay": 9259.45,
        "Benefits": null,
        "TotalPay": 111884.22,
        "TotalPayBenefits": 111884.22,
        "Year": 2011
    },
    {
        "EmployeeName": "ALEXANDER CHONG",
        "JobTitle": "STREET ENVIRONMENTAL SERVICES OPERATIONS SUPERVI",
        "BasePay": 88258.18,
        "OvertimePay": 18815.75,
        "OtherPay": 886.36,
        "Benefits": null,
        "TotalPay": 107960.29,
        "TotalPayBenefits": 107960.29,
        "Year": 2011
    },
    {
        "EmployeeName": "JOSEPH CHONG",
        "JobTitle": "TRANSIT OPERATOR",
        "BasePay": 66857.18,
        "OvertimePay": 34310.24,
        "OtherPay": 5205.54,
        "Benefits": null,
        "TotalPay": 106372.96,
        "TotalPayBenefits": 106372.96,
        "Year": 2011
    },
    {
        "EmployeeName": "SARAVUT CHANBANCHONG",
        "JobTitle": "ELECTRICAL TRANSIT SYSTEM MECHANIC",
        "BasePay": 77580.4,
        "OvertimePay": 23317.29,
        "OtherPay": 2790.17,
        "Benefits": null,
        "TotalPay": 103687.86,
        "TotalPayBenefits": 103687.86,
        "Year": 2011
    },
    {
        "EmployeeName": "EMILIE CHONG",
        "JobTitle": "ELIGIBILITY WORKER SUPERVISOR",
        "BasePay": 73157.93,
        "OvertimePay": 0.0,
        "OtherPay": 1460.0,
        "Benefits": null,
        "TotalPay": 74617.93,
        "TotalPayBenefits": 74617.93,
        "Year": 2011
    },
    {
        "EmployeeName": "DEXTER CHONG",
        "JobTitle": "TRANSIT OPERATOR",
        "BasePay": 65560.97,
        "OvertimePay": 3357.94,
        "OtherPay": 4138.77,
        "Benefits": null,
        "TotalPay": 73057.68,
        "TotalPayBenefits": 73057.68,
        "Year": 2011
    },
    {
        "EmployeeName": "ANDREA CHONG",
        "JobTitle": "SENIOR ACCOUNTANT",
        "BasePay": 70337.05,
        "OvertimePay": 0.0,
        "OtherPay": 0.0,
        "Benefits": null,
        "TotalPay": 70337.05,
        "TotalPayBenefits": 70337.05,
        "Year": 2011
    },
    {
        "EmployeeName": "CHIT LEE CHONG",
        "JobTitle": "SPECIAL NURSE",
        "BasePay": 66261.93,
        "OvertimePay": 0.0,
        "OtherPay": 787.07,
        "Benefits": null,
        "TotalPay": 67049.0,
        "TotalPayBenefits": 67049.0,
        "Year": 2011
    },
    {
        "EmployeeName": "CHIT LEE CHONG",
        "JobTitle": "REGISTERED NURSE",
        "BasePay": 55563.4,
        "OvertimePay": 0.0,
        "OtherPay": 1450.0,
        "Benefits": null,
        "TotalPay": 57013.4,
        "TotalPayBenefits": 57013.4,
        "Year": 2011
    },
    {
        "EmployeeName": "JOYCE CHONG",
        "JobTitle": "MEDICAL EVALUATIONS ASSISTANT",
        "BasePay": 53825.69,
        "OvertimePay": 0.0,
        "OtherPay": 2605.23,
        "Benefits": null,
        "TotalPay": 56430.92,
        "TotalPayBenefits": 56430.92,
        "Year": 2011
    },
    {
        "EmployeeName": "HELEN CHONG",
        "JobTitle": "SOCIAL WORKER",
        "BasePay": 50893.06,
        "OvertimePay": 0.0,
        "OtherPay": 1500.0,
        "Benefits": null,
        "TotalPay": 52393.06,
        "TotalPayBenefits": 52393.06,
        "Year": 2011
    },
    {
        "EmployeeName": "DERRICK CHONG",
        "JobTitle": "ELIGIBILITY WORKER",
        "BasePay": 26027.7,
        "OvertimePay": 0.0,
        "OtherPay": 0.0,
        "Benefits": null,
        "TotalPay": 26027.7,
        "TotalPayBenefits": 26027.7,
        "Year": 2011
    },
    {
        "EmployeeName": "MADELEINE CHANBANCHONG",
        "JobTitle": "MANAGEMENT ASSISTANT",
        "BasePay": 21960.02,
        "OvertimePay": 0.0,
        "OtherPay": 0.0,
        "Benefits": null,
        "TotalPay": 21960.02,
        "TotalPayBenefits": 21960.02,
        "Year": 2011
    },
    {
        "EmployeeName": "DEBORAH CHONG",
        "JobTitle": "RECREATION LEADER",
        "BasePay": 10884.26,
        "OvertimePay": 0.0,
        "OtherPay": 1.27,
        "Benefits": null,
        "TotalPay": 10885.53,
        "TotalPayBenefits": 10885.53,
        "Year": 2011
    },
    {
        "EmployeeName": "JANICE CHONG",
        "JobTitle": "PUBLIC SERVICE AIDE-HEALTH SERVICES",
        "BasePay": 10855.71,
        "OvertimePay": 0.0,
        "OtherPay": 0.0,
        "Benefits": null,
        "TotalPay": 10855.71,
        "TotalPayBenefits": 10855.71,
        "Year": 2011
    },
    {
        "EmployeeName": "Christopher Chong",
        "JobTitle": "Wire Rope Cable Maint Mechanic",
        "BasePay": 80439.54,
        "OvertimePay": 68565.2,
        "OtherPay": 25289.08,
        "Benefits": 42081.3,
        "TotalPay": 174293.82,
        "TotalPayBenefits": 216375.12,
        "Year": 2012
    },
    {
        "EmployeeName": "Joseph Chong",
        "JobTitle": "Transit Operator",
        "BasePay": 67331.02,
        "OvertimePay": 44032.17,
        "OtherPay": 8021.88,
        "Benefits": 42611.06,
        "TotalPay": 119385.07,
        "TotalPayBenefits": 161996.13,
        "Year": 2012
    },
    {
        "EmployeeName": "Chong Nie",
        "JobTitle": "Electronic Maintenance Tech",
        "BasePay": 97844.44,
        "OvertimePay": 7777.8,
        "OtherPay": 9627.28,
        "Benefits": 41577.51,
        "TotalPay": 115249.52,
        "TotalPayBenefits": 156827.03,
        "Year": 2012
    },
    {
        "EmployeeName": "Alexander Chong",
        "JobTitle": "Street Environ Svcs Oprs Supv",
        "BasePay": 89963.14,
        "OvertimePay": 21443.35,
        "OtherPay": 496.8,
        "Benefits": 38071.42,
        "TotalPay": 111903.29,
        "TotalPayBenefits": 149974.71,
        "Year": 2012
    },
    {
        "EmployeeName": "Saravut Chanbanchong",
        "JobTitle": "Electronic Maintenance Tech",
        "BasePay": 83427.0,
        "OvertimePay": 8566.5,
        "OtherPay": 5186.1,
        "Benefits": 37526.3,
        "TotalPay": 97179.6,
        "TotalPayBenefits": 134705.9,
        "Year": 2012
    },
    {
        "EmployeeName": "Madeleine Chanbanchong",
        "JobTitle": "Management Assistant",
        "BasePay": 73351.05,
        "OvertimePay": 0.0,
        "OtherPay": 0.0,
        "Benefits": 32588.05,
        "TotalPay": 73351.05,
        "TotalPayBenefits": 105939.1,
        "Year": 2012
    },
    {
        "EmployeeName": "Emilie Chong",
        "JobTitle": "Eligibility Worker Supervisor",
        "BasePay": 72644.32,
        "OvertimePay": 0.0,
        "OtherPay": 1320.0,
        "Benefits": 31464.29,
        "TotalPay": 73964.32,
        "TotalPayBenefits": 105428.61,
        "Year": 2012
    },
    {
        "EmployeeName": "Joyce Chong-Grogg",
        "JobTitle": "Medical Evaluations Assistant",
        "BasePay": 57318.97,
        "OvertimePay": 309.95,
        "OtherPay": 2837.03,
        "Benefits": 28917.17,
        "TotalPay": 60465.95,
        "TotalPayBenefits": 89383.12,
        "Year": 2012
    },
    {
        "EmployeeName": "Helen Chong",
        "JobTitle": "Social Worker",
        "BasePay": 56794.59,
        "OvertimePay": 0.0,
        "OtherPay": 1560.0,
        "Benefits": 28663.18,
        "TotalPay": 58354.59,
        "TotalPayBenefits": 87017.77,
        "Year": 2012
    },
    {
        "EmployeeName": "Andrea Chong",
        "JobTitle": "Accountant II",
        "BasePay": 59628.66,
        "OvertimePay": 0.0,
        "OtherPay": 0.0,
        "Benefits": 25971.15,
        "TotalPay": 59628.66,
        "TotalPayBenefits": 85599.81,
        "Year": 2012
    },
    {
        "EmployeeName": "Chit Lee Chong",
        "JobTitle": "Special Nurse",
        "BasePay": 71094.33,
        "OvertimePay": 101.34,
        "OtherPay": 1088.48,
        "Benefits": 10491.39,
        "TotalPay": 72284.15,
        "TotalPayBenefits": 82775.54,
        "Year": 2012
    },
    {
        "EmployeeName": "Derrick Chong",
        "JobTitle": "Eligibility Worker",
        "BasePay": 52977.52,
        "OvertimePay": 0.0,
        "OtherPay": 0.0,
        "Benefits": 27192.63,
        "TotalPay": 52977.52,
        "TotalPayBenefits": 80170.15,
        "Year": 2012
    },
    {
        "EmployeeName": "Chit Lee Chong",
        "JobTitle": "Registered Nurse",
        "BasePay": 59550.2,
        "OvertimePay": 0.0,
        "OtherPay": 1475.0,
        "Benefits": 15684.19,
        "TotalPay": 61025.2,
        "TotalPayBenefits": 76709.39,
        "Year": 2012
    },
    {
        "EmployeeName": "Janice Chong",
        "JobTitle": "Eligibility Worker",
        "BasePay": 46006.58,
        "OvertimePay": 588.94,
        "OtherPay": 900.0,
        "Benefits": 24901.84,
        "TotalPay": 47495.52,
        "TotalPayBenefits": 72397.36,
        "Year": 2012
    },
    {
        "EmployeeName": "William Chong-Yuen",
        "JobTitle": "Food Service Worker",
        "BasePay": 21771.6,
        "OvertimePay": 31212.47,
        "OtherPay": 704.05,
        "Benefits": 16221.59,
        "TotalPay": 53688.12,
        "TotalPayBenefits": 69909.71,
        "Year": 2012
    },
    {
        "EmployeeName": "Dexter Chong",
        "JobTitle": "Transit Operator",
        "BasePay": 21698.68,
        "OvertimePay": 0.0,
        "OtherPay": 9286.63,
        "Benefits": 13013.05,
        "TotalPay": 30985.31,
        "TotalPayBenefits": 43998.36,
        "Year": 2012
    },
    {
        "EmployeeName": "Wan Tien Chong",
        "JobTitle": "Public Service Trainee",
        "BasePay": 18562.6,
        "OvertimePay": 0.0,
        "OtherPay": 0.0,
        "Benefits": 1599.45,
        "TotalPay": 18562.6,
        "TotalPayBenefits": 20162.05,
        "Year": 2012
    },
    {
        "EmployeeName": "Vincent Chong",
        "JobTitle": "PS Aide to Prof",
        "BasePay": 6204.03,
        "OvertimePay": 0.0,
        "OtherPay": 0.0,
        "Benefits": 740.53,
        "TotalPay": 6204.03,
        "TotalPayBenefits": 6944.56,
        "Year": 2012
    },
    {
        "EmployeeName": "Deborah Chong",
        "JobTitle": "Recreation Leader",
        "BasePay": 6334.35,
        "OvertimePay": 0.0,
        "OtherPay": 45.08,
        "Benefits": 494.13,
        "TotalPay": 6379.43,
        "TotalPayBenefits": 6873.56,
        "Year": 2012
    },
    {
        "EmployeeName": "Christopher C Chong",
        "JobTitle": "Wire Rope Cable Maint Mechanic",
        "BasePay": 91739.03,
        "OvertimePay": 65096.75,
        "OtherPay": 16053.66,
        "Benefits": 35070.45,
        "TotalPay": 172889.44,
        "TotalPayBenefits": 207959.89,
        "Year": 2013
    },
    {
        "EmployeeName": "Saravut L Chanbanchong",
        "JobTitle": "Electronic Maintenance Tech",
        "BasePay": 105509.2,
        "OvertimePay": 19996.02,
        "OtherPay": 2848.66,
        "Benefits": 35187.55,
        "TotalPay": 128353.88,
        "TotalPayBenefits": 163541.43,
        "Year": 2013
    },
    {
        "EmployeeName": "Chong Z Nie",
        "JobTitle": "Electronic Maintenance Tech",
        "BasePay": 105509.2,
        "OvertimePay": 5493.08,
        "OtherPay": 10858.14,
        "Benefits": 36481.34,
        "TotalPay": 121860.42,
        "TotalPayBenefits": 158341.76,
        "Year": 2013
    },
    {
        "EmployeeName": "Alexander T Chong",
        "JobTitle": "Street Environ Svcs Oprs Supv",
        "BasePay": 97658.55,
        "OvertimePay": 17928.9,
        "OtherPay": 4923.34,
        "Benefits": 33882.99,
        "TotalPay": 120510.79,
        "TotalPayBenefits": 154393.78,
        "Year": 2013
    },
    {
        "EmployeeName": "Chit Lee  Chong",
        "JobTitle": "Registered Nurse",
        "BasePay": 109518.5,
        "OvertimePay": 1414.11,
        "OtherPay": 2248.32,
        "Benefits": 31192.4,
        "TotalPay": 113180.93,
        "TotalPayBenefits": 144373.33,
        "Year": 2013
    },
    {
        "EmployeeName": "Andrea C Chong",
        "JobTitle": "Accountant II",
        "BasePay": 79339.56,
        "OvertimePay": 0.0,
        "OtherPay": 0.0,
        "Benefits": 29448.15,
        "TotalPay": 79339.56,
        "TotalPayBenefits": 108787.71,
        "Year": 2013
    },
    {
        "EmployeeName": "Madeleine B Chanbanchong",
        "JobTitle": "Management Assistant",
        "BasePay": 78354.01,
        "OvertimePay": 0.0,
        "OtherPay": 0.0,
        "Benefits": 30010.46,
        "TotalPay": 78354.01,
        "TotalPayBenefits": 108364.47,
        "Year": 2013
    },
    {
        "EmployeeName": "Joseph  Chong",
        "JobTitle": "Transit Operator",
        "BasePay": 62318.8,
        "OvertimePay": 10364.72,
        "OtherPay": 4167.23,
        "Benefits": 31146.52,
        "TotalPay": 76850.75,
        "TotalPayBenefits": 107997.27,
        "Year": 2013
    },
    {
        "EmployeeName": "Emilie H Chong",
        "JobTitle": "Eligibility Worker Supervisor",
        "BasePay": 68568.5,
        "OvertimePay": 6699.02,
        "OtherPay": 1060.0,
        "Benefits": 25374.6,
        "TotalPay": 76327.52,
        "TotalPayBenefits": 101702.12,
        "Year": 2013
    },
    {
        "EmployeeName": "Joyce  Chong-Grogg",
        "JobTitle": "Medical Evaluations Assistant",
        "BasePay": 61128.03,
        "OvertimePay": 320.7,
        "OtherPay": 2826.39,
        "Benefits": 26283.56,
        "TotalPay": 64275.12,
        "TotalPayBenefits": 90558.68,
        "Year": 2013
    },
    {
        "EmployeeName": "Derrick Y Chong",
        "JobTitle": "Eligibility Worker",
        "BasePay": 59538.01,
        "OvertimePay": 824.64,
        "OtherPay": 0.0,
        "Benefits": 26064.66,
        "TotalPay": 60362.65,
        "TotalPayBenefits": 86427.31,
        "Year": 2013
    },
    {
        "EmployeeName": "Janice L Chong",
        "JobTitle": "Eligibility Worker",
        "BasePay": 57149.5,
        "OvertimePay": 863.77,
        "OtherPay": 1520.0,
        "Benefits": 26609.66,
        "TotalPay": 59533.27,
        "TotalPayBenefits": 86142.93,
        "Year": 2013
    },
    {
        "EmployeeName": "Helen H Chong",
        "JobTitle": "Social Worker",
        "BasePay": 43511.21,
        "OvertimePay": 0.0,
        "OtherPay": 1000.0,
        "Benefits": 18305.65,
        "TotalPay": 44511.21,
        "TotalPayBenefits": 62816.86,
        "Year": 2013
    },
    {
        "EmployeeName": "Wan Tien  Chong",
        "JobTitle": "Personnel Analyst",
        "BasePay": 43117.53,
        "OvertimePay": 0.0,
        "OtherPay": 0.0,
        "Benefits": 16629.96,
        "TotalPay": 43117.53,
        "TotalPayBenefits": 59747.49,
        "Year": 2013
    },
    {
        "EmployeeName": "William  Chong-Yuen",
        "JobTitle": "Food Service Worker",
        "BasePay": 21222.9,
        "OvertimePay": 19678.8,
        "OtherPay": 714.06,
        "Benefits": 12250.16,
        "TotalPay": 41615.76,
        "TotalPayBenefits": 53865.92,
        "Year": 2013
    },
    {
        "EmployeeName": "Mina  Chong",
        "JobTitle": "Special Nurse",
        "BasePay": 45421.97,
        "OvertimePay": 0.0,
        "OtherPay": 1405.37,
        "Benefits": 468.27,
        "TotalPay": 46827.34,
        "TotalPayBenefits": 47295.61,
        "Year": 2013
    },
    {
        "EmployeeName": "Chit Lee  Chong",
        "JobTitle": "Special Nurse",
        "BasePay": 28510.28,
        "OvertimePay": 0.0,
        "OtherPay": 425.04,
        "Benefits": 4971.28,
        "TotalPay": 28935.32,
        "TotalPayBenefits": 33906.6,
        "Year": 2013
    },
    {
        "EmployeeName": "Victoria H Chong",
        "JobTitle": "Publ Svc Aide-Asst to Prof",
        "BasePay": 510.38,
        "OvertimePay": 0.0,
        "OtherPay": 0.0,
        "Benefits": 5.1,
        "TotalPay": 510.38,
        "TotalPayBenefits": 515.48,
        "Year": 2013
    },
    {
        "EmployeeName": "Christopher C Chong",
        "JobTitle": "Wire Rope Cable Maint Mechanic",
        "BasePay": 91901.03,
        "OvertimePay": 83173.68,
        "OtherPay": 14555.93,
        "Benefits": 36594.71,
        "TotalPay": 189630.64,
        "TotalPayBenefits": 226225.35,
        "Year": 2014
    },
    {
        "EmployeeName": "Chit Lee Chong",
        "JobTitle": "Registered Nurse",
        "BasePay": 129115.0,
        "OvertimePay": 418.33,
        "OtherPay": 2021.66,
        "Benefits": 43917.31,
        "TotalPay": 131554.99,
        "TotalPayBenefits": 175472.3,
        "Year": 2014
    },
    {
        "EmployeeName": "Saravut L Chanbanchong",
        "JobTitle": "Electronic Maintenance Tech",
        "BasePay": 104451.01,
        "OvertimePay": 16645.3,
        "OtherPay": 3116.11,
        "Benefits": 37352.72,
        "TotalPay": 124212.42,
        "TotalPayBenefits": 161565.14,
        "Year": 2014
    },
    {
        "EmployeeName": "Chong Z Nie",
        "JobTitle": "Electronic Maintenance Tech",
        "BasePay": 104451.01,
        "OvertimePay": 5971.42,
        "OtherPay": 10884.21,
        "Benefits": 39064.95,
        "TotalPay": 121306.64,
        "TotalPayBenefits": 160371.59,
        "Year": 2014
    },
    {
        "EmployeeName": "Alexander T Chong",
        "JobTitle": "Street Environ Svcs Oprs Supv",
        "BasePay": 98751.02,
        "OvertimePay": 16196.96,
        "OtherPay": 0.0,
        "Benefits": 35444.65,
        "TotalPay": 114947.98,
        "TotalPayBenefits": 150392.63,
        "Year": 2014
    },
    {
        "EmployeeName": "Emilie H Chong",
        "JobTitle": "Eligibility Worker Supervisor",
        "BasePay": 82589.01,
        "OvertimePay": 34148.72,
        "OtherPay": 1420.0,
        "Benefits": 32223.44,
        "TotalPay": 118157.73,
        "TotalPayBenefits": 150381.17,
        "Year": 2014
    },
    {
        "EmployeeName": "Madeleine B Chanbanchong",
        "JobTitle": "Management Assistant",
        "BasePay": 77908.02,
        "OvertimePay": 0.0,
        "OtherPay": 0.0,
        "Benefits": 31668.82,
        "TotalPay": 77908.02,
        "TotalPayBenefits": 109576.84,
        "Year": 2014
    },
    {
        "EmployeeName": "Andrea C Chong",
        "JobTitle": "Accountant II",
        "BasePay": 78524.06,
        "OvertimePay": 0.0,
        "OtherPay": 0.0,
        "Benefits": 31024.22,
        "TotalPay": 78524.06,
        "TotalPayBenefits": 109548.28,
        "Year": 2014
    },
    {
        "EmployeeName": "Mina Chong",
        "JobTitle": "Special Nurse",
        "BasePay": 101408.64,
        "OvertimePay": 120.01,
        "OtherPay": 3328.0,
        "Benefits": 1048.58,
        "TotalPay": 104856.65,
        "TotalPayBenefits": 105905.23,
        "Year": 2014
    },
    {
        "EmployeeName": "Wan Tien Chong",
        "JobTitle": "Personnel Analyst",
        "BasePay": 72951.32,
        "OvertimePay": 0.0,
        "OtherPay": 0.0,
        "Benefits": 30487.34,
        "TotalPay": 72951.32,
        "TotalPayBenefits": 103438.66,
        "Year": 2014
    },
    {
        "EmployeeName": "Derrick Y Chong",
        "JobTitle": "Social Worker",
        "BasePay": 63674.61,
        "OvertimePay": 1454.27,
        "OtherPay": 297.13,
        "Benefits": 28506.64,
        "TotalPay": 65426.01,
        "TotalPayBenefits": 93932.65,
        "Year": 2014
    },
    {
        "EmployeeName": "Joyce Chong-Grogg",
        "JobTitle": "Medical Evaluations Assistant",
        "BasePay": 60771.02,
        "OvertimePay": 662.9,
        "OtherPay": 2795.83,
        "Benefits": 27699.55,
        "TotalPay": 64229.75,
        "TotalPayBenefits": 91929.3,
        "Year": 2014
    },
    {
        "EmployeeName": "Janice L Chong",
        "JobTitle": "HSA Sr Eligibility Worker",
        "BasePay": 60428.2,
        "OvertimePay": 0.0,
        "OtherPay": 1563.0,
        "Benefits": 28037.46,
        "TotalPay": 61991.2,
        "TotalPayBenefits": 90028.66,
        "Year": 2014
    },
    {
        "EmployeeName": "William Chong-Yuen",
        "JobTitle": "Food Service Worker",
        "BasePay": 33336.31,
        "OvertimePay": 12293.83,
        "OtherPay": 573.67,
        "Benefits": 19461.22,
        "TotalPay": 46203.81,
        "TotalPayBenefits": 65665.03,
        "Year": 2014
    },
    {
        "EmployeeName": "Chong Yip Wong",
        "JobTitle": "Transit Operator",
        "BasePay": 17460.87,
        "OvertimePay": 1505.32,
        "OtherPay": 538.1,
        "Benefits": 11472.27,
        "TotalPay": 19504.29,
        "TotalPayBenefits": 30976.56,
        "Year": 2014
    },
    {
        "EmployeeName": "David Chong-Vega",
        "JobTitle": "Custodian",
        "BasePay": 13898.3,
        "OvertimePay": 431.28,
        "OtherPay": 133.64,
        "Benefits": 7977.2,
        "TotalPay": 14463.22,
        "TotalPayBenefits": 22440.42,
        "Year": 2014
    },
    {
        "EmployeeName": "Helen H Chong",
        "JobTitle": "HSA Social Worker",
        "BasePay": 15392.52,
        "OvertimePay": 0.0,
        "OtherPay": 586.13,
        "Benefits": 3685.38,
        "TotalPay": 15978.65,
        "TotalPayBenefits": 19664.03,
        "Year": 2014
    },
    {
        "EmployeeName": "Joseph Chong",
        "JobTitle": "Transit Operator",
        "BasePay": 5224.74,
        "OvertimePay": 0.0,
        "OtherPay": 8137.74,
        "Benefits": 2687.78,
        "TotalPay": 13362.48,
        "TotalPayBenefits": 16050.26,
        "Year": 2014
    },
    {
        "EmployeeName": "Victoria H Chong",
        "JobTitle": "Publ Svc Aide-Asst to Prof",
        "BasePay": 15626.58,
        "OvertimePay": 0.0,
        "OtherPay": 0.0,
        "Benefits": 156.25,
        "TotalPay": 15626.58,
        "TotalPayBenefits": 15782.83,
        "Year": 2014
    },
    {
        "EmployeeName": "Chit Lee Chong",
        "JobTitle": "Special Nurse",
        "BasePay": 2180.28,
        "OvertimePay": 0.0,
        "OtherPay": 102.56,
        "Benefits": 521.52,
        "TotalPay": 2282.84,
        "TotalPayBenefits": 2804.36,
        "Year": 2014
    },
    {
        "EmployeeName": "Chit Lee Chong",
        "JobTitle": "Registered Nurse",
        "BasePay": 137799.35,
        "OvertimePay": 0.0,
        "OtherPay": 2199.39,
        "Benefits": 44699.76,
        "TotalPay": 139998.74,
        "TotalPayBenefits": 184698.5,
        "Year": 2015
    },
    {
        "EmployeeName": "Christopher C Chong",
        "JobTitle": "Wire Rope Cable Maint Mechanic",
        "BasePay": 86697.82,
        "OvertimePay": 43114.32,
        "OtherPay": 8669.77,
        "Benefits": 32994.78,
        "TotalPay": 138481.91,
        "TotalPayBenefits": 171476.69,
        "Year": 2015
    },
    {
        "EmployeeName": "Saravut L Chanbanchong",
        "JobTitle": "Electronic Maintenance Tech",
        "BasePay": 108038.0,
        "OvertimePay": 21261.35,
        "OtherPay": 590.0,
        "Benefits": 37414.85,
        "TotalPay": 129889.35,
        "TotalPayBenefits": 167304.2,
        "Year": 2015
    },
    {
        "EmployeeName": "Chong Z Nie",
        "JobTitle": "Electronic Maintenance Tech",
        "BasePay": 107978.0,
        "OvertimePay": 7201.69,
        "OtherPay": 10676.85,
        "Benefits": 39134.67,
        "TotalPay": 125856.54,
        "TotalPayBenefits": 164991.21,
        "Year": 2015
    },
    {
        "EmployeeName": "Emilie H Chong",
        "JobTitle": "Eligibility Worker Supervisor",
        "BasePay": 84715.4,
        "OvertimePay": 31169.87,
        "OtherPay": 1380.0,
        "Benefits": 30760.44,
        "TotalPay": 117265.27,
        "TotalPayBenefits": 148025.71,
        "Year": 2015
    },
    {
        "EmployeeName": "Alexander T Chong",
        "JobTitle": "Street Environ Svcs Oprs Supv",
        "BasePay": 102019.07,
        "OvertimePay": 11352.71,
        "OtherPay": 0.0,
        "Benefits": 33998.89,
        "TotalPay": 113371.78,
        "TotalPayBenefits": 147370.67,
        "Year": 2015
    },
    {
        "EmployeeName": "Wan Tien Chong",
        "JobTitle": "Senior Personnel Analyst",
        "BasePay": 81647.01,
        "OvertimePay": 0.0,
        "OtherPay": 0.0,
        "Benefits": 30310.76,
        "TotalPay": 81647.01,
        "TotalPayBenefits": 111957.77,
        "Year": 2015
    },
    {
        "EmployeeName": "Madeleine B Chanbanchong",
        "JobTitle": "Senior Management Assistant",
        "BasePay": 80858.45,
        "OvertimePay": 0.0,
        "OtherPay": 0.0,
        "Benefits": 30795.23,
        "TotalPay": 80858.45,
        "TotalPayBenefits": 111653.68,
        "Year": 2015
    },
    {
        "EmployeeName": "Derrick Y Chong",
        "JobTitle": "HSA Social Worker",
        "BasePay": 69642.63,
        "OvertimePay": 0.0,
        "OtherPay": 0.0,
        "Benefits": 28108.56,
        "TotalPay": 69642.63,
        "TotalPayBenefits": 97751.19,
        "Year": 2015
    },
    {
        "EmployeeName": "Mina Chong",
        "JobTitle": "Registered Nurse",
        "BasePay": 72161.58,
        "OvertimePay": 2148.78,
        "OtherPay": 3011.15,
        "Benefits": 18983.64,
        "TotalPay": 77321.51,
        "TotalPayBenefits": 96305.15,
        "Year": 2015
    },
    {
        "EmployeeName": "Andrea C Chong",
        "JobTitle": "Accountant II",
        "BasePay": 70094.16,
        "OvertimePay": 0.0,
        "OtherPay": 0.0,
        "Benefits": 25734.19,
        "TotalPay": 70094.16,
        "TotalPayBenefits": 95828.35,
        "Year": 2015
    },
    {
        "EmployeeName": "Janice L Chong",
        "JobTitle": "HSA Sr Eligibility Worker",
        "BasePay": 65242.93,
        "OvertimePay": 0.0,
        "OtherPay": 1380.0,
        "Benefits": 27346.94,
        "TotalPay": 66622.93,
        "TotalPayBenefits": 93969.87,
        "Year": 2015
    },
    {
        "EmployeeName": "Joyce Chong-Grogg",
        "JobTitle": "Medical Evaluations Assistant",
        "BasePay": 62811.05,
        "OvertimePay": 776.24,
        "OtherPay": 2803.29,
        "Benefits": 26515.97,
        "TotalPay": 66390.58,
        "TotalPayBenefits": 92906.55,
        "Year": 2015
    },
    {
        "EmployeeName": "William Chong-Yuen",
        "JobTitle": "Food Service Worker",
        "BasePay": 47847.4,
        "OvertimePay": 5908.97,
        "OtherPay": 387.9,
        "Benefits": 25069.82,
        "TotalPay": 54144.27,
        "TotalPayBenefits": 79214.09,
        "Year": 2015
    },
    {
        "EmployeeName": "Chong Yip Wong",
        "JobTitle": "Transit Operator",
        "BasePay": 45125.98,
        "OvertimePay": 2776.66,
        "OtherPay": 1703.85,
        "Benefits": 26614.38,
        "TotalPay": 49606.49,
        "TotalPayBenefits": 76220.87,
        "Year": 2015
    },
    {
        "EmployeeName": "David Chong-Vega",
        "JobTitle": "Custodian",
        "BasePay": 47213.3,
        "OvertimePay": 2973.45,
        "OtherPay": 443.13,
        "Benefits": 24901.7,
        "TotalPay": 50629.88,
        "TotalPayBenefits": 75531.58,
        "Year": 2015
    },
    {
        "EmployeeName": "Mina Chong",
        "JobTitle": "Special Nurse",
        "BasePay": 63627.92,
        "OvertimePay": 0.0,
        "OtherPay": 1948.83,
        "Benefits": 7360.94,
        "TotalPay": 65576.75,
        "TotalPayBenefits": 72937.69,
        "Year": 2015
    },
    {
        "EmployeeName": "Helen H Chong",
        "JobTitle": "Protective Services Worker",
        "BasePay": 43841.73,
        "OvertimePay": 0.0,
        "OtherPay": 160.0,
        "Benefits": 16042.51,
        "TotalPay": 44001.73,
        "TotalPayBenefits": 60044.24,
        "Year": 2015
    },
    {
        "EmployeeName": "Chongsen Zhao",
        "JobTitle": "StdntDsgnTrain1, Arch/Eng/Plng",
        "BasePay": 26490.35,
        "OvertimePay": 0.0,
        "OtherPay": 0.0,
        "Benefits": 264.91,
        "TotalPay": 26490.35,
        "TotalPayBenefits": 26755.26,
        "Year": 2015
    },
    {
        "EmployeeName": "Victoria Chong",
        "JobTitle": "StdntDsgn Train2/Arch/Eng/Plng",
        "BasePay": 19984.85,
        "OvertimePay": 0.0,
        "OtherPay": 0.0,
        "Benefits": 199.86,
        "TotalPay": 19984.85,
        "TotalPayBenefits": 20184.71,
        "Year": 2015
    },
    {
        "EmployeeName": "Chit Lee Chong",
        "JobTitle": "Special Nurse",
        "BasePay": 361.77,
        "OvertimePay": 0.0,
        "OtherPay": 8.13,
        "Benefits": 74.03,
        "TotalPay": 369.9,
        "TotalPayBenefits": 443.93,
        "Year": 2015
    },
    {
        "EmployeeName": "Chit Lee Chong",
        "JobTitle": "Registered Nurse",
        "BasePay": 147230.73,
        "OvertimePay": 0.0,
        "OtherPay": 2582.42,
        "Benefits": 40445.98,
        "TotalPay": 149813.15,
        "TotalPayBenefits": 190259.13,
        "Year": 2016
    },
    {
        "EmployeeName": "Saravut L Chanbanchong",
        "JobTitle": "Electronic Maintenance Tech",
        "BasePay": 112772.0,
        "OvertimePay": 23759.74,
        "OtherPay": 600.0,
        "Benefits": 36605.94,
        "TotalPay": 137131.74,
        "TotalPayBenefits": 173737.68,
        "Year": 2016
    },
    {
        "EmployeeName": "Christopher C Chong",
        "JobTitle": "Wire Rope Cable Maint Mechanic",
        "BasePay": 92618.94,
        "OvertimePay": 33579.43,
        "OtherPay": 9494.82,
        "Benefits": 33142.68,
        "TotalPay": 135693.19,
        "TotalPayBenefits": 168835.87,
        "Year": 2016
    },
    {
        "EmployeeName": "Chong Z Nie",
        "JobTitle": "Electronic Maintenance Tech",
        "BasePay": 112376.0,
        "OvertimePay": 6053.9,
        "OtherPay": 10632.02,
        "Benefits": 37845.24,
        "TotalPay": 129061.92,
        "TotalPayBenefits": 166907.16,
        "Year": 2016
    },
    {
        "EmployeeName": "Mina Chong",
        "JobTitle": "Registered Nurse",
        "BasePay": 110037.74,
        "OvertimePay": 6036.45,
        "OtherPay": 5219.33,
        "Benefits": 31881.35,
        "TotalPay": 121293.52,
        "TotalPayBenefits": 153174.87,
        "Year": 2016
    },
    {
        "EmployeeName": "Emilie H Chong",
        "JobTitle": "Eligibility Worker Supervisor",
        "BasePay": 88925.01,
        "OvertimePay": 26421.0,
        "OtherPay": 1480.0,
        "Benefits": 29749.57,
        "TotalPay": 116826.01,
        "TotalPayBenefits": 146575.58,
        "Year": 2016
    },
    {
        "EmployeeName": "Alexander T Chong",
        "JobTitle": "Street Environ Svcs Oprs Supv",
        "BasePay": 102160.2,
        "OvertimePay": 9898.98,
        "OtherPay": 0.0,
        "Benefits": 31005.46,
        "TotalPay": 112059.18,
        "TotalPayBenefits": 143064.64,
        "Year": 2016
    },
    {
        "EmployeeName": "Wan Tien Chong",
        "JobTitle": "Senior Personnel Analyst",
        "BasePay": 92763.41,
        "OvertimePay": 0.0,
        "OtherPay": 0.0,
        "Benefits": 31064.9,
        "TotalPay": 92763.41,
        "TotalPayBenefits": 123828.31,
        "Year": 2016
    },
    {
        "EmployeeName": "Madeleine B Chanbanchong",
        "JobTitle": "Senior Management Assistant",
        "BasePay": 91742.13,
        "OvertimePay": 0.0,
        "OtherPay": 0.0,
        "Benefits": 31320.89,
        "TotalPay": 91742.13,
        "TotalPayBenefits": 123063.02,
        "Year": 2016
    },
    {
        "EmployeeName": "Andrea C Chong",
        "JobTitle": "Accountant III",
        "BasePay": 90210.22,
        "OvertimePay": 0.0,
        "OtherPay": 0.0,
        "Benefits": 29723.05,
        "TotalPay": 90210.22,
        "TotalPayBenefits": 119933.27,
        "Year": 2016
    },
    {
        "EmployeeName": "Helen H Chong",
        "JobTitle": "Protective Services Worker",
        "BasePay": 85821.63,
        "OvertimePay": 0.0,
        "OtherPay": 0.0,
        "Benefits": 29614.07,
        "TotalPay": 85821.63,
        "TotalPayBenefits": 115435.7,
        "Year": 2016
    },
    {
        "EmployeeName": "Janice L Chong",
        "JobTitle": "HSA Sr Eligibility Worker",
        "BasePay": 78009.33,
        "OvertimePay": 0.0,
        "OtherPay": 1620.0,
        "Benefits": 28471.11,
        "TotalPay": 79629.33,
        "TotalPayBenefits": 108100.44,
        "Year": 2016
    },
    {
        "EmployeeName": "Derrick Y Chong",
        "JobTitle": "HSA Social Worker",
        "BasePay": 76080.06,
        "OvertimePay": 0.0,
        "OtherPay": 0.0,
        "Benefits": 27687.77,
        "TotalPay": 76080.06,
        "TotalPayBenefits": 103767.83,
        "Year": 2016
    },
    {
        "EmployeeName": "Chong K Hong",
        "JobTitle": "Public SafetyComm Disp",
        "BasePay": 58952.7,
        "OvertimePay": 18095.29,
        "OtherPay": 2039.03,
        "Benefits": 21415.48,
        "TotalPay": 79087.02,
        "TotalPayBenefits": 100502.5,
        "Year": 2016
    },
    {
        "EmployeeName": "Joyce Chong-Grogg",
        "JobTitle": "Medical Evaluations Assistant",
        "BasePay": 65200.07,
        "OvertimePay": 559.07,
        "OtherPay": 2778.94,
        "Benefits": 25390.63,
        "TotalPay": 68538.08,
        "TotalPayBenefits": 93928.71,
        "Year": 2016
    },
    {
        "EmployeeName": "Chong Yip Wong",
        "JobTitle": "Transit Operator",
        "BasePay": 53630.94,
        "OvertimePay": 1786.88,
        "OtherPay": 1523.47,
        "Benefits": 27997.11,
        "TotalPay": 56941.29,
        "TotalPayBenefits": 84938.4,
        "Year": 2016
    },
    {
        "EmployeeName": "William Chong-Yuen",
        "JobTitle": "Food Service Worker",
        "BasePay": 52317.0,
        "OvertimePay": 3252.4,
        "OtherPay": 280.19,
        "Benefits": 24593.59,
        "TotalPay": 55849.59,
        "TotalPayBenefits": 80443.18,
        "Year": 2016
    },
    {
        "EmployeeName": "David Chong-Vega",
        "JobTitle": "Custodian",
        "BasePay": 51600.5,
        "OvertimePay": 2946.36,
        "OtherPay": 470.71,
        "Benefits": 24474.2,
        "TotalPay": 55017.57,
        "TotalPayBenefits": 79491.77,
        "Year": 2016
    },
    {
        "EmployeeName": "Victoria Chong",
        "JobTitle": "City Planning Intern",
        "BasePay": 36338.11,
        "OvertimePay": 0.0,
        "OtherPay": 0.0,
        "Benefits": 15151.94,
        "TotalPay": 36338.11,
        "TotalPayBenefits": 51490.05,
        "Year": 2016
    },
    {
        "EmployeeName": "Cindy L Chong",
        "JobTitle": "Special Nurse",
        "BasePay": 35697.68,
        "OvertimePay": 0.0,
        "OtherPay": 14.45,
        "Benefits": 3540.66,
        "TotalPay": 35712.13,
        "TotalPayBenefits": 39252.79,
        "Year": 2016
    },
    {
        "EmployeeName": "Catherine Yee Chong Lee",
        "JobTitle": "Clerk",
        "BasePay": 16581.09,
        "OvertimePay": 5121.95,
        "OtherPay": 480.0,
        "Benefits": 4637.19,
        "TotalPay": 22183.04,
        "TotalPayBenefits": 26820.23,
        "Year": 2016
    },
    {
        "EmployeeName": "Mina Chong",
        "JobTitle": "Special Nurse",
        "BasePay": 13155.6,
        "OvertimePay": 0.0,
        "OtherPay": 237.03,
        "Benefits": 3327.65,
        "TotalPay": 13392.63,
        "TotalPayBenefits": 16720.28,
        "Year": 2016
    },
    {
        "EmployeeName": "Victor Chong",
        "JobTitle": "Public Service Trainee",
        "BasePay": 12880.0,
        "OvertimePay": 0.0,
        "OtherPay": 0.0,
        "Benefits": 3552.42,
        "TotalPay": 12880.0,
        "TotalPayBenefits": 16432.42,
        "Year": 2016
    },
    {
        "EmployeeName": "Chit Lee Chong",
        "JobTitle": "Special Nurse",
        "BasePay": 1776.29,
        "OvertimePay": 0.0,
        "OtherPay": 115.04,
        "Benefits": 466.96,
        "TotalPay": 1891.33,
        "TotalPayBenefits": 2358.29,
        "Year": 2016
    },
    {
        "EmployeeName": "Chit Lee Chong",
        "JobTitle": "Registered Nurse",
        "BasePay": 150732.01,
        "OvertimePay": 53.61,
        "OtherPay": 2933.46,
        "Benefits": 46268.43,
        "TotalPay": 153719.08,
        "TotalPayBenefits": 199987.51,
        "Year": 2017
    },
    {
        "EmployeeName": "Saravut L Chanbanchong",
        "JobTitle": "Electronic Maintenance Tech",
        "BasePay": 116400.0,
        "OvertimePay": 32470.82,
        "OtherPay": 505.97,
        "Benefits": 38906.87,
        "TotalPay": 149376.79,
        "TotalPayBenefits": 188283.66,
        "Year": 2017
    },
    {
        "EmployeeName": "Chong K Hong",
        "JobTitle": "Public SafetyComm Disp",
        "BasePay": 85743.32,
        "OvertimePay": 61468.09,
        "OtherPay": 4810.39,
        "Benefits": 32977.95,
        "TotalPay": 152021.8,
        "TotalPayBenefits": 184999.75,
        "Year": 2017
    },
    {
        "EmployeeName": "Mina Chong",
        "JobTitle": "Registered Nurse",
        "BasePay": 116368.8,
        "OvertimePay": 10842.39,
        "OtherPay": 9644.19,
        "Benefits": 38166.46,
        "TotalPay": 136855.38,
        "TotalPayBenefits": 175021.84,
        "Year": 2017
    },
    {
        "EmployeeName": "Christopher C Chong",
        "JobTitle": "Wire Rope Cable Maint Mechanic",
        "BasePay": 94506.02,
        "OvertimePay": 33527.67,
        "OtherPay": 11188.35,
        "Benefits": 35686.6,
        "TotalPay": 139222.04,
        "TotalPayBenefits": 174908.64,
        "Year": 2017
    },
    {
        "EmployeeName": "Chong Z Nie",
        "JobTitle": "Electronic Maintenance Tech",
        "BasePay": 115906.01,
        "OvertimePay": 7579.27,
        "OtherPay": 10347.25,
        "Benefits": 40608.61,
        "TotalPay": 133832.53,
        "TotalPayBenefits": 174441.14,
        "Year": 2017
    },
    {
        "EmployeeName": "Alexander T Chong",
        "JobTitle": "Street Environ Svcs Oprs Supv",
        "BasePay": 104310.06,
        "OvertimePay": 17369.0,
        "OtherPay": 109.9,
        "Benefits": 33879.9,
        "TotalPay": 121788.96,
        "TotalPayBenefits": 155668.86,
        "Year": 2017
    },
    {
        "EmployeeName": "Emilie H Chong",
        "JobTitle": "Eligibility Worker Supervisor",
        "BasePay": 91702.0,
        "OvertimePay": 23899.42,
        "OtherPay": 1540.0,
        "Benefits": 32394.94,
        "TotalPay": 117141.42,
        "TotalPayBenefits": 149536.36,
        "Year": 2017
    },
    {
        "EmployeeName": "Wan Tien Chong",
        "JobTitle": "Senior Human Resources Analyst",
        "BasePay": 100432.7,
        "OvertimePay": 0.0,
        "OtherPay": 0.0,
        "Benefits": 34216.94,
        "TotalPay": 100432.7,
        "TotalPayBenefits": 134649.64,
        "Year": 2017
    },
    {
        "EmployeeName": "Madeleine B Chanbanchong",
        "JobTitle": "Senior Management Assistant",
        "BasePay": 99116.02,
        "OvertimePay": 0.0,
        "OtherPay": 0.0,
        "Benefits": 34471.76,
        "TotalPay": 99116.02,
        "TotalPayBenefits": 133587.78,
        "Year": 2017
    },
    {
        "EmployeeName": "Andrea C Chong",
        "JobTitle": "Accountant III",
        "BasePay": 99064.97,
        "OvertimePay": 0.0,
        "OtherPay": 0.0,
        "Benefits": 33314.08,
        "TotalPay": 99064.97,
        "TotalPayBenefits": 132379.05,
        "Year": 2017
    },
    {
        "EmployeeName": "Helen H Chong",
        "JobTitle": "Protective Services Worker",
        "BasePay": 92914.62,
        "OvertimePay": 0.0,
        "OtherPay": 900.0,
        "Benefits": 33031.7,
        "TotalPay": 93814.62,
        "TotalPayBenefits": 126846.32,
        "Year": 2017
    },
    {
        "EmployeeName": "Derrick Y Chong",
        "JobTitle": "Program Specialist",
        "BasePay": 90589.03,
        "OvertimePay": 0.0,
        "OtherPay": 0.0,
        "Benefits": 32380.2,
        "TotalPay": 90589.03,
        "TotalPayBenefits": 122969.23,
        "Year": 2017
    },
    {
        "EmployeeName": "Janice L Chong",
        "JobTitle": "HSA Sr Eligibility Worker",
        "BasePay": 79882.3,
        "OvertimePay": 0.0,
        "OtherPay": 1500.0,
        "Benefits": 30432.22,
        "TotalPay": 81382.3,
        "TotalPayBenefits": 111814.52,
        "Year": 2017
    },
    {
        "EmployeeName": "Joyce Chong-Grogg",
        "JobTitle": "Medical Evaluations Assistant",
        "BasePay": 67443.06,
        "OvertimePay": 621.91,
        "OtherPay": 4067.59,
        "Benefits": 28030.99,
        "TotalPay": 72132.56,
        "TotalPayBenefits": 100163.55,
        "Year": 2017
    },
    {
        "EmployeeName": "Chong Yip Wong",
        "JobTitle": "Transit Operator",
        "BasePay": 64334.53,
        "OvertimePay": 666.43,
        "OtherPay": 3434.27,
        "Benefits": 29187.37,
        "TotalPay": 68435.23,
        "TotalPayBenefits": 97622.6,
        "Year": 2017
    },
    {
        "EmployeeName": "Cindy L Chong",
        "JobTitle": "Special Nurse",
        "BasePay": 90729.41,
        "OvertimePay": 0.0,
        "OtherPay": 299.48,
        "Benefits": 910.33,
        "TotalPay": 91028.89,
        "TotalPayBenefits": 91939.22,
        "Year": 2017
    },
    {
        "EmployeeName": "David Chong-Vega",
        "JobTitle": "Custodian",
        "BasePay": 55880.0,
        "OvertimePay": 3632.1,
        "OtherPay": 552.19,
        "Benefits": 27177.12,
        "TotalPay": 60064.29,
        "TotalPayBenefits": 87241.41,
        "Year": 2017
    },
    {
        "EmployeeName": "William Chong-Yuen",
        "JobTitle": "Food Service Worker",
        "BasePay": 55200.0,
        "OvertimePay": 2061.92,
        "OtherPay": 0.0,
        "Benefits": 26872.0,
        "TotalPay": 57261.92,
        "TotalPayBenefits": 84133.92,
        "Year": 2017
    },
    {
        "EmployeeName": "Victoria Chong",
        "JobTitle": "Transportation Planner II",
        "BasePay": 60019.12,
        "OvertimePay": 0.0,
        "OtherPay": 0.0,
        "Benefits": 12724.64,
        "TotalPay": 60019.12,
        "TotalPayBenefits": 72743.76,
        "Year": 2017
    },
    {
        "EmployeeName": "Catherine Yee Chong Lee",
        "JobTitle": "Clerk",
        "BasePay": 47490.9,
        "OvertimePay": 113.83,
        "OtherPay": 1560.0,
        "Benefits": 23221.65,
        "TotalPay": 49164.73,
        "TotalPayBenefits": 72386.38,
        "Year": 2017
    },
    {
        "EmployeeName": "Victor Chong",
        "JobTitle": "IT Operations Support Admin II",
        "BasePay": 42200.51,
        "OvertimePay": 0.0,
        "OtherPay": 2786.28,
        "Benefits": 18555.27,
        "TotalPay": 44986.79,
        "TotalPayBenefits": 63542.06,
        "Year": 2017
    },
    {
        "EmployeeName": "Barbara Chong",
        "JobTitle": "Medical Evaluations Assistant",
        "BasePay": 32316.0,
        "OvertimePay": 0.0,
        "OtherPay": 990.0,
        "Benefits": 15989.65,
        "TotalPay": 33306.0,
        "TotalPayBenefits": 49295.65,
        "Year": 2017
    },
    {
        "EmployeeName": "Chongwei Zhao",
        "JobTitle": "Transit Operator",
        "BasePay": 16676.42,
        "OvertimePay": 1128.95,
        "OtherPay": 525.32,
        "Benefits": 9261.53,
        "TotalPay": 18330.69,
        "TotalPayBenefits": 27592.22,
        "Year": 2017
    },
    {
        "EmployeeName": "Vincent C Chong",
        "JobTitle": "Senior Account Clerk",
        "BasePay": 11692.8,
        "OvertimePay": 0.0,
        "OtherPay": 0.0,
        "Benefits": 2773.3,
        "TotalPay": 11692.8,
        "TotalPayBenefits": 14466.1,
        "Year": 2017
    },
    {
        "EmployeeName": "Mina Chong",
        "JobTitle": "Special Nurse",
        "BasePay": 10518.26,
        "OvertimePay": 0.0,
        "OtherPay": 221.55,
        "Benefits": 1715.05,
        "TotalPay": 10739.81,
        "TotalPayBenefits": 12454.86,
        "Year": 2017
    },
    {
        "EmployeeName": "Chit Lee Chong",
        "JobTitle": "Special Nurse",
        "BasePay": 3623.51,
        "OvertimePay": 0.0,
        "OtherPay": 740.54,
        "Benefits": 788.91,
        "TotalPay": 4364.05,
        "TotalPayBenefits": 5152.96,
        "Year": 2017
    },
    {
        "EmployeeName": "Chong K Hong",
        "JobTitle": "Public SafetyComm Disp",
        "BasePay": 92503.35,
        "OvertimePay": 77602.49,
        "OtherPay": 10700.51,
        "Benefits": 35988.96,
        "TotalPay": 180806.35,
        "TotalPayBenefits": 216795.31,
        "Year": 2018
    },
    {
        "EmployeeName": "Chit Lee Chong",
        "JobTitle": "Registered Nurse",
        "BasePay": 154657.39,
        "OvertimePay": 834.7,
        "OtherPay": 3023.47,
        "Benefits": 48919.72,
        "TotalPay": 158515.56,
        "TotalPayBenefits": 207435.28,
        "Year": 2018
    },
    {
        "EmployeeName": "Christopher C Chong",
        "JobTitle": "Wire Rope Cable Maint Sprv",
        "BasePay": 104257.78,
        "OvertimePay": 42231.96,
        "OtherPay": 10411.2,
        "Benefits": 37119.86,
        "TotalPay": 156900.94,
        "TotalPayBenefits": 194020.8,
        "Year": 2018
    },
    {
        "EmployeeName": "Mina Chong",
        "JobTitle": "Registered Nurse",
        "BasePay": 123795.16,
        "OvertimePay": 10189.2,
        "OtherPay": 5437.57,
        "Benefits": 40122.57,
        "TotalPay": 139421.93,
        "TotalPayBenefits": 179544.5,
        "Year": 2018
    },
    {
        "EmployeeName": "Saravut L Chanbanchong",
        "JobTitle": "Electronic Maintenance Tech",
        "BasePay": 119866.4,
        "OvertimePay": 17345.06,
        "OtherPay": 360.0,
        "Benefits": 40771.45,
        "TotalPay": 137571.46,
        "TotalPayBenefits": 178342.91,
        "Year": 2018
    },
    {
        "EmployeeName": "Alexander T Chong",
        "JobTitle": "Street Environ Svcs Oprs Supv",
        "BasePay": 113805.3,
        "OvertimePay": 12605.2,
        "OtherPay": 130.54,
        "Benefits": 36552.32,
        "TotalPay": 126541.04,
        "TotalPayBenefits": 163093.36,
        "Year": 2018
    },
    {
        "EmployeeName": "Emilie H Chong",
        "JobTitle": "Eligibility Worker Supervisor",
        "BasePay": 94442.0,
        "OvertimePay": 22940.3,
        "OtherPay": 1952.0,
        "Benefits": 35443.28,
        "TotalPay": 119334.3,
        "TotalPayBenefits": 154777.58,
        "Year": 2018
    },
    {
        "EmployeeName": "Wan Tien Chong",
        "JobTitle": "Senior Human Resources Analyst",
        "BasePay": 108602.27,
        "OvertimePay": 0.0,
        "OtherPay": 0.0,
        "Benefits": 35737.75,
        "TotalPay": 108602.27,
        "TotalPayBenefits": 144340.02,
        "Year": 2018
    },
    {
        "EmployeeName": "Andrea C Chong",
        "JobTitle": "Accountant III",
        "BasePay": 107137.63,
        "OvertimePay": 0.0,
        "OtherPay": 0.0,
        "Benefits": 36139.3,
        "TotalPay": 107137.63,
        "TotalPayBenefits": 143276.93,
        "Year": 2018
    },
    {
        "EmployeeName": "Madeleine B Chanbanchong",
        "JobTitle": "Senior Management Assistant",
        "BasePay": 102090.05,
        "OvertimePay": 0.0,
        "OtherPay": 0.0,
        "Benefits": 36044.15,
        "TotalPay": 102090.05,
        "TotalPayBenefits": 138134.2,
        "Year": 2018
    },
    {
        "EmployeeName": "Helen H Chong",
        "JobTitle": "Protective Services Worker",
        "BasePay": 100461.6,
        "OvertimePay": 0.0,
        "OtherPay": 1500.0,
        "Benefits": 34772.18,
        "TotalPay": 101961.6,
        "TotalPayBenefits": 136733.78,
        "Year": 2018
    },
    {
        "EmployeeName": "Derrick Y Chong",
        "JobTitle": "Program Specialist",
        "BasePay": 94442.09,
        "OvertimePay": 103.78,
        "OtherPay": 0.0,
        "Benefits": 33923.37,
        "TotalPay": 94545.87,
        "TotalPayBenefits": 128469.24,
        "Year": 2018
    },
    {
        "EmployeeName": "Janice L Chong",
        "JobTitle": "HSA Sr Eligibility Worker",
        "BasePay": 85196.01,
        "OvertimePay": 0.0,
        "OtherPay": 1480.0,
        "Benefits": 32321.32,
        "TotalPay": 86676.01,
        "TotalPayBenefits": 118997.33,
        "Year": 2018
    },
    {
        "EmployeeName": "Victoria Chong",
        "JobTitle": "Transportation Planner II",
        "BasePay": 84198.15,
        "OvertimePay": 0.0,
        "OtherPay": 800.0,
        "Benefits": 31328.9,
        "TotalPay": 84998.15,
        "TotalPayBenefits": 116327.05,
        "Year": 2018
    },
    {
        "EmployeeName": "Chong Z Nie",
        "JobTitle": "Electronic Maintenance Tech",
        "BasePay": 58877.04,
        "OvertimePay": 4560.76,
        "OtherPay": 29558.08,
        "Benefits": 21841.67,
        "TotalPay": 92995.88,
        "TotalPayBenefits": 114837.55,
        "Year": 2018
    },
    {
        "EmployeeName": "Cindy L Chong",
        "JobTitle": "Special Nurse",
        "BasePay": 106164.15,
        "OvertimePay": 978.75,
        "OtherPay": 314.16,
        "Benefits": 3946.87,
        "TotalPay": 107457.06,
        "TotalPayBenefits": 111403.93,
        "Year": 2018
    },
    {
        "EmployeeName": "Chong Yip Wong",
        "JobTitle": "Transit Operator",
        "BasePay": 69454.28,
        "OvertimePay": 8575.17,
        "OtherPay": 2863.89,
        "Benefits": 29479.66,
        "TotalPay": 80893.34,
        "TotalPayBenefits": 110373.0,
        "Year": 2018
    },
    {
        "EmployeeName": "Catherine Yee Chong Lee",
        "JobTitle": "Junior Management Assistant",
        "BasePay": 63981.0,
        "OvertimePay": 10792.73,
        "OtherPay": 1520.0,
        "Benefits": 28759.62,
        "TotalPay": 76293.73,
        "TotalPayBenefits": 105053.35,
        "Year": 2018
    },
    {
        "EmployeeName": "Joyce Chong-Grogg",
        "JobTitle": "Medical Evaluations Assistant",
        "BasePay": 69432.06,
        "OvertimePay": 1182.28,
        "OtherPay": 3383.32,
        "Benefits": 30258.77,
        "TotalPay": 73997.66,
        "TotalPayBenefits": 104256.43,
        "Year": 2018
    },
    {
        "EmployeeName": "Chong S Yi",
        "JobTitle": "Public SafetyComm Disp",
        "BasePay": 65459.0,
        "OvertimePay": 4805.58,
        "OtherPay": 3285.31,
        "Benefits": 24888.01,
        "TotalPay": 73549.89,
        "TotalPayBenefits": 98437.9,
        "Year": 2018
    },
    {
        "EmployeeName": "David Chong-Vega",
        "JobTitle": "Custodian",
        "BasePay": 60438.5,
        "OvertimePay": 5486.95,
        "OtherPay": 651.65,
        "Benefits": 29591.33,
        "TotalPay": 66577.1,
        "TotalPayBenefits": 96168.43,
        "Year": 2018
    },
    {
        "EmployeeName": "Chongwei Zhao",
        "JobTitle": "Transit Operator",
        "BasePay": 53159.13,
        "OvertimePay": 6717.11,
        "OtherPay": 3890.16,
        "Benefits": 29694.13,
        "TotalPay": 63766.4,
        "TotalPayBenefits": 93460.53,
        "Year": 2018
    },
    {
        "EmployeeName": "Barbara Chong",
        "JobTitle": "Medical Evaluations Assistant",
        "BasePay": 58765.85,
        "OvertimePay": 256.7,
        "OtherPay": 1950.74,
        "Benefits": 29117.28,
        "TotalPay": 60973.29,
        "TotalPayBenefits": 90090.57,
        "Year": 2018
    },
    {
        "EmployeeName": "Vincent C Chong",
        "JobTitle": "Junior Administrative Analyst",
        "BasePay": 65079.39,
        "OvertimePay": 244.6,
        "OtherPay": 0.0,
        "Benefits": 23221.08,
        "TotalPay": 65323.99,
        "TotalPayBenefits": 88545.07,
        "Year": 2018
    },
    {
        "EmployeeName": "William Chong-Yuen",
        "JobTitle": "Food Service Worker",
        "BasePay": 56855.5,
        "OvertimePay": 1469.86,
        "OtherPay": 0.0,
        "Benefits": 29043.11,
        "TotalPay": 58325.36,
        "TotalPayBenefits": 87368.47,
        "Year": 2018
    },
    {
        "EmployeeName": "Chongyi Wang",
        "JobTitle": "Senior Legal Process Clerk",
        "BasePay": 37533.0,
        "OvertimePay": 0.0,
        "OtherPay": 0.0,
        "Benefits": 17547.32,
        "TotalPay": 37533.0,
        "TotalPayBenefits": 55080.32,
        "Year": 2018
    },
    {
        "EmployeeName": "Wah Chong",
        "JobTitle": "Medical Social Worker",
        "BasePay": 34013.63,
        "OvertimePay": 0.0,
        "OtherPay": 160.0,
        "Benefits": 341.74,
        "TotalPay": 34173.63,
        "TotalPayBenefits": 34515.37,
        "Year": 2018
    },
    {
        "EmployeeName": "Katrina E Chong",
        "JobTitle": "Physician Assistant",
        "BasePay": 12574.16,
        "OvertimePay": 11106.62,
        "OtherPay": 7257.6,
        "Benefits": 309.39,
        "TotalPay": 30938.38,
        "TotalPayBenefits": 31247.77,
        "Year": 2018
    },
    {
        "EmployeeName": "Cindy L Chong",
        "JobTitle": "Registered Nurse",
        "BasePay": 18011.41,
        "OvertimePay": 0.0,
        "OtherPay": 0.0,
        "Benefits": 2767.43,
        "TotalPay": 18011.41,
        "TotalPayBenefits": 20778.84,
        "Year": 2018
    },
    {
        "EmployeeName": "Chongliang Guo",
        "JobTitle": "Junior Clerk",
        "BasePay": 12776.09,
        "OvertimePay": 3816.52,
        "OtherPay": 0.0,
        "Benefits": 165.92,
        "TotalPay": 16592.61,
        "TotalPayBenefits": 16758.53,
        "Year": 2018
    },
    {
        "EmployeeName": "Mina Chong",
        "JobTitle": "Special Nurse",
        "BasePay": 12540.72,
        "OvertimePay": 0.0,
        "OtherPay": 17.3,
        "Benefits": 2113.77,
        "TotalPay": 12558.02,
        "TotalPayBenefits": 14671.79,
        "Year": 2018
    },
    {
        "EmployeeName": "Chit Lee Chong",
        "JobTitle": "Special Nurse",
        "BasePay": 1244.88,
        "OvertimePay": 0.0,
        "OtherPay": 110.69,
        "Benefits": 258.0,
        "TotalPay": 1355.57,
        "TotalPayBenefits": 1613.57,
        "Year": 2018
    }
]