EmployeeName,JobTitle,BasePay,OvertimePay,OtherPay,Benefits,TotalPay,TotalPayBenefits,Year
CHRISTOPHER CHONG,WIRE ROPE CABLE MAINTENANCE MECHANIC,77916.0,56120.71,198306.9,,332343.61,332343.61,2011
CHONG NIE,ELECTRONIC MAINTENANCE TECHNICIAN,96811.2,5813.57,9259.45,,111884.22,111884.22,2011
ALEXANDER CHONG,STREET ENVIRONMENTAL SERVICES OPERATIONS SUPERVI,88258.18,18815.75,886.36,,107960.29,107960.29,2011
JOSEPH CHONG,TRANSIT OPERATOR,66857.18,34310.24,5205.54,,106372.96,106372.96,2011
SARAVUT CHANBANCHONG,ELECTRICAL TRANSIT SYSTEM MECHANIC,77580.4,23317.29,2790.17,,103687.86,103687.86,2011
EMILIE CHONG,ELIGIBILITY WORKER SUPERVISOR,73157.93,0.0,1460.0,,74617.93,74617.93,2011
DEXTER CHONG,TRANSIT OPERATOR,65560.97,3357.94,4138.77,,73057.68,73057.68,2011
ANDREA CHONG,SENIOR ACCOUNTANT,70337.05,0.0,0.0,,70337.05,70337.05,2011
CHIT LEE CHONG,SPECIAL NURSE,66261.93,0.0,787.07,,67049.0,67049.0,2011
CHIT LEE CHONG,REGISTERED NURSE,55563.4,0.0,1450.0,,57013.4,57013.4,2011
JOYCE CHONG,MEDICAL EVALUATIONS ASSISTANT,53825.69,0.0,2605.23,,56430.92,56430.92,2011
HELEN CHONG,SOCIAL WORKER,50893.06,0.0,1500.0,,52393.06,52393.06,2011
DERRICK CHONG,ELIGIBILITY WORKER,26027.7,0.0,0.0,,26027.7,26027.7,2011
MADELEINE CHANBANCHONG,MANAGEMENT ASSISTANT,21960.02,0.0,0.0,,21960.02,21960.02,2011
DEBORAH CHONG,RECREATION LEADER,10884.26,0.0,1.27,,10885.53,10885.53,2011
JANICE CHONG,PUBLIC SERVICE AIDE-HEALTH SERVICES,10855.71,0.0,0.0,,10855.71,10855.71,2011
Christopher Chong,Wire Rope Cable Maint Mechanic,80439.54,68565.2,25289.08,42081.3,174293.82,216375.12,2012
Joseph Chong,Transit Operator,67331.02,44032.17,8021.88,42611.06,119385.07,161996.13,2012
Chong Nie,Electronic Maintenance Tech,97844.44,7777.8,9627.28,41577.51,115249.52,156827.03,2012
Alexander Chong,Street Environ Svcs Oprs Supv,89963.14,21443.35,496.8,38071.42,111903.29,149974.71,2012
Saravut Chanbanchong,Electronic Maintenance Tech,83427.0,8566.5,5186.1,37526.3,97179.6,134705.9,2012
Madeleine Chanbanchong,Management Assistant,73351.05,0.0,0.0,32588.05,73351.05,105939.1,2012
Emilie Chong,Eligibility Worker Supervisor,72644.32,0.0,1320.0,31464.29,73964.32,105428.61,2012
Joyce Chong-Grogg,Medical Evaluations Assistant,57318.97,309.95,2837.03,28917.17,60465.95,89383.12,2012
Helen Chong,Social Worker,56794.59,0.0,1560.0,28663.18,58354.59,87017.77,2012
Andrea Chong,Accountant II,59628.66,0.0,0.0,25971.15,59628.66,85599.81,2012
Chit Lee Chong,Special Nurse,71094.33,101.34,1088.48,10491.39,72284.15,82775.54,2012
Derrick Chong,Eligibility Worker,52977.52,0.0,0.0,27192.63,52977.52,80170.15,2012
Chit Lee Chong,Registered Nurse,59550.2,0.0,1475.0,15684.19,61025.2,76709.39,2012
Janice Chong,Eligibility Worker,46006.58,588.94,900.0,24901.84,47495.52,72397.36,2012
William Chong-Yuen,Food Service Worker,21771.6,31212.47,704.05,16221.59,53688.12,69909.71,2012
Dexter Chong,Transit Operator,21698.68,0.0,9286.63,13013.05,30985.31,43998.36,2012
Wan Tien Chong,Public Service Trainee,18562.6,0.0,0.0,1599.45,18562.6,20162.05,2012
Vincent Chong,PS Aide to Prof,6204.03,0.0,0.0,740.53,6204.03,6944.56,2012
Deborah Chong,Recreation Leader,6334.35,0.0,45.08,494.13,6379.43,6873.56,2012
Christopher C Chong,Wire Rope Cable Maint Mechanic,91739.03,65096.75,16053.66,35070.45,172889.44,207959.89,2013
Saravut L Chanbanchong,Electronic Maintenance Tech,105509.2,19996.02,2848.66,35187.55,128353.88,163541.43,2013
Chong Z Nie,Electronic Maintenance Tech,105509.2,5493.08,10858.14,36481.34,121860.42,158341.76,2013
Alexander T Chong,Street Environ Svcs Oprs Supv,97658.55,17928.9,4923.34,33882.99,120510.79,154393.78,2013
Chit Lee  Chong,Registered Nurse,109518.5,1414.11,2248.32,31192.4,113180.93,144373.33,2013
Andrea C Chong,Accountant II,79339.56,0.0,0.0,29448.15,79339.56,108787.71,2013
Madeleine B Chanbanchong,Management Assistant,78354.01,0.0,0.0,30010.46,78354.01,108364.47,2013
Joseph  Chong,Transit Operator,62318.8,10364.72,4167.23,31146.52,76850.75,107997.27,2013
Emilie H Chong,Eligibility Worker Supervisor,68568.5,6699.02,1060.0,25374.6,76327.52,101702.12,2013
Joyce  Chong-Grogg,Medical Evaluations Assistant,61128.03,320.7,2826.39,26283.56,64275.12,90558.68,2013
Derrick Y Chong,Eligibility Worker,59538.01,824.64,0.0,26064.66,60362.65,86427.31,2013
Janice L Chong,Eligibility Worker,57149.5,863.77,1520.0,26609.66,59533.27,86142.93,2013
Helen H Chong,Social Worker,43511.21,0.0,1000.0,18305.65,44511.21,62816.86,2013
Wan Tien  Chong,Personnel Analyst,43117.53,0.0,0.0,16629.96,43117.53,59747.49,2013
William  Chong-Yuen,Food Service Worker,21222.9,19678.8,714.06,12250.16,41615.76,53865.92,2013
Mina  Chong,Special Nurse,45421.97,0.0,1405.37,468.27,46827.34,47295.61,2013
Chit Lee  Chong,Special Nurse,28510.28,0.0,425.04,4971.28,28935.32,33906.6,2013
Victoria H Chong,Publ Svc Aide-Asst to Prof,510.38,0.0,0.0,5.1,510.38,515.48,2013
Christopher C Chong,Wire Rope Cable Maint Mechanic,91901.03,83173.68,14555.93,36594.71,189630.64,226225.35,2014
Chit Lee Chong,Registered Nurse,129115.0,418.33,2021.66,43917.31,131554.99,175472.3,2014
Saravut L Chanbanchong,Electronic Maintenance Tech,104451.01,16645.3,3116.11,37352.72,124212.42,161565.14,2014
Chong Z Nie,Electronic Maintenance Tech,104451.01,5971.42,10884.21,39064.95,121306.64,160371.59,2014
Alexander T Chong,Street Environ Svcs Oprs Supv,98751.02,16196.96,0.0,35444.65,114947.98,150392.63,2014
Emilie H Chong,Eligibility Worker Supervisor,82589.01,34148.72,1420.0,32223.44,118157.73,150381.17,2014
Madeleine B Chanbanchong,Management Assistant,77908.02,0.0,0.0,31668.82,77908.02,109576.84,2014
Andrea C Chong,Accountant II,78524.06,0.0,0.0,31024.22,78524.06,109548.28,2014
Mina Chong,Special Nurse,101408.64,120.01,3328.0,1048.58,104856.65,105905.23,2014
Wan Tien Chong,Personnel Analyst,72951.32,0.0,0.0,30487.34,72951.32,103438.66,2014
Derrick Y Chong,Social Worker,63674.61,1454.27,297.13,28506.64,65426.01,93932.65,2014
Joyce Chong-Grogg,Medical Evaluations Assistant,60771.02,662.9,2795.83,27699.55,64229.75,91929.3,2014
Janice L Chong,HSA Sr Eligibility Worker,60428.2,0.0,1563.0,28037.46,61991.2,90028.66,2014
William Chong-Yuen,Food Service Worker,33336.31,12293.83,573.67,19461.22,46203.81,65665.03,2014
Chong Yip Wong,Transit Operator,17460.87,1505.32,538.1,11472.27,19504.29,30976.56,2014
David Chong-Vega,Custodian,13898.3,431.28,133.64,7977.2,14463.22,22440.42,2014
Helen H Chong,HSA Social Worker,15392.52,0.0,586.13,3685.38,15978.65,19664.03,2014
Joseph Chong,Transit Operator,5224.74,0.0,8137.74,2687.78,13362.48,16050.26,2014
Victoria H Chong,Publ Svc Aide-Asst to Prof,15626.58,0.0,0.0,156.25,15626.58,15782.83,2014
Chit Lee Chong,Special Nurse,2180.28,0.0,102.56,521.52,2282.84,2804.36,2014
Chit Lee Chong,Registered Nurse,137799.35,0.0,2199.39,44699.76,139998.74,184698.5,2015
Christopher C Chong,Wire Rope Cable Maint Mechanic,86697.82,43114.32,8669.77,32994.78,138481.91,171476.69,2015
Saravut L Chanbanchong,Electronic Maintenance Tech,108038.0,21261.35,590.0,37414.85,129889.35,167304.2,2015
Chong Z Nie,Electronic Maintenance Tech,107978.0,7201.69,10676.85,39134.67,125856.54,164991.21,2015
Emilie H Chong,Eligibility Worker Supervisor,84715.4,31169.87,1380.0,30760.44,117265.27,148025.71,2015
Alexander T Chong,Street Environ Svcs Oprs Supv,102019.07,11352.71,0.0,33998.89,113371.78,147370.67,2015
Wan Tien Chong,Senior Personnel Analyst,81647.01,0.0,0.0,30310.76,81647.01,111957.77,2015
Madeleine B Chanbanchong,Senior Management Assistant,80858.45,0.0,0.0,30795.23,80858.45,111653.68,2015
Derrick Y Chong,HSA Social Worker,69642.63,0.0,0.0,28108.56,69642.63,97751.19,2015
Mina Chong,Registered Nurse,72161.58,2148.78,3011.15,18983.64,77321.51,96305.15,2015
Andrea C Chong,Accountant II,70094.16,0.0,0.0,25734.19,70094.16,95828.35,2015
Janice L Chong,HSA Sr Eligibility Worker,65242.93,0.0,1380.0,27346.94,66622.93,93969.87,2015
Joyce Chong-Grogg,Medical Evaluations Assistant,62811.05,776.24,2803.29,26515.97,66390.58,92906.55,2015
William Chong-Yuen,Food Service Worker,47847.4,5908.97,387.9,25069.82,54144.27,79214.09,2015
Chong Yip Wong,Transit Operator,45125.98,2776.66,1703.85,26614.38,49606.49,76220.87,2015
David Chong-Vega,Custodian,47213.3,2973.45,443.13,24901.7,50629.88,75531.58,2015
Mina Chong,Special Nurse,63627.92,0.0,1948.83,7360.94,65576.75,72937.69,2015
Helen H Chong,Protective Services Worker,43841.73,0.0,160.0,16042.51,44001.73,60044.24,2015
Chongsen Zhao,"StdntDsgnTrain1, Arch/Eng/Plng",26490.35,0.0,0.0,264.91,26490.35,26755.26,2015
Victoria Chong,StdntDsgn Train2/Arch/Eng/Plng,19984.85,0.0,0.0,199.86,19984.85,20184.71,2015
Chit Lee Chong,Special Nurse,361.77,0.0,8.13,74.03,369.9,443.93,2015
Chit Lee Chong,Registered Nurse,147230.73,0.0,2582.42,40445.98,149813.15,190259.13,2016
Saravut L Chanbanchong,Electronic Maintenance Tech,112772.0,23759.74,600.0,36605.94,137131.74,173737.68,2016
Christopher C Chong,Wire Rope Cable Maint Mechanic,92618.94,33579.43,9494.82,33142.68,135693.19,168835.87,2016
Chong Z Nie,Electronic Maintenance Tech,112376.0,6053.9,10632.02,37845.24,129061.92,166907.16,2016
Mina Chong,Registered Nurse,110037.74,6036.45,5219.33,31881.35,121293.52,153174.87,2016
Emilie H Chong,Eligibility Worker Supervisor,88925.01,26421.0,1480.0,29749.57,116826.01,146575.58,2016
Alexander T Chong,Street Environ Svcs Oprs Supv,102160.2,9898.98,0.0,31005.46,112059.18,143064.64,2016
Wan Tien Chong,Senior Personnel Analyst,92763.41,0.0,0.0,31064.9,92763.41,123828.31,2016
Madeleine B Chanbanchong,Senior Management Assistant,91742.13,0.0,0.0,31320.89,91742.13,123063.02,2016
Andrea C Chong,Accountant III,90210.22,0.0,0.0,29723.05,90210.22,119933.27,2016
Helen H Chong,Protective Services Worker,85821.63,0.0,0.0,29614.07,85821.63,115435.7,2016
Janice L Chong,HSA Sr Eligibility Worker,78009.33,0.0,1620.0,28471.11,79629.33,108100.44,2016
Derrick Y Chong,HSA Social Worker,76080.06,0.0,0.0,27687.77,76080.06,103767.83,2016
Chong K Hong,Public SafetyComm Disp,58952.7,18095.29,2039.03,21415.48,79087.02,100502.5,2016
Joyce Chong-Grogg,Medical Evaluations Assistant,65200.07,559.07,2778.94,25390.63,68538.08,93928.71,2016
Chong Yip Wong,Transit Operator,53630.94,1786.88,1523.47,27997.11,56941.29,84938.4,2016
William Chong-Yuen,Food Service Worker,52317.0,3252.4,280.19,24593.59,55849.59,80443.18,2016
David Chong-Vega,Custodian,51600.5,2946.36,470.71,24474.2,55017.57,79491.77,2016
Victoria Chong,City Planning Intern,36338.11,0.0,0.0,15151.94,36338.11,51490.05,2016
Cindy L Chong,Special Nurse,35697.68,0.0,14.45,3540.66,35712.13,39252.79,2016
Catherine Yee Chong Lee,Clerk,16581.09,5121.95,480.0,4637.19,22183.04,26820.23,2016
Mina Chong,Special Nurse,13155.6,0.0,237.03,3327.65,13392.63,16720.28,2016
Victor Chong,Public Service Trainee,12880.0,0.0,0.0,3552.42,12880.0,16432.42,2016
Chit Lee Chong,Special Nurse,1776.29,0.0,115.04,466.96,1891.33,2358.29,2016
Chit Lee Chong,Registered Nurse,150732.01,53.61,2933.46,46268.43,153719.08,199987.51,2017
Saravut L Chanbanchong,Electronic Maintenance Tech,116400.0,32470.82,505.97,38906.87,149376.79,188283.66,2017
Chong K Hong,Public SafetyComm Disp,85743.32,61468.09,4810.39,32977.95,152021.8,184999.75,2017
Mina Chong,Registered Nurse,116368.8,10842.39,9644.19,38166.46,136855.38,175021.84,2017
Christopher C Chong,Wire Rope Cable Maint Mechanic,94506.02,33527.67,11188.35,35686.6,139222.04,174908.64,2017
Chong Z Nie,Electronic Maintenance Tech,115906.01,7579.27,10347.25,40608.61,133832.53,174441.14,2017
Alexander T Chong,Street Environ Svcs Oprs Supv,104310.06,17369.0,109.9,33879.9,121788.96,155668.86,2017
Emilie H Chong,Eligibility Worker Supervisor,91702.0,23899.42,1540.0,32394.94,117141.42,149536.36,2017
Wan Tien Chong,Senior Human Resources Analyst,100432.7,0.0,0.0,34216.94,100432.7,134649.64,2017
Madeleine B Chanbanchong,Senior Management Assistant,99116.02,0.0,0.0,34471.76,99116.02,133587.78,2017
Andrea C Chong,Accountant III,99064.97,0.0,0.0,33314.08,99064.97,132379.05,2017
Helen H Chong,Protective Services Worker,92914.62,0.0,900.0,33031.7,93814.62,126846.32,2017
Derrick Y Chong,Program Specialist,90589.03,0.0,0.0,32380.2,90589.03,122969.23,2017
Janice L Chong,HSA Sr Eligibility Worker,79882.3,0.0,1500.0,30432.22,81382.3,111814.52,2017
Joyce Chong-Grogg,Medical Evaluations Assistant,67443.06,621.91,4067.59,28030.99,72132.56,100163.55,2017
Chong Yip Wong,Transit Operator,64334.53,666.43,3434.27,29187.37,68435.23,97622.6,2017
Cindy L Chong,Special Nurse,90729.41,0.0,299.48,910.33,91028.89,91939.22,2017
David Chong-Vega,Custodian,55880.0,3632.1,552.19,27177.12,60064.29,87241.41,2017
William Chong-Yuen,Food Service Worker,55200.0,2061.92,0.0,26872.0,57261.92,84133.92,2017
Victoria Chong,Transportation Planner II,60019.12,0.0,0.0,12724.64,60019.12,72743.76,2017
Catherine Yee Chong Lee,Clerk,47490.9,113.83,1560.0,23221.65,49164.73,72386.38,2017
Victor Chong,IT Operations Support Admin II,42200.51,0.0,2786.28,18555.27,44986.79,63542.06,2017
Barbara Chong,Medical Evaluations Assistant,32316.0,0.0,990.0,15989.65,33306.0,49295.65,2017
Chongwei Zhao,Transit Operator,16676.42,1128.95,525.32,9261.53,18330.69,27592.22,2017
Vincent C Chong,Senior Account Clerk,11692.8,0.0,0.0,2773.3,11692.8,14466.1,2017
Mina Chong,Special Nurse,10518.26,0.0,221.55,1715.05,10739.81,12454.86,2017
Chit Lee Chong,Special Nurse,3623.51,0.0,740.54,788.91,4364.05,5152.96,2017
Chong K Hong,Public SafetyComm Disp,92503.35,77602.49,10700.51,35988.96,180806.35,216795.31,2018
Chit Lee Chong,Registered Nurse,154657.39,834.7,3023.47,48919.72,158515.56,207435.28,2018
Christopher C Chong,Wire Rope Cable Maint Sprv,104257.78,42231.96,10411.2,37119.86,156900.94,194020.8,2018
Mina Chong,Registered Nurse,123795.16,10189.2,5437.57,40122.57,139421.93,179544.5,2018
Saravut L Chanbanchong,Electronic Maintenance Tech,119866.4,17345.06,360.0,40771.45,137571.46,178342.91,2018
Alexander T Chong,Street Environ Svcs Oprs Supv,113805.3,12605.2,130.54,36552.32,126541.04,163093.36,2018
Emilie H Chong,Eligibility Worker Supervisor,94442.0,22940.3,1952.0,35443.28,119334.3,154777.58,2018
Wan Tien Chong,Senior Human Resources Analyst,108602.27,0.0,0.0,35737.75,108602.27,144340.02,2018
Andrea C Chong,Accountant III,107137.63,0.0,0.0,36139.3,107137.63,143276.93,2018
Madeleine B Chanbanchong,Senior Management Assistant,102090.05,0.0,0.0,36044.15,102090.05,138134.2,2018
Helen H Chong,Protective Services Worker,100461.6,0.0,1500.0,34772.18,101961.6,136733.78,2018
Derrick Y Chong,Program Specialist,94442.09,103.78,0.0,33923.37,94545.87,128469.24,2018
Janice L Chong,HSA Sr Eligibility Worker,85196.01,0.0,1480.0,32321.32,86676.01,118997.33,2018
Victoria Chong,Transportation Planner II,84198.15,0.0,800.0,31328.9,84998.15,116327.05,2018
Chong Z Nie,Electronic Maintenance Tech,58877.04,4560.76,29558.08,21841.67,92995.88,114837.55,2018
Cindy L Chong,Special Nurse,106164.15,978.75,314.16,3946.87,107457.06,111403.93,2018
Chong Yip Wong,Transit Operator,69454.28,8575.17,2863.89,29479.66,80893.34,110373.0,2018
Catherine Yee Chong Lee,Junior Management Assistant,63981.0,10792.73,1520.0,28759.62,76293.73,105053.35,2018
Joyce Chong-Grogg,Medical Evaluations Assistant,69432.06,1182.28,3383.32,30258.77,73997.66,104256.43,2018
Chong S Yi,Public SafetyComm Disp,65459.0,4805.58,3285.31,24888.01,73549.89,98437.9,2018
David Chong-Vega,Custodian,60438.5,5486.95,651.65,29591.33,66577.1,96168.43,2018
Chongwei Zhao,Transit Operator,53159.13,6717.11,3890.16,29694.13,63766.4,93460.53,2018
Barbara Chong,Medical Evaluations Assistant,58765.85,256.7,1950.74,29117.28,60973.29,90090.57,2018
Vincent C Chong,Junior Administrative Analyst,65079.39,244.6,0.0,23221.08,65323.99,88545.07,2018
William Chong-Yuen,Food Service Worker,56855.5,1469.86,0.0,29043.11,58325.36,87368.47,2018
Chongyi Wang,Senior Legal Process Clerk,37533.0,0.0,0.0,17547.32,37533.0,55080.32,2018
Wah Chong,Medical Social Worker,34013.63,0.0,160.0,341.74,34173.63,34515.37,2018
Katrina E Chong,Physician Assistant,12574.16,11106.62,7257.6,309.39,30938.38,31247.77,2018
Cindy L Chong,Registered Nurse,18011.41,0.0,0.0,2767.43,18011.41,20778.84,2018
Chongliang Guo,Junior Clerk,12776.09,3816.52,0.0,165.92,16592.61,16758.53,2018
Mina Chong,Special Nurse,12540.72,0.0,17.3,2113.77,12558.02,14671.79,2018
Chit Lee Chong,Special Nurse,1244.88,0.0,110.69,258.0,1355.57,1613.57,2018
