EmployeeName,JobTitle,BasePay,OvertimePay,OtherPay,Benefits,TotalPay,TotalPayBenefits,Year
NATHANIEL FORD,GENERAL MANAGER-METROPOLITAN TRANSIT AUTHORITY,167411.18,0.0,400184.25,,567595.43,567595.43,2011
RAY CRAWFORD,"CAPTAIN, EMERGENCYCY MEDICAL SERVICES",140546.89,82428.76,18310.77,,241286.42,241286.42,2011
KEITH SANFORD,CAPTAIN III (POLICE DEPARTMENT),188341.84,1134.34,10799.25,,200275.43,200275.43,2011
JOHN SANFORD JR,CAPTAIN III (POLICE DEPARTMENT),188341.62,0.0,4586.66,,192928.28,192928.28,2011
MARGARET HANNAFORD,MANAGER VII,176127.11,0.0,9085.02,,185212.13,185212.13,2011
CLIFFORD COOK,"INSPECTOR III, (POLICE DEPARTMENT)",130481.59,19391.55,25686.52,,175559.66,175559.66,2011
ETHAN BANFORD,"CAPTAIN, FIRE SUPPRESSION",140546.87,16596.0,14806.17,,171949.04,171949.04,2011
PHYLLIS FORD,LIEUTENANT III (POLICE DEPARTMENT),149050.77,9211.59,8996.66,,167259.02,167259.02,2011
SHON BUFORD,FIREFIGHTER,105934.66,29025.2,26021.87,,160981.73,160981.73,2011
STEVE FORD,LIEUTENANT III (POLICE DEPARTMENT),149103.73,3141.94,2576.87,,154822.54,154822.54,2011
PAUL CRAWFORD,"CAPTAIN, FIRE SUPPRESSION",127202.99,6716.78,17170.51,,151090.28,151090.28,2011
BRADFORD LUM,TRANSIT SUPERVISOR,88062.0,60346.73,1856.42,,150265.15,150265.15,2011
CLIFFORD JAVA,SERGEANT II (POLICE DEPARTMENT),128147.23,9414.19,12647.68,,150209.1,150209.1,2011
BRENT BRADFORD,POLICE OFFICER II,110262.75,12762.91,22601.92,,145627.58,145627.58,2011
NICHOLAS RAINSFORD,SERGEANT III (POLICE DEPARTMENT),130481.56,5279.57,9307.62,,145068.75,145068.75,2011
PETER WALFORD,PHARMACIST,127222.76,4987.88,10866.95,,143077.59,143077.59,2011
JULIA FORD,"INSPECTOR III, (POLICE DEPARTMENT)",130481.08,3486.1,7635.92,,141603.1,141603.1,2011
JAMALA SANFORD,SHERIFF'S LIEUTENANT,121628.54,4453.6,7776.09,,133858.23,133858.23,2011
CLIFFORD SMETHURST,TRANSIT POWER LINE WORKER,92875.2,30941.34,9639.6,,133456.14,133456.14,2011
MICHELE RUTHERFORD,MANAGER IV,132242.5,0.0,0.0,,132242.5,132242.5,2011
CLIFFORD BRAMLETT,MANAGER IV,132242.5,0.0,0.0,,132242.5,132242.5,2011
CLIFFORD BURKHART,POLICE OFFICER II,108561.94,7280.4,15830.87,,131673.21,131673.21,2011
ROBERT FORD,POLICE OFFICER III,112401.08,2954.94,14322.87,,129678.89,129678.89,2011
BRADFORD BENSON,MANAGER II,128686.47,0.0,0.0,,128686.47,128686.47,2011
DAVID RADFORD,POLICE OFFICER I,106046.07,6580.93,9452.78,,122079.78,122079.78,2011
KENT FORD,ARCHITECT,120937.08,0.0,0.0,,120937.08,120937.08,2011
KIRK BRELSFORD,AIRPORT ELECTRICIAN,94077.11,13451.28,11088.93,,118617.32,118617.32,2011
ANDREW CLIFFORD,POLICE OFFICER I,95687.58,16538.28,2402.82,,114628.68,114628.68,2011
SANFORD PONG,ASSOCIATE ENGINEER,104486.03,0.0,6386.25,,110872.28,110872.28,2011
CLIFFORD CHIBA,DEPUTY SHERIFF,78959.24,28388.4,2246.62,,109594.26,109594.26,2011
RHONDA FORD,TRANSIT OPERATOR,63855.59,37995.92,2244.34,,104095.85,104095.85,2011
P BRADFORD OCZKUS,STEAMFITTER,90098.42,9797.0,4073.18,,103968.6,103968.6,2011
WILLIE CRAWFORD,MANAGER I,103115.65,0.0,0.0,,103115.65,103115.65,2011
DAVID FORDE,DEPUTY SHERIFF,86631.25,4412.33,11987.6,,103031.18,103031.18,2011
DARREN SCIFORD,SENIOR CONSTRUCTION INSPECTOR,99961.08,1155.3,0.0,,101116.38,101116.38,2011
STEPHEN STANFORD,DEPUTY SHERIFF,86840.0,3232.43,10494.05,,100566.48,100566.48,2011
LORRAINE BANFORD,ASSISTANT SUPERINTENDENT RECREATION,100515.4,0.0,0.0,,100515.4,100515.4,2011
MICHAEL FORD,UTILITY PLUMBER APPRENTICE,86447.55,13685.29,13.5,,100146.34,100146.34,2011
SHAUNA GILLESPIE-FORD,COURT INVESTIGATOR,98770.95,0.0,651.0,,99421.95,99421.95,2011
ALTHEA CRAWFORD,TRANSIT OPERATOR,66187.68,30834.1,1755.11,,98776.89,98776.89,2011
CLIFFORD WONG,UTILITY SPECIALIST,98434.27,0.0,0.0,,98434.27,98434.27,2011
JONATHAN PIGFORD,POLICE OFFICER I,86132.45,3681.23,7373.14,,97186.82,97186.82,2011
JESSIE BIGFORD,"STATIONARY ENGINEER, WATER TREATMENT PLANT",79436.28,3894.08,13190.2,,96520.56,96520.56,2011
FORREST HEREFORD,TRANSIT OPERATOR,62051.32,30850.9,2876.38,,95778.6,95778.6,2011
ROBERT STAFFORD,TREE TOPPER SUPERVISOR I,81170.41,7561.84,6689.73,,95421.98,95421.98,2011
RICHARD CRAWFORD,PLANNER III,94758.06,0.0,0.0,,94758.06,94758.06,2011
CLIFFORD SCHLINK,DEPUTY SHERIFF,86840.0,2799.95,4056.01,,93695.96,93695.96,2011
SANFORD LEE,WATER SERVICE INSPECTOR,91700.0,0.0,0.0,,91700.0,91700.0,2011
KENYA CRAWFORD,DEPUTY SHERIFF,76898.74,13360.69,1233.26,,91492.69,91492.69,2011
TOMMY BENFORD JR,TRANSIT OPERATOR,65227.68,19427.18,5547.34,,90202.2,90202.2,2011
JOHN FORDHAM,SENIOR ADMINISTRATIVE ANALYST,90074.17,0.0,0.0,,90074.17,90074.17,2011
CYNTHIA WEBB-BECKFORD,COURT INVESTIGATOR,88874.5,0.0,0.0,,88874.5,88874.5,2011
DALE WINNIFORD,FIREFIGHTER,78460.38,1823.58,6619.72,,86903.68,86903.68,2011
JEFF ROCHEFORD,AIRPORT SAFETY OFFICER,77008.34,6515.95,2058.65,,85582.94,85582.94,2011
FLETCHER STANFORD,TRANSIT OPERATOR,64541.64,15943.89,2761.6,,83247.13,83247.13,2011
BRADFORD ADAMS,ELECTRICAL TRANSIT SYSTEM MECHANIC,77580.4,3137.65,664.33,,81382.38,81382.38,2011
JULIE FORD,REAL PROPERTY APPRAISER,77581.81,0.0,2200.0,,79781.81,79781.81,2011
PATRICIA FORD,WATER QUALITY TECHNICIAN I/II,73623.18,4977.51,0.0,,78600.69,78600.69,2011
GREGORY BRADFORD,TRANSIT OPERATOR,64731.45,12528.72,797.0,,78057.17,78057.17,2011
CHELSEA FORDHAM,PLANNER II,77655.21,0.0,0.0,,77655.21,77655.21,2011
JENDAYI FORD,MEDICAL SOCIAL WORKER,77161.6,0.0,0.0,,77161.6,77161.6,2011
CARL CRANFORD,TRANSIT OPERATOR,61456.5,14675.76,501.71,,76633.97,76633.97,2011
NICHOLAS ALFORD,SEWER SERVICE WORKER,74348.05,0.0,80.0,,74428.05,74428.05,2011
LENORE CRAWFORD,EXECUTIVE SECRETARY II,72813.05,0.0,214.42,,73027.47,73027.47,2011
HEATHER PULFORD,FINGERPRINT TECHNICIAN III,62241.87,6257.18,2609.85,,71108.9,71108.9,2011
CLIFFORD COURRIER,EMPLOYMENT AND TRAINING SPECIALIST III,70881.2,0.0,0.0,,70881.2,70881.2,2011
THERESA RUTHERFORD,MENTAL HEALTH REHABILITATION WORKER,57857.73,7115.99,5076.72,,70050.44,70050.44,2011
CLIFFORD GEE,PRINCIPAL ACCOUNTANT,69381.42,0.0,0.0,,69381.42,69381.42,2011
NIKOLE FORD,SENIOR MANAGEMENT ASSISTANT,68900.24,0.0,0.0,,68900.24,68900.24,2011
DARNELL RUTHERFORD,TRANSIT CAR CLEANER,53936.55,6837.44,6802.71,,67576.7,67576.7,2011
KATHLEEN CLIFFORD,DENTAL HYGIENIST,66146.16,0.0,499.2,,66645.36,66645.36,2011
DESTER RUTHERFORD,SENIOR PAYROLL AND PERSONNEL CLERK,65762.1,0.0,0.0,,65762.1,65762.1,2011
VALERIE BLUFORD,TRANSIT OPERATOR,60581.23,3955.86,87.7,,64624.79,64624.79,2011
CLIFFORD HOM,IS ADMINISTRATOR I,64437.07,0.0,0.0,,64437.07,64437.07,2011
SHEILA BRADFORD,GARDENER,55354.7,5999.13,1196.66,,62550.49,62550.49,2011
JIMMY FORD,PAINTER,60799.47,0.0,1080.5,,61879.97,61879.97,2011
FRANK CRAWFORD,AUTOMOTIVE SERVICE WORKER,57852.41,600.19,2535.55,,60988.15,60988.15,2011
WILLIAM FORD,GENERAL LABORER,56568.85,2462.16,1733.76,,60764.77,60764.77,2011
OLIVIA CRAWFORD,HEALTH PROGRAM COORDINATOR II,58198.53,0.0,0.0,,58198.53,58198.53,2011
JAY FORD,CEMENT MASON,54278.05,3403.13,290.0,,57971.18,57971.18,2011
CLIFFORD TOY,DEPUTY COURT CLERK II,57828.2,0.0,0.0,,57828.2,57828.2,2011
MICHAEL FORD,HEALTH WORKER III,57630.61,0.0,0.0,,57630.61,57630.61,2011
CATRESU BLUEFORD,SENIOR TELEPHONE OPERATOR,50604.2,1053.55,4742.97,,56400.72,56400.72,2011
PRESTON BRADFORD,HEALTH WORKER I,46851.99,7135.39,253.52,,54240.9,54240.9,2011
KIMBERLY SWINFORD,ENVIRONMENTAL ASSISTANT,53460.37,0.0,0.0,,53460.37,53460.37,2011
REGINA BRADFORD TARDY,SENIOR CLERK TYPIST,52836.53,0.0,0.0,,52836.53,52836.53,2011
NICK OXFORD,FIREFIGHTER,47013.6,2430.44,3303.92,,52747.96,52747.96,2011
SHEILA CRAWFORD,UNIT CLERK,49058.75,59.18,210.0,,49327.93,49327.93,2011
ERNEST FORD JR,CUSTODIAN,47911.18,0.0,616.64,,48527.82,48527.82,2011
KATHY CRAWFORD,CLERK TYPIST,48043.49,0.0,0.0,,48043.49,48043.49,2011
ANDRE FORD,SENIOR CLERK,46363.24,0.0,0.0,,46363.24,46363.24,2011
MARVIN FORD,SENIOR CLERK TYPIST,43955.91,0.0,0.0,,43955.91,43955.91,2011
KELLEY ALFORD,TRANSIT CAR CLEANER,33756.98,5078.4,4266.5,,43101.88,43101.88,2011
BRAD BEDFORD,GENERAL LABORER SUPERVISOR I,24006.5,2416.67,15879.97,,42303.14,42303.14,2011
CLIFFORD NAKAI,INSTITUTION UTILITY WORKER,39900.51,819.35,30.95,,40750.81,40750.81,2011
SKYLAR FORDAHL,HEALTH WORKER II,39283.6,0.0,0.0,,39283.6,39283.6,2011
DENISE SANFORD,TRANSIT OPERATOR,35676.68,1554.62,1146.81,,38378.11,38378.11,2011
JAMES LUNSFORD,STATIONARY ENGINEER,36727.19,0.0,0.0,,36727.19,36727.19,2011
LEE CRAWFORD,TRANSIT OPERATOR,29947.15,6013.15,64.4,,36024.7,36024.7,2011
LINDSEY HAYFORD,IS BUSINESS ANALYST,32502.89,0.0,3071.12,,35574.01,35574.01,2011
RHONDA LUNSFORD,SENIOR PERSONNEL ANALYST,23475.22,0.0,10363.48,,33838.7,33838.7,2011
MICHAEL BURFORD,X-RAY LABORATORY AIDE,21101.52,23.51,3195.42,,24320.45,24320.45,2011
CARMEN RUTHERFORD,LICENSED VOCATIONAL NURSE,21200.0,2226.0,250.0,,23676.0,23676.0,2011
EVAN FORD,BACTERIOLOGICAL LABORATORY ASSISTANT,23630.59,0.0,0.0,,23630.59,23630.59,2011
MHRIZTY BRADFORD,LIBRARY PAGE,21949.95,0.0,439.58,,22389.53,22389.53,2011
JONATHAN STE FORD,STUDENT DESIGN TRAINEE 3/ARC-ENG-PLNG,17557.81,0.0,0.0,,17557.81,17557.81,2011
DONNA BRADFORD,TRANSIT OPERATOR,12774.18,2646.22,0.0,,15420.4,15420.4,2011
CLIFFORD BRISCOE,"AIRPORT ASSISTANT DEPUTY DIRECTOR, OPERATIONS",15420.0,0.0,0.0,,15420.0,15420.0,2011
BRANDIE FULFORD,MEDICAL EVALUATIONS ASSISTANT,14190.41,451.26,152.33,,14794.0,14794.0,2011
SHIRLEY CRAWFORD LEWIS,SENIOR CLERK TYPIST,9702.0,0.0,4552.05,,14254.05,14254.05,2011
MICHAEL TWYFORD,MUSEUM GUARD,13757.27,0.0,0.0,,13757.27,13757.27,2011
JOHN FORD,GENERAL LABORER,13402.87,0.0,134.07,,13536.94,13536.94,2011
LYDIA OFFORD,RECREATION LEADER,11728.48,0.0,96.88,,11825.36,11825.36,2011
DORIS CRAWFORD,RECREATION LEADER,10997.22,0.0,59.36,,11056.58,11056.58,2011
TWEILA LANKFORD,TRANSIT OPERATOR,10305.82,320.82,184.9,,10811.54,10811.54,2011
CEMAL FORD,RECREATION LEADER,10627.5,0.0,131.56,,10759.06,10759.06,2011
ASHLEY WEATHERFORD,RECREATION LEADER,10685.4,0.0,19.77,,10705.17,10705.17,2011
SANFORD SHIU,TRANSIT OPERATOR,7102.99,481.03,22.44,,7606.46,7606.46,2011
KIMBERLY BANFORD,CAMP ASSISTANT,4271.11,0.0,7.42,,4278.53,4278.53,2011
RODRICK FORD,PUBLIC SERVICE AIDE-SPECIAL PROGRAMS,3963.97,0.0,0.0,,3963.97,3963.97,2011
ADONAS CRAWFORD,PUBLIC SERVICE AIDE-SPECIAL PROGRAMS,3666.68,152.13,80.43,,3899.24,3899.24,2011
JAMIE LUNSFORD,PUBLIC SERVICE AIDE-SPECIAL PROGRAMS,3505.59,0.0,41.76,,3547.35,3547.35,2011
RAYFORD HENDERSON JR,TRANSIT OPERATOR,2529.28,0.0,0.0,,2529.28,2529.28,2011
TRISH GAFFORD,MENTAL HEALTH REHABILITATION WORKER,2215.5,0.0,150.67,,2366.17,2366.17,2011
LATOYE LUNSFORD,PUBLIC SERVICE TRAINEE,1438.5,0.0,0.0,,1438.5,1438.5,2011
EMERSON STAFFORD,TRANSIT OPERATOR,0.0,0.0,80.29,,80.29,80.29,2011
ROCK CRAWFORD,FIREFIGHTER,0.0,0.0,5.8,,5.8,5.8,2011
Ray Crawford,"Captain, Emergency Med Svcs",146599.41,84399.91,18675.54,46380.51,249674.86,296055.37,2012
Margaret Hannaford,Manager VII,179682.52,0.0,14922.12,58407.48,194604.64,253012.12,2012
John Sanford Jr,Captain 3,196265.08,0.0,9458.1,46128.01,205723.18,251851.19,2012
Clifford Java,Sergeant 2,120253.71,6379.26,79386.18,32804.84,206019.15,238823.99,2012
Ethan Banford,"Captain, Fire Suppression",145659.03,26319.05,10074.9,43929.76,182052.98,225982.74,2012
Clifford Cook,Inspector 3,135977.72,17682.26,25433.71,35872.53,179093.69,214966.22,2012
Shon Buford,"Lieutenant, Fire Suppression",121476.35,33659.02,17512.1,41182.85,172647.47,213830.32,2012
Peter Walford,Pharmacist,137712.73,12768.25,12370.57,50531.52,162851.55,213383.07,2012
Julia Ford,Inspector 3,135977.72,13194.43,25423.14,38547.73,174595.29,213143.02,2012
Steve Ford,Lieutenant 3,155320.07,9291.53,6577.2,41125.85,171188.8,212314.65,2012
Clifford Smethurst,Transit Power Line Worker,94848.0,62612.79,10194.8,42491.12,167655.59,210146.71,2012
Paul Crawford,"Captain, Fire Suppression",147069.74,0.0,15952.47,45210.93,163022.21,208233.14,2012
Phyllis Ford,Lieutenant 3,155320.03,2456.17,9854.26,39364.21,167630.46,206994.67,2012
Brent Bradford,Police Officer 2,114879.14,37775.01,11388.22,34818.71,164042.37,198861.08,2012
Michele Rutherford,Manager IV,134791.97,0.0,8486.0,52501.21,143277.97,195779.18,2012
Nicholas Rainsford,Sergeant 3,135977.74,9124.83,10163.63,38307.32,155266.2,193573.52,2012
Bradford Benson,Manager IV,136942.34,0.0,3486.0,50456.54,140428.34,190884.88,2012
Clifford Jeffrey Bramlett,Manager IV,134905.76,0.0,3486.0,49974.45,138391.76,188366.21,2012
Jamala Sanford,Sheriff's Lieutenant,123632.09,7035.1,8376.0,44356.84,139043.19,183400.03,2012
Bradford Lum,Transit Supervisor,88404.29,51940.36,3187.5,39372.5,143532.15,182904.65,2012
Clifford Chiba,Deputy Sheriff,84363.54,55640.41,6478.78,35165.09,146482.73,181647.82,2012
Robert Ford,Police Officer 3,117171.37,16026.8,11104.25,33906.11,144302.42,178208.53,2012
Dale Winniford,Firefighter,96594.59,22673.28,14427.3,36104.49,133695.17,169799.66,2012
Clifford Burkhart,Police Officer 2,114879.14,11161.19,9521.39,34236.44,135561.72,169798.16,2012
Kent Ford,Architect,123747.05,0.0,0.0,44858.62,123747.05,168605.67,2012
David Radford,Police Officer,110535.0,8071.2,14216.63,33664.57,132822.83,166487.4,2012
Sanford Pong,Engineer,113758.0,0.0,5502.97,44025.69,119260.97,163286.66,2012
Andrew Clifford,Police Officer 2,108876.02,10782.83,9116.37,33516.29,128775.22,162291.51,2012
Michael Ford,Utility Plumber Apprentice,87310.3,22420.65,11146.75,38725.01,120877.7,159602.71,2012
Willie Crawford,Manager I,108640.09,0.0,3486.0,44710.08,112126.09,156836.17,2012
Lorraine Banford,Asst Superintendent Rec,106851.49,0.0,0.0,40952.48,106851.49,147803.97,2012
Clifford Wong,Utility Specialist,105835.87,0.0,34.91,41247.74,105870.78,147118.52,2012
Kenya Crawford,Deputy Sheriff,82187.82,27624.5,2418.55,33948.59,112230.87,146179.46,2012
Stephen Stanford,Deputy Sheriff,88374.0,4367.38,14498.63,37904.52,107240.01,145144.53,2012
Nick Oxford,Firefighter,84305.99,8898.97,15379.31,33727.8,108584.27,142312.07,2012
Darren Sciford,Senior Const Inspector,102336.04,0.0,0.0,39601.21,102336.04,141937.25,2012
David Forde,Deputy Sheriff,87107.17,3586.32,14086.74,36739.65,104780.23,141519.88,2012
Jonathan Pigford,Police Officer,96237.53,9493.16,4703.13,30821.55,110433.82,141255.37,2012
Shauna Gillespie-Ford,"Court Invstgtor, Superior Crt",98780.46,0.0,600.0,39927.85,99380.46,139308.31,2012
P Bradford Oczkus,Steamfitter,91914.9,2570.84,4217.7,38386.11,98703.44,137089.55,2012
Rhonda Ford,Transit Operator,65273.15,29084.87,3051.38,39234.11,97409.4,136643.51,2012
Clifford Schlink,Deputy Sheriff,88374.0,928.98,9065.35,35620.52,98368.33,133988.85,2012
Keith Sanford,Captain 3,103226.54,0.0,6112.43,23419.46,109338.97,132758.43,2012
John Fordham,Senior Administrative Analyst,93164.85,0.0,0.0,38552.75,93164.85,131717.6,2012
Althea Crawford,Transit Operator,66804.05,24567.63,592.56,39021.64,91964.24,130985.88,2012
Tommy Benford Jr,Transit Operator,66288.34,15377.36,8641.64,40437.05,90307.34,130744.39,2012
Sanford Lee,Water Service Inspector,92433.6,0.0,0.0,37391.5,92433.6,129825.1,2012
Robert Stafford Jr,Arborist Technician Supervisor,82836.1,4102.43,4003.72,35155.14,90942.25,126097.39,2012
Fletcher Stanford,Transit Operator,65794.78,17571.07,3206.94,38592.87,86572.79,125165.66,2012
Richard Crawford,Planner 3,96967.09,0.0,0.0,27220.43,96967.09,124187.52,2012
Kirk Brelsford,Airport Electrician,74307.31,7988.13,8352.11,33280.79,90647.55,123928.34,2012
Heather Pulford,Fingerprint Technician 3,66063.65,19230.95,4079.99,33149.23,89374.59,122523.82,2012
Jendayi Ford,Medical Social Worker,84904.5,0.0,0.0,35730.2,84904.5,120634.7,2012
Jeffrey Rocheford,Airport Operations Supervisor,76188.56,7945.07,2851.65,32882.14,86985.28,119867.42,2012
Bradford Adams,Electrical Transit System Mech,79222.02,3656.4,550.0,34815.33,83428.42,118243.75,2012
Forrest Hereford,Transit Operator,55579.06,22570.71,4453.03,33766.02,82602.8,116368.82,2012
Chelsea Fordham,Planner 3-Environmental Review,82014.04,0.0,0.0,34123.53,82014.04,116137.57,2012
Julie Ford,Real Property Appraiser,79416.97,0.0,2200.0,34421.96,81616.97,116038.93,2012
Nicholas Alford,Sewer Service Worker,80815.87,0.0,0.0,33961.45,80815.87,114777.32,2012
Nikole Ford,Senior Management Assistant,79214.6,0.0,0.0,34401.74,79214.6,113616.34,2012
Clifford Gee,Accountant III,78191.96,0.0,37.93,33114.54,78229.89,111344.43,2012
Gregory Bradford,Transit Operator,65730.15,6582.5,1746.28,37109.21,74058.93,111168.14,2012
Patricia Ford,Water QualityTech I/II,73523.49,4637.88,0.0,32594.57,78161.37,110755.94,2012
Clifford Courrier,Employment & Training Spec 3,76280.0,0.0,0.0,33358.02,76280.0,109638.02,2012
Jimmy Ford,Painter,72281.1,0.0,2500.0,33103.39,74781.1,107884.49,2012
Carl Cranford,Transit Operator,56242.68,17656.0,1195.58,32695.71,75094.26,107789.97,2012
Lenore Crawford,Executive Secretary 2,74529.02,0.0,0.0,32238.05,74529.02,106767.07,2012
Theresa Rutherford,Patient Care Assistant,62451.2,6512.3,5808.34,31100.28,74771.84,105872.12,2012
Dester Rutherford,Sr Payroll & Personnel Clerk,69178.49,0.0,0.0,31577.25,69178.49,100755.74,2012
Kathleen Clifford,Dental Hygienist,70320.31,0.0,499.2,29513.01,70819.51,100332.52,2012
Jay Ford,Cement Mason,64919.44,2254.36,1340.0,30353.89,68513.8,98867.69,2012
Darnell Rutherford,Transit Car Cleaner,55074.16,3478.83,8460.86,29728.95,67013.85,96742.8,2012
James Lunsford,Stationary Engineer,62672.47,104.44,4864.75,28932.66,67641.66,96574.32,2012
Clifford Hom,IS Administrator 1,65962.01,0.0,0.0,30579.36,65962.01,96541.37,2012
Kimberly Swinford,Environmental Assistant,63907.01,0.0,0.0,29634.61,63907.01,93541.62,2012
Carmen Rutherford,Licensed Vocational Nurse,59240.7,5140.35,250.0,28639.89,64631.05,93270.94,2012
Clifford Toy,Deputy Court Clerk II,61299.59,0.0,618.2,29891.91,61917.79,91809.7,2012
William Ford,General Laborer,56832.33,4016.75,1408.33,28899.5,62257.41,91156.91,2012
Michael Ford,Health Worker 3,61253.0,0.0,0.0,29381.29,61253.0,90634.29,2012
Catresu Blueford,Senior Telephone Operator,53863.62,2005.45,5251.74,29163.21,61120.81,90284.02,2012
Cynthia Webb-Beckford,"Court Invstgtor, Superior Crt",62528.56,0.0,216.0,25044.88,62744.56,87789.44,2012
Preston Bradford,Health Worker 1,50014.0,7319.29,318.68,27563.61,57651.97,85215.58,2012
Regina Bradford Tardy,Senior Clerk Typist,52878.72,0.0,0.0,27646.04,52878.72,80524.76,2012
Kathy Crawford,Clerk Typist,51250.02,0.0,0.0,26770.03,51250.02,78020.05,2012
Ernest Ford Jr,Custodian,50130.19,0.0,607.31,26167.71,50737.5,76905.21,2012
Sheila Crawford,Unit Clerk,49497.42,88.69,2238.19,24675.58,51824.3,76499.88,2012
Skylar Fordahl,Health Worker 2,49170.55,0.0,0.0,27166.08,49170.55,76336.63,2012
Jessie Bigford,Statnry Eng Water Treat Plant,36676.14,2417.02,15769.21,19765.19,54862.37,74627.56,2012
Clifford Lo,Park Patrol Officer,44770.65,3264.9,1066.11,24980.8,49101.66,74082.46,2012
Twila Lankford,Transit Operator,40873.89,7594.45,1319.01,24112.84,49787.35,73900.19,2012
Evan Ford,Laboratory Technician II,47615.15,0.0,0.0,25422.85,47615.15,73038.0,2012
Clifford Nakai,Institution Utility Worker,43771.62,2944.73,184.2,25644.28,46900.55,72544.83,2012
Andre Ford,Senior Clerk,47020.05,0.0,0.0,24409.15,47020.05,71429.2,2012
Sanford Shiu,Transit Operator,39222.8,3953.04,1507.71,23269.29,44683.55,67952.84,2012
Kelley Alford,Transit Car Cleaner,36416.93,5623.47,4238.78,19827.95,46279.18,66107.13,2012
Rayford Henderson Jr,Transit Operator,39117.85,1720.87,442.0,23246.69,41280.72,64527.41,2012
Shannon Alford,Regulatory Specialist,41799.05,0.0,0.0,16600.3,41799.05,58399.35,2012
James Shackelford,Physician Specialist,36117.9,0.0,0.0,9327.51,36117.9,45445.41,2012
Louise Ford,Parking Control Officer,29017.48,831.9,41.23,14603.61,29890.61,44494.22,2012
James Shackelford,Senior Physician Specialist,31477.2,0.0,0.0,11041.98,31477.2,42519.18,2012
Sheila Bradford,Gardener,19352.0,1702.34,9450.03,10922.57,30504.37,41426.94,2012
Marvin Ford,Senior Clerk Typist,26418.0,0.0,0.0,14206.18,26418.0,40624.18,2012
Tracy Ford,Aquatics Facility Asst Supv,23762.97,0.0,315.9,13885.47,24078.87,37964.34,2012
Mhrizty Bradford,Library Page,23019.75,34.31,399.81,13418.55,23453.87,36872.42,2012
Denise Sanford,Transit Operator,23009.36,1075.11,465.92,12219.53,24550.39,36769.92,2012
Kevin Clifford,Police Officer,24217.8,0.0,458.16,10206.97,24675.96,34882.93,2012
Brandie Fulford,Medical Evaluations Assistant,23310.9,1717.21,1699.95,6767.65,26728.06,33495.71,2012
John Ford,General Laborer,19882.96,345.45,24.3,9740.65,20252.71,29993.36,2012
Jonathan Steven Ford,"StdntDsgnTrain3, Arch/Eng/Plng",23060.99,438.9,0.0,1986.2,23499.89,25486.09,2012
Rock Crawford,Firefighter,0.0,0.0,21283.77,984.61,21283.77,22268.38,2012
Shawndalina Crawford,Transit Operator,13141.7,195.79,56.74,8370.57,13394.23,21764.8,2012
Adonas Crawford,Public Svc Aide-Public Works,16310.96,0.0,325.7,4398.31,16636.66,21034.97,2012
Rodrick Ford,Public Svc Aide-Public Works,16966.0,0.0,0.0,3243.29,16966.0,20209.29,2012
Michael Twyford,Museum Guard,14323.57,8.38,0.0,1411.33,14331.95,15743.28,2012
Masai Bradford Jr,Public Svc Aide-Public Works,13448.85,0.0,0.0,1275.24,13448.85,14724.09,2012
Olivia Crawford,Health Program Coordinator 2,8974.35,0.0,976.3,3850.23,9950.65,13800.88,2012
Jamie Lunsford,Public Svc Aide-Public Works,12331.7,0.0,0.0,1382.89,12331.7,13714.59,2012
Ashley Weatherford,Recreation Leader,11239.07,0.0,65.42,994.95,11304.49,12299.44,2012
LaToye Lunsford,Public Service Trainee,10556.0,42.0,0.0,823.18,10598.0,11421.18,2012
Lee Crawford,Transit Operator,7084.8,0.0,0.0,3873.4,7084.8,10958.2,2012
Lydia Offord,Recreation Leader,9674.4,0.0,49.96,839.08,9724.36,10563.44,2012
Precious Bradford,Publ Svc Aide-Asst to Prof,7805.11,0.0,401.94,710.5,8207.05,8917.55,2012
John Rutherford,Recreation Leader,7957.16,0.0,40.05,678.32,7997.21,8675.53,2012
Kimberly Banford,Recreation Leader,7803.94,0.0,50.23,608.74,7854.17,8462.91,2012
Alyssa Blueford,Public Svc Aide-Public Works,7100.67,0.0,1.57,885.22,7102.24,7987.46,2012
Mark Ford III,Pool Lifeguard,6313.45,0.0,236.47,507.09,6549.92,7057.01,2012
Rodney Sanford Sr,Public Svc Aide-Public Works,6435.24,0.0,0.0,498.21,6435.24,6933.45,2012
Marcheisha A Blueford,Public Svc Aide-Public Works,5282.74,0.0,0.0,408.99,5282.74,5691.73,2012
Frank Crawford,Automotive Service Worker,0.0,0.0,4758.19,531.35,4758.19,5289.54,2012
Donna Bradford,Transit Operator,3542.4,0.0,0.0,1214.13,3542.4,4756.53,2012
Markida Blueford,Public Svc Aide-Public Works,3124.71,0.0,0.0,295.78,3124.71,3420.49,2012
Bradley Ford,Patient Care Assistant,3067.3,0.0,72.93,243.11,3140.23,3383.34,2012
Kelly Banford,Public Service Trainee,2851.84,0.0,6.56,249.37,2858.4,3107.77,2012
Ronald Bradford,Public Svc Aide-Public Works,2545.55,0.0,56.12,201.42,2601.67,2803.09,2012
Clifford Robinson,Public Svc Aide-Public Works,2441.65,0.0,0.0,189.03,2441.65,2630.68,2012
Lauren Clifford,Public Service Trainee,2017.28,0.0,0.0,200.38,2017.28,2217.66,2012
Randy Gifford,Public Svc Aide-Public Works,467.55,0.0,9.76,42.47,477.31,519.78,2012
Doris Crawford,Recreation Leader,127.51,0.0,0.0,11.21,127.51,138.72,2012
Cemal Ford,Recreation Leader,110.5,0.0,0.0,9.71,110.5,120.21,2012
Ray  Crawford,"Captain, Emergency Med Svcs",154872.2,57120.3,21321.91,48761.58,233314.41,282075.99,2013
Clifford L Cook,Inspector 3,143289.09,58656.94,30187.02,40797.64,232133.05,272930.69,2013
Ethan I Banford,"Captain, Fire Suppression",155196.81,57339.89,10027.25,47228.82,222563.95,269792.77,2013
John  Sanford Jr,Captain 3,206820.01,0.0,4987.08,53605.95,211807.09,265413.04,2013
Margaret A Hannaford,Manager VII,191952.52,0.0,1808.69,59539.34,193761.21,253300.55,2013
Shon M Buford,"Lieutenant, Fire Suppression",134667.45,44868.55,12329.12,44100.72,191865.12,235965.84,2013
Paul C Crawford,"Captain, Fire Suppression",155174.5,17013.68,13899.95,48362.73,186088.13,234450.86,2013
Julia D Ford,Inspector 3,143289.04,27619.22,18223.71,40795.92,189131.97,229927.89,2013
Nicholas D Rainsford,Lieutenant 3,162919.04,4679.12,12509.47,44527.19,180107.63,224634.82,2013
Steve A Ford,Lieutenant 3,163674.08,10494.87,4715.12,44660.87,178884.07,223544.94,2013
Brent D Bradford,Police Officer 2,121068.0,43181.33,14292.04,36594.45,178541.37,215135.82,2013
Michele  Rutherford,Manager IV,147866.98,0.0,10231.07,52704.97,158098.05,210803.02,2013
Bradford J Benson,Manager IV,156490.46,0.0,0.0,52374.48,156490.46,208864.94,2013
Peter L Walford,Pharmacist,146745.0,1813.93,13533.15,44617.28,162092.08,206709.36,2013
Clifford C Smethurst,Transit Power Line Worker,98942.4,60673.31,10454.24,35398.63,170069.95,205468.58,2013
Dale C Winniford,Firefighter,106245.78,36678.89,17162.72,41162.43,160087.39,201249.82,2013
Clifford T Chiba,Deputy Sheriff,94647.04,58422.76,8300.38,33823.25,161370.18,195193.43,2013
Robert L Ford,Police Officer 3,123471.06,20244.08,11467.64,38404.51,155182.78,193587.29,2013
Clifford Jeffrey  Bramlett,Manager IV,143856.0,0.0,0.0,48407.59,143856.0,192263.59,2013
Andrew P Clifford,Police Officer 2,115263.35,27518.85,13218.7,35487.8,156000.9,191488.7,2013
Bradford  Lum,Transit Supervisor,91449.0,59175.14,5231.59,32926.06,155855.73,188781.79,2013
Nick  Oxford,Firefighter,102968.39,25094.91,17861.56,40593.5,145924.86,186518.36,2013
Jamala A Sanford,Sheriff's Lieutenant,131415.01,3369.23,8909.09,40358.1,143693.33,184051.43,2013
Clifford L Burkhart,Police Officer 3,121780.06,13119.37,10827.54,36999.35,145726.97,182726.32,2013
David C Radford,Police Officer,116478.0,10549.16,14817.4,35732.23,141844.56,177576.79,2013
Sanford  Pong,Engineer,130058.31,0.0,3984.97,39714.53,134043.28,173757.81,2013
Kent P Ford,Architect,132401.56,0.0,0.0,39396.66,132401.56,171798.22,2013
Willie  Crawford,Manager I,115782.06,0.0,5520.5,45724.46,121302.56,167027.02,2013
Kirk A Brelsford,Airport Electrician,105033.5,8355.24,12453.35,36706.37,125842.09,162548.46,2013
Jonathan A Pigford,Police Officer,107093.38,8574.77,6346.77,35172.22,122014.92,157187.14,2013
Clifford P Wong,Utility Specialist,118995.33,0.0,0.0,36909.06,118995.33,155904.39,2013
Michael G Ford,Utility Plumber Apprentice,93602.0,15284.91,14368.88,32287.56,123255.79,155543.35,2013
Stephen B Stanford,Deputy Sheriff,95123.01,5233.83,15240.64,35627.23,115597.48,151224.71,2013
Lorraine L Banford,Asst Superintendent Rec,114183.01,0.0,168.0,35827.36,114351.01,150178.37,2013
Kenya  Crawford,Deputy Sheriff,92896.56,19461.84,4106.72,33073.16,116465.12,149538.28,2013
David  Forde,Deputy Sheriff,94883.98,3250.82,15527.17,34949.33,113661.97,148611.3,2013
Shauna G Gillespie-Ford,"Court Invstgtor, Superior Crt",105703.42,0.0,6789.57,35686.16,112492.99,148179.15,2013
Cynthia  Webb-Beckford,"Court Invstgtor, Superior Crt",105691.72,0.0,6388.43,35598.61,112080.15,147678.76,2013
Darren  Sciford,Senior Const Inspector,109459.55,305.63,0.0,34924.07,109765.18,144689.25,2013
Jeffrey S Rocheford,Airport Operations Supervisor,99372.01,10414.36,784.52,33619.13,110570.89,144190.02,2013
Clifford J Schlink,Deputy Sheriff,95126.56,1794.52,10686.79,33456.59,107607.87,141064.46,2013
Rhonda L Ford,Transit Operator,68189.7,37218.89,2186.14,33468.83,107594.73,141063.56,2013
Shannon M Alford,Regulatory Specialist,103608.58,0.0,0.0,35320.88,103608.58,138929.46,2013
Kevin C Clifford,Police Officer,95223.57,3015.33,2752.58,33083.4,100991.48,134074.88,2013
Forrest L Hereford,Transit Operator,67841.38,25942.11,5513.82,34209.74,99297.31,133507.05,2013
John E Fordham,Senior Administrative Analyst,99770.51,0.0,0.0,33533.75,99770.51,133304.26,2013
Sanford L Lee,Water Service Inspector,99473.5,0.0,0.0,33463.52,99473.5,132937.02,2013
Bradford C Adams,Electrical Transit System Mech,82681.52,13496.44,3843.61,30869.47,100021.57,130891.04,2013
Tommy  Benford Jr,Transit Operator,69523.4,15787.5,9282.74,36087.4,94593.64,130681.04,2013
Robert  Stafford Jr,Arborist Technician Supervisor,89620.5,5559.78,3882.2,31490.02,99062.48,130552.5,2013
Chelsea E Fordham,Planner 3-Environmental Review,94436.92,0.0,0.0,32471.66,94436.92,126908.58,2013
Clifford S Gee,Accountant III,92790.24,0.0,0.0,32162.07,92790.24,124952.31,2013
Fletcher L Stanford,Transit Operator,68510.0,18099.82,2256.88,34527.29,88866.7,123393.99,2013
Nikole  Ford,Sr. Community Devl Spc 1,91142.01,0.0,0.0,31822.12,91142.01,122964.13,2013
James R Shackelford,Senior Physician Specialist,89018.4,0.0,5839.73,25763.3,94858.13,120621.43,2013
Nicholas  Alford,Sewer Service Worker,89154.71,0.0,20.0,30912.26,89174.71,120086.97,2013
Julie  Ford,Real Property Appraiser,84939.0,0.0,2200.0,30984.33,87139.0,118123.33,2013
James W Lunsford,Stationary Engineer,78707.51,1800.22,5904.02,31331.66,86411.75,117743.41,2013
Carl  Cranford,Transit Operator,63742.82,22387.89,457.54,30899.59,86588.25,117487.84,2013
Heather A Pulford,Fingerprint Technician 3,70389.06,10004.05,3892.87,29237.9,84285.98,113523.88,2013
Patricia L Ford,Water QualityTech I/II,79876.35,2604.91,0.0,29395.95,82481.26,111877.21,2013
Clifford  Courrier,Employment & Training Spec 3,81486.03,0.0,0.0,29854.3,81486.03,111340.33,2013
James R Shackelford,Physician Specialist,85478.4,0.0,7054.57,18227.1,92532.97,110760.07,2013
Lenore D Crawford,Executive Secretary 2,79742.51,0.0,0.0,30326.47,79742.51,110068.98,2013
Twila M Lankford,Transit Operator,62876.74,14545.77,291.33,29307.18,77713.84,107021.02,2013
Theresa A Rutherford,Patient Care Assistant,64934.4,7341.65,6565.57,27082.34,78841.62,105923.96,2013
Gregory  Bradford,Transit Operator,66518.3,5277.2,441.08,32934.45,72236.58,105171.03,2013
Phyllis A Ford,Lieutenant 3,24248.0,0.0,72941.83,6407.74,97189.83,103597.57,2013
Dester D Rutherford,Personnel Analyst,75015.05,0.0,0.0,28577.54,75015.05,103592.59,2013
Althea D Crawford,Transit Operator,53283.89,23787.83,353.85,26014.44,77425.57,103440.01,2013
Neal P Ford,Special Nurse,93141.1,0.0,8860.56,1020.05,102001.66,103021.71,2013
Clifford G Hom,IT Operations Support Admn III,72718.53,0.0,834.24,28336.95,73552.77,101889.72,2013
Kathleen R Clifford,Dental Hygienist,75146.53,0.0,518.4,25980.1,75664.93,101645.03,2013
Sanford  Shiu,Transit Operator,63300.61,6281.48,1767.82,30005.86,71349.91,101355.77,2013
Clifford J Toy,Deputy Court Clerk II,68696.39,0.0,3500.0,27972.25,72196.39,100168.64,2013
Carmen I Rutherford,Licensed Vocational Nurse,66213.6,4189.93,1791.92,27058.73,72195.45,99254.18,2013
Jimmy D Ford,Painter,70457.31,1687.01,368.5,26551.24,72512.82,99064.06,2013
Kimberly  Swinford,Environmental Assistant,70739.65,0.0,0.0,27700.56,70739.65,98440.21,2013
Shawndalina Y Crawford,Transit Operator,54206.71,14571.58,667.02,28565.38,69445.31,98010.69,2013
Richard C Crawford,Planner 3,78262.83,0.0,2808.64,16417.16,81071.47,97488.63,2013
Donna L Bradford,Transit Operator,57277.65,11142.53,216.45,27775.18,68636.63,96411.81,2013
Darnell  Rutherford,Transit Car Cleaner,57480.17,4531.14,8397.93,25877.3,70409.24,96286.54,2013
Erin E Hanford,Senior Management Assistant,69084.2,0.0,0.0,25700.2,69084.2,94784.4,2013
LaDonna  Bellamy-Ashford,Worker's Compensation Adjuster,70515.82,0.0,0.0,24107.16,70515.82,94622.98,2013
Jendayi A Ford,Medical Social Worker,62141.52,0.0,8954.67,21264.29,71096.19,92360.48,2013
Michael  Ford,Health Worker 3,65448.0,0.0,0.0,26642.48,65448.0,92090.48,2013
Catresu  Blueford,Senior Telephone Operator,57004.24,1373.05,5712.01,25915.19,64089.3,90004.49,2013
Preston L Bradford,Health Worker 1,53460.0,7867.3,250.0,24956.99,61577.3,86534.29,2013
Clifford K Lo,Park Patrol Officer,55043.97,4224.07,990.78,26114.51,60258.82,86373.33,2013
Regina A Bradford Tardy,Senior Clerk Typist,60102.03,0.0,0.0,25571.74,60102.03,85673.77,2013
Evan P Ford,Laboratory Technician II,55933.1,0.0,0.0,25837.65,55933.1,81770.75,2013
Sheila R Crawford,Unit Clerk,54116.85,642.99,3731.49,23146.27,58491.33,81637.6,2013
William  Ford,General Laborer,56779.76,741.42,54.0,23754.64,57575.18,81329.82,2013
Kathy L Crawford,Clerk Typist,54756.03,1948.8,0.0,24501.18,56704.83,81206.01,2013
Austin M Sanford,Attorney (Civil/Criminal),56552.2,0.0,625.0,20214.56,57177.2,77391.76,2013
P Bradford  Oczkus,Steamfitter,47229.0,347.4,13509.55,16278.4,61085.95,77364.35,2013
Kelley  Alford,Transit Car Cleaner,44666.24,6228.04,6070.27,19993.5,56964.55,76958.05,2013
Clifford T Nakai,Institution Utility Worker,49080.61,959.87,0.0,25337.14,50040.48,75377.62,2013
Lee O Crawford,Transit Operator,47097.37,4225.6,270.32,22889.87,51593.29,74483.16,2013
Tracy J Ford,Aquatics Facility Asst Supv,48507.77,79.97,377.42,25256.05,48965.16,74221.21,2013
Valerie  Bluford,Permit and Citation Clerk,50286.44,1017.76,0.0,20161.48,51304.2,71465.68,2013
Jay T Ford,Cement Mason,48816.62,440.51,800.0,18934.09,50057.13,68991.22,2013
Brandie  Fulford,Medical Evaluations Assistant,41464.64,3587.35,4587.13,15858.37,49639.12,65497.49,2013
Rayford A Henderson Jr,Transit Operator,41049.37,1718.73,562.5,19662.54,43330.6,62993.14,2013
Mhrizty E Bradford,Library Page,25974.4,0.0,450.46,13261.71,26424.86,39686.57,2013
John G Ford,General Laborer,27079.27,0.0,0.0,11513.47,27079.27,38592.74,2013
Chad A Bradford,IT Operations Support Admin IV,24314.33,0.0,0.0,9301.21,24314.33,33615.54,2013
Camille E Wofford-Howard,Firefighter,25823.62,1033.06,259.58,6142.77,27116.26,33259.03,2013
Jonathan Steven C Ford,"StdntDsgnTrain3, Arch/Eng/Plng",28082.36,119.7,0.0,282.04,28202.06,28484.1,2013
Andre J Ford,Senior Clerk,19761.17,0.0,0.0,8701.19,19761.17,28462.36,2013
John C Winford,Transit Operator,17426.03,205.59,485.23,10248.45,18116.85,28365.3,2013
Louise R Ford,Parking Control Officer,19699.5,0.0,0.0,8493.24,19699.5,28192.74,2013
Ashley S Weatherford,"StdntDsgnTrain3, Arch/Eng/Plng",24689.57,0.0,0.0,246.89,24689.57,24936.46,2013
Denise M Sanford,Transit Operator,16735.48,0.0,23.61,7715.43,16759.09,24474.52,2013
Ernest R Ford Jr,Custodian,14810.21,0.0,174.34,6691.5,14984.55,21676.05,2013
Skylar A Fordahl,Health Worker 2,11853.1,0.0,3637.8,5582.12,15490.9,21073.02,2013
Bradley D Ford,Patient Care Assistant,14776.94,0.0,377.91,151.55,15154.85,15306.4,2013
Mark R Ford III,Pool Lifeguard,12846.12,0.0,576.01,134.23,13422.13,13556.36,2013
Ashley D Weatherford,Recreation Coordinator,13190.55,0.0,69.19,132.61,13259.74,13392.35,2013
John X Rutherford,Recreation Leader,11548.16,0.0,474.3,120.23,12022.46,12142.69,2013
Michael J Twyford,Museum Guard,11647.0,0.0,0.0,0.0,11647.0,11647.0,2013
Randy M Gifford,Public Svc Aide-Public Works,10208.19,0.0,225.27,0.0,10433.46,10433.46,2013
Clifford D Robinson,Public Svc Aide-Public Works,8312.01,0.0,0.0,83.1,8312.01,8395.11,2013
Mia  Shackelford,"Commissioner 16.700c, No Pay",,0.0,0.0,7959.18,0.0,7959.18,2013
Ronald D Bradford,Public Svc Aide-Public Works,7792.51,0.0,0.0,77.91,7792.51,7870.42,2013
Lydia M Offord,Recreation Leader,7043.21,0.0,93.59,71.38,7136.8,7208.18,2013
Tyler B Crawford,Publ Svc Aide-Asst to Prof,6787.99,0.0,0.0,67.89,6787.99,6855.88,2013
Kimberly D Banford,Recreation Leader,6323.46,0.0,33.75,63.58,6357.21,6420.79,2013
LaToye  Lunsford,Public Service Trainee,5796.0,0.0,0.0,57.97,5796.0,5853.97,2013
Clifford W Wong,"StdntDsgnTrain1, Arch/Eng/Plng",4730.0,0.0,0.0,47.3,4730.0,4777.3,2013
Rodney A Sanford Sr,Public Svc Aide-Public Works,4647.34,0.0,0.0,46.45,4647.34,4693.79,2013
Dario  Crawford Jr.,Public Svc Aide-Public Works,4589.38,0.0,0.0,45.89,4589.38,4635.27,2013
Ashley D Weatherford,Recreation Leader,3945.83,0.0,5.4,39.51,3951.23,3990.74,2013
Nashae  Ford,Publ Svc Aide-Asst to Prof,3874.6,0.0,0.0,38.76,3874.6,3913.36,2013
Kelly D Banford,Public Service Trainee,3539.54,0.0,17.65,5.16,3557.19,3562.35,2013
Lauren P Clifford,Public Service Trainee,2029.79,0.0,3.36,0.0,2033.15,2033.15,2013
Valentina R Bluford,Food Service Worker,564.59,0.0,18.94,5.84,583.53,589.37,2013
Margot J Hartford,Recreation Leader,382.5,0.0,0.0,3.83,382.5,386.33,2013
John Sanford Jr,Captain 3,199160.0,6099.28,13773.52,56417.55,219032.8,275450.35,2014
Ray Crawford,"Captain, Emergency Med Svcs",147133.44,54588.44,18939.68,50377.43,220661.56,271038.99,2014
Margaret A Hannaford,Manager VII,194341.83,0.0,652.26,64641.88,194994.09,259635.97,2014
Ethan I Banford,"Captain, Fire Suppression",149531.79,39415.71,14153.88,50980.41,203101.38,254081.79,2014
Shon M Buford,"Lieutenant, Fire Suppression",130961.0,49486.7,17318.18,47726.04,197765.88,245491.92,2014
James R Shackelford,Senior Physician Specialist,179628.8,0.0,8981.44,55642.72,188610.24,244252.96,2014
Paul C Crawford,"Captain, Fire Suppression",148121.09,14205.52,17904.13,51177.78,180230.74,231408.52,2014
Julia D Ford,Inspector 3,137982.04,25778.16,22578.25,43445.2,186338.45,229783.65,2014
Andrew P Clifford,Police Officer 3,116061.85,50154.86,21463.96,39700.53,187680.67,227381.2,2014
Clifford C Smethurst,Transit Power Line Sprv1,100452.0,77015.25,6711.96,37272.15,184179.21,221451.36,2014
Steve A Ford,Lieutenant 3,157612.11,1878.95,11912.92,48401.76,171403.98,219805.74,2014
Clifford L Cook,Inspector 3,137982.11,26070.13,7606.13,43407.36,171658.37,215065.73,2014
Nicholas D Rainsford,Lieutenant 3,157612.02,2775.27,7319.91,46976.26,167707.2,214683.46,2014
Peter L Walford,Pharmacist,145857.01,7134.61,12615.41,47707.76,165607.03,213314.79,2014
Bradford J Benson,Manager IV,154966.87,0.0,0.0,56236.91,154966.87,211203.78,2014
Michele Rutherford,Manager IV,143444.06,0.0,0.0,53769.83,143444.06,197213.89,2014
Brent D Bradford,Police Officer 2,116584.0,28396.41,13754.1,38387.52,158734.51,197122.03,2014
Jamala A Sanford,Sheriff's Lieutenant,130499.04,9368.92,11414.76,43787.36,151282.72,195070.08,2014
Clifford Jeffrey Bramlett,Manager IV,142294.75,0.0,0.0,51457.0,142294.75,193751.75,2014
Dale C Winniford,Firefighter,108305.59,20961.66,17430.96,45045.14,146698.21,191743.35,2014
Nick Oxford,Firefighter,104253.13,21300.88,20931.46,44021.43,146485.47,190506.9,2014
Clifford T Chiba,Deputy Sheriff,94004.97,44976.99,8103.66,35656.53,147085.62,182742.15,2014
Clifford L Burkhart,Police Officer 3,118898.1,9235.32,9290.63,38826.52,137424.05,176250.57,2014
Kent P Ford,Architect,131071.05,0.0,0.0,41858.98,131071.05,172930.03,2014
Sanford Pong,Engineer,131071.01,0.0,0.0,41858.98,131071.01,172929.99,2014
David C Radford,Police Officer,112164.01,9280.19,12105.81,37422.33,133550.01,170972.34,2014
Bradford Lum,Transit Supervisor,89289.6,39796.62,2729.79,34074.12,131816.01,165890.13,2014
Clifford P Wong,Utility Specialist,122868.05,0.0,0.0,40239.65,122868.05,163107.7,2014
Willie Crawford,Manager I,114616.09,0.0,0.0,47618.35,114616.09,162234.44,2014
Kirk A Brelsford,Airport Electrician,103974.05,5832.88,12115.52,39228.65,121922.45,161151.1,2014
Jonathan A Pigford,Police Officer,108250.21,7945.07,4346.29,37839.22,120541.57,158380.79,2014
Jeffrey S Rocheford,Airport Operations Supervisor,100943.07,19927.22,713.33,36084.46,121583.62,157668.08,2014
Kenya Crawford,Deputy Sheriff,94191.01,21187.52,4306.23,35386.17,119684.76,155070.93,2014
David Forde,Deputy Sheriff,94004.95,3566.2,14508.57,36722.27,112079.72,148801.99,2014
Lorraine L Banford,Asst Superintendent Rec,110526.16,0.0,608.39,37237.01,111134.55,148371.56,2014
Kevin C Clifford,Police Officer,97361.66,11797.83,2299.79,36431.92,111459.28,147891.2,2014
Darren Sciford,Senior Const Inspector,108337.1,0.0,0.0,37003.1,108337.1,145340.2,2014
Michael G Ford,Utility Plumber Apprentice,92681.0,8176.27,10323.66,34118.19,111180.93,145299.12,2014
Stephen B Stanford,Deputy Sheriff,94191.0,2465.06,10762.47,36190.18,107418.53,143608.71,2014
Neal P Ford,Special Nurse,112586.75,22254.15,6987.88,1418.27,141828.78,143247.05,2014
Clifford J Schlink,Deputy Sheriff,94026.85,2106.85,11292.58,35345.56,107426.28,142771.84,2014
Bradford C Adams,Electrical Transit System Mech,81830.01,18867.6,7250.2,33335.91,107947.81,141283.72,2014
Shannon M Alford,Regulatory Specialist,102696.02,0.0,0.0,37333.88,102696.02,140029.9,2014
Forrest L Hereford,Transit Operator,66721.6,29766.2,5691.23,36177.08,102179.03,138356.11,2014
Robert Stafford Jr,Arborist Technician Supervisor,88708.0,10673.61,5344.09,33331.83,104725.7,138057.53,2014
Jennifer A Ford,Special Nurse,112933.9,15054.07,6801.29,1347.86,134789.26,136137.12,2014
John E Fordham,Senior Administrative Analyst,98753.0,0.0,0.0,35445.1,98753.0,134198.1,2014
Austin M Sanford,Attorney (Civil/Criminal),97093.69,0.0,1312.5,35739.39,98406.19,134145.58,2014
Sanford L Lee,Water Service Inspector,98485.0,0.0,0.0,35386.42,98485.0,133871.42,2014
Althea D Crawford,Transit Operator,67564.99,28602.29,1908.93,35506.25,98076.21,133582.46,2014
Chelsea E Fordham,Planner 3-Environmental Review,98150.28,0.0,0.0,35315.4,98150.28,133465.68,2014
Rhonda L Ford,Transit Operator,62940.26,36231.38,641.78,32743.82,99813.42,132557.24,2014
Tommy Benford Jr,Transit Operator,68373.84,15670.14,8189.31,37768.6,92233.29,130001.89,2014
Clifford S Gee,Accountant III,94984.02,0.0,0.0,34621.43,94984.02,129605.45,2014
Nikole Ford,Sr. Community Devl Spc 1,92886.04,0.0,0.0,34163.14,92886.04,127049.18,2014
Lee O Crawford,Transit Operator,66479.02,21212.66,832.19,34619.98,88523.87,123143.85,2014
Erin E Hanford,Senior Management Assistant,88410.84,0.0,0.0,33804.97,88410.84,122215.81,2014
Chad A Bradford,IT Operations Support Admin IV,86187.6,0.0,1140.0,33835.39,87327.6,121162.99,2014
Clifford K Lo,Park Patrol Officer,59447.81,15906.99,16216.08,28132.76,91570.88,119703.64,2014
Carl Cranford,Transit Operator,63087.39,21790.04,1278.45,32995.85,86155.88,119151.73,2014
Bradford E Taylor,Manager VI,86278.5,0.0,0.0,31906.37,86278.5,118184.87,2014
Shawndalina Y Crawford,Transit Operator,63336.26,21958.31,625.51,32166.0,85920.08,118086.08,2014
Heather A Pulford,Fingerprint Technician 3,69977.01,12618.46,3959.12,30886.05,86554.59,117440.64,2014
Ladonna Bellamy-Ashford,Worker's Compensation Adjuster,81801.18,0.0,0.0,32292.12,81801.18,114093.3,2014
Robert L Ford,Police Officer 3,11432.51,2202.76,96340.48,3811.51,109975.75,113787.26,2014
Clifford G Hom,IT Operations Support Admn III,78173.4,0.0,3798.26,31778.84,81971.66,113750.5,2014
Patricia L Ford,Water Quality Technician,78407.5,4586.44,0.0,30715.54,82993.94,113709.48,2014
Clifford Courrier,Employment & Training Spec 3,81005.01,0.0,0.0,31566.53,81005.01,112571.54,2014
Dester D Rutherford,Personnel Analyst,80808.4,0.0,0.0,31527.05,80808.4,112335.45,2014
Nicholas Alford,Sewer Service Worker,81743.3,0.0,40.87,30136.01,81784.17,111920.18,2014
Lenore D Crawford,Executive Secretary 2,78914.05,0.0,0.0,31898.66,78914.05,110812.71,2014
Kristen E Mumford,Firefighter,67535.17,10307.65,1667.83,30398.05,79510.65,109908.7,2014
Gregory Bradford,Transit Operator,65203.03,6880.96,1840.16,35009.97,73924.15,108934.12,2014
Theresa A Rutherford,Patient Care Assistant,65048.93,8327.55,6284.72,28788.44,79661.2,108449.64,2014
Camille E Wofford-Howard,Firefighter,72314.26,8086.06,7935.03,19792.6,88335.35,108127.95,2014
Kathleen R Clifford,Dental Hygienist,74716.81,0.0,499.5,27534.42,75216.31,102750.73,2014
Sanford Shiu,Transit Operator,63793.02,5385.83,362.71,30747.39,69541.56,100288.95,2014
Kimberly Swinford,Environmental Assistant,69928.71,0.0,0.0,29093.92,69928.71,99022.63,2014
Valerie Bluford,Permit and Citation Clerk,65409.01,6166.32,0.0,26659.17,71575.33,98234.5,2014
John C Winford,Transit Operator,55916.92,9315.8,538.01,30897.37,65770.73,96668.1,2014
Michael Ford,Health Worker 3,65045.02,0.0,1727.9,28422.93,66772.92,95195.85,2014
Carmen I Rutherford,Licensed Vocational Nurse,64084.0,3459.13,672.71,26887.33,68215.84,95103.17,2014
Darnell Rutherford,Transit Car Cleaner,55832.08,2086.99,7762.5,26643.87,65681.57,92325.44,2014
Catresu Blueford,Senior Telephone Operator,56680.22,1511.56,5590.89,27321.12,63782.67,91103.79,2014
William Ford,General Laborer,61818.0,753.06,0.0,27373.29,62571.06,89944.35,2014
Jay T Ford,Cement Mason,59543.43,3376.35,40.0,24701.05,62959.78,87660.83,2014
Preston L Bradford,Health Worker 1,52403.62,7804.67,0.0,25974.67,60208.29,86182.96,2014
Brandie Fulford,Medical Evaluations Assistant,48928.22,3103.3,5884.31,26786.04,57915.83,84701.87,2014
Regina A Bradford Tardy,Senior Clerk Typist,57777.06,0.0,72.0,26058.64,57849.06,83907.7,2014
Kathy L Crawford,Clerk Typist,54443.0,802.28,0.0,26644.95,55245.28,81890.23,2014
Clifford T Nakai,Institution Utility Worker,51288.55,580.22,0.0,27358.27,51868.77,79227.04,2014
Tracy J Ford,Aquatics Facility Asst Supv,50613.0,179.81,335.14,27260.72,51127.95,78388.67,2014
Kelley Alford,Transit Car Cleaner,44993.3,9465.07,0.0,20108.33,54458.37,74566.7,2014
John G Ford,General Laborer,49817.65,552.04,0.0,22044.36,50369.69,72414.05,2014
Jimmy D Ford,Painter,51021.19,0.0,136.0,20240.33,51157.19,71397.52,2014
Donna L Bradford,Transit Operator,41818.64,4518.88,187.52,21699.38,46525.04,68224.42,2014
Daniel A Whitford,Statnry Eng Water Treat Plant,42478.71,2018.31,0.0,16616.12,44497.02,61113.14,2014
Stephen R Ford,Sr. Community Devl Spc 1,43334.0,0.0,0.0,17524.0,43334.0,60858.0,2014
Sheila R Crawford,Unit Clerk,37175.11,801.0,2497.53,16657.63,40473.64,57131.27,2014
Evan P Ford,Laboratory Technician II,34494.73,31.3,697.3,16013.28,35223.33,51236.61,2014
Fletcher L Stanford,Transit Operator,30030.91,2775.83,259.45,15834.56,33066.19,48900.75,2014
Jessica L Redford,Public Health Nurse,35484.86,0.0,0.0,12968.91,35484.86,48453.77,2014
Lynette A Gifford,Legal Secretary 1,28047.61,0.0,0.0,11850.31,28047.61,39897.92,2014
Mhrizty E Bradford,Library Page,25301.78,36.36,412.92,13711.51,25751.06,39462.57,2014
Sophia K Vanklootwyk-Forde,"StdntDsgnTrain1, Arch/Eng/Plng",37276.36,0.0,0.0,2185.08,37276.36,39461.44,2014
Titus J Crawford,Firefighter,23757.5,0.0,0.0,9982.21,23757.5,33739.71,2014
Jonathan Steven C Ford,"StdntDsgnTrain3, Arch/Eng/Plng",25699.07,0.0,0.0,5606.24,25699.07,31305.31,2014
James W Lunsford,Stationary Engineer,17677.0,842.43,4847.04,7449.05,23366.47,30815.52,2014
William R. Ford,Painter,22151.85,222.0,74.0,224.48,22447.85,22672.33,2014
Louise R Ford,Parking Control Officer,13927.7,915.8,78.4,6271.97,14921.9,21193.87,2014
Heidi D Bluford,Transit Operator,10828.51,730.49,174.6,7053.79,11733.6,18787.39,2014
Twila M Lankford,Transit Operator,11324.7,1714.15,68.49,5469.93,13107.34,18577.27,2014
Ernest R Ford Jr,Custodian,8973.01,0.0,27.21,6578.21,9000.22,15578.43,2014
Mark R Ford Iii,Pool Lifeguard,14470.64,0.0,408.73,148.79,14879.37,15028.16,2014
Michael J Twyford,Museum Guard,13767.03,0.0,0.0,0.0,13767.03,13767.03,2014
Ladra M Befford,Recreation Leader,10113.98,0.0,139.14,102.53,10253.12,10355.65,2014
Valentina R Bluford,Food Service Worker,8808.12,9.28,609.27,94.3,9426.67,9520.97,2014
John X Rutherford,Recreation Leader,8926.4,0.0,366.27,92.92,9292.67,9385.59,2014
Nayche E Bradford,Public Service Trainee,8710.15,0.0,0.0,87.1,8710.15,8797.25,2014
Clifford J Armstrong,Watershed Worker (Seasonal),8634.6,59.96,0.0,86.95,8694.56,8781.51,2014
Ashley D Weatherford,Recreation Coordinator,7900.7,0.0,26.98,79.27,7927.68,8006.95,2014
Imani Crawford,Public Svc Aide-Public Works,7652.9,0.0,0.0,75.72,7652.9,7728.62,2014
Ashley D Weatherford,Recreation Leader,6447.87,0.0,31.8,64.8,6479.67,6544.47,2014
Marlon A Regisford,Planner 3-Environmental Review,6157.9,0.0,0.0,61.58,6157.9,6219.48,2014
Clifford T Uzor,Public Svc Aide-Public Works,5906.7,0.0,0.0,59.07,5906.7,5965.77,2014
Lauren P Clifford,Recreation Leader,5394.81,0.0,0.0,53.96,5394.81,5448.77,2014
Kelly D Banford,Public Service Trainee,5329.73,0.0,24.08,53.52,5353.81,5407.33,2014
Andre J Ford,Senior Clerk,3217.5,0.0,0.0,1629.93,3217.5,4847.43,2014
Kimberly D Banford,Recreation Leader,4170.01,0.0,6.95,41.77,4176.96,4218.73,2014
Seannis T Crawford,Publ Svc Aide-Asst to Prof,3372.67,0.0,0.0,33.72,3372.67,3406.39,2014
James R Shackelford,Physician Specialist,1924.2,0.0,456.23,531.34,2380.43,2911.77,2014
Allen L Releford,Public Svc Aide-Public Works,1708.1,0.0,0.0,17.09,1708.1,1725.19,2014
Denise M Sanford,Transit Operator,700.51,0.0,0.0,360.05,700.51,1060.56,2014
April P Crawford,Unit Clerk,471.44,0.0,0.0,4.71,471.44,476.15,2014
Dario Crawford Jr.,Public Svc Aide-Public Works,184.58,0.0,0.0,1.85,184.58,186.43,2014
John Sanford Jr,Captain 3,200107.1,3635.63,16136.11,54159.83,219878.84,274038.67,2015
Ray Crawford,"Captain, Emergency Med Svcs",150972.8,48274.95,22124.04,47878.06,221371.79,269249.85,2015
Paul C Crawford,"Captain, Fire Suppression",150233.98,48207.47,20889.28,48347.05,219330.73,267677.78,2015
Margaret A Hannaford,Manager VII,203875.47,0.0,0.0,57918.15,203875.47,261793.62,2015
Ethan I Banford,"Captain, Fire Suppression",148809.27,39522.6,19918.45,48025.67,208250.32,256275.99,2015
Nicholas D Rainsford,Lieutenant 3,181133.86,3544.65,5182.81,56431.52,189861.32,246292.84,2015
Andrew P Clifford,Police Officer 3,135335.83,49292.29,16204.27,38504.26,200832.39,239336.65,2015
Clifford L Cook,Inspector 3,144161.71,38439.43,7041.03,45986.21,189642.17,235628.38,2015
Steve A Ford,Lieutenant 3,167914.99,6996.11,8247.26,49926.31,183158.36,233084.67,2015
Shon M Buford,"Lieutenant, Fire Suppression",132001.51,39470.07,16232.89,43573.62,187704.47,231278.09,2015
Bradford E Taylor,Manager VI,171335.0,0.0,0.0,55659.47,171335.0,226994.47,2015
Clifford C Smethurst,Transit Power Line Sprv1,111403.0,75278.59,0.0,37749.96,186681.59,224431.55,2015
Peter L Walford,Pharmacist,150710.0,4185.0,13428.88,46207.48,168323.88,214531.36,2015
Brent D Bradford,Police Officer 3,120837.64,41829.87,13035.34,37819.26,175702.85,213522.11,2015
Jamala A Sanford,Sheriff's Lieutenant,136466.01,15180.75,11867.28,49932.92,163514.04,213446.96,2015
Bradford J Benson,Manager IV,160176.77,0.0,0.0,49189.64,160176.77,209366.41,2015
Julia D Ford,Inspector 3,138920.26,15304.17,13767.84,41266.48,167992.27,209258.75,2015
Michele Rutherford,Manager IV,150863.2,0.0,0.0,49769.44,150863.2,200632.64,2015
Nick Oxford,Firefighter,109813.6,21202.34,15165.62,41391.76,146181.56,187573.32,2015
Clifford Jeffrey Bramlett,Manager IV,148149.02,0.0,0.0,38459.7,148149.02,186608.72,2015
Kenya Crawford,Deputy Sheriff,97764.71,44623.12,4430.35,39408.26,146818.18,186226.44,2015
Bradford Lum,Transit Supervisor,92001.31,55618.44,3271.83,33776.3,150891.58,184667.88,2015
Dale C Winniford,Firefighter,113000.42,12498.98,16026.7,41760.16,141526.1,183286.26,2015
Clifford L Burkhart,Police Officer 3,119467.36,10822.69,9338.94,36860.62,139628.99,176489.61,2015
Kent P Ford,Architect,135421.01,0.0,0.0,40160.94,135421.01,175581.95,2015
Sanford Pong,Engineer,135421.0,0.0,0.0,40160.94,135421.0,175581.94,2015
David C Radford,Police Officer 2,115949.27,8730.65,8708.73,36122.8,133388.65,169511.45,2015
Victoria L Weatherford,Attorney (Civil/Criminal),127140.0,0.0,0.0,39929.8,127140.0,167069.8,2015
Clifford T Chiba,Deputy Sheriff,97770.51,20802.51,8210.43,39787.25,126783.45,166570.7,2015
Clifford J Schlink,Deputy Sheriff,97770.85,17001.57,11811.65,39657.07,126584.07,166241.14,2015
Clifford P Wong,Utility Specialist,126994.05,0.0,0.0,38554.71,126994.05,165548.76,2015
Jonathan A Pigford,Police Officer,114634.26,7467.63,3203.81,37081.2,125305.7,162386.9,2015
Jeffrey S Rocheford,Airport Operations Supervisor,104354.07,13962.15,4705.05,35753.73,123021.27,158775.0,2015
Willie Crawford,Manager I,117954.05,0.0,0.0,40642.3,117954.05,158596.35,2015
David Forde,Deputy Sheriff,97344.7,4115.18,15345.49,41203.95,116805.37,158009.32,2015
Austin M Sanford,Attorney (Civil/Criminal),116295.41,0.0,0.0,38856.48,116295.41,155151.89,2015
James R Shackelford,Senior Physician Specialist,102988.71,0.0,18769.02,33018.0,121757.73,154775.73,2015
Althea D Crawford,Transit Operator,69433.29,41694.26,5516.33,34590.25,116643.88,151234.13,2015
Darren Sciford,Senior Const Inspector,111918.07,0.0,0.0,35350.81,111918.07,147268.88,2015
Michael G Ford,Utility Plumber,88849.84,14905.9,8802.45,32282.59,112558.19,144840.78,2015
Shannon M Alford,Regulatory Specialist,106116.01,0.0,0.0,35738.63,106116.01,141854.64,2015
Kevin C Clifford,Police Officer,98694.38,3324.08,4539.79,34767.11,106558.25,141325.36,2015
Chelsea E Fordham,Planner 3-Environmental Review,106116.0,0.0,0.0,34677.47,106116.0,140793.47,2015
Forrest L Hereford,Transit Operator,70584.43,27378.58,6911.5,35524.26,104874.51,140398.77,2015
Daniel A Whitford,Statnry Eng Water Treat Plant,93738.14,10789.23,157.21,34153.72,104684.58,138838.3,2015
Sanford L Lee,Water Service Inspector,101733.0,0.0,0.0,36287.53,101733.0,138020.53,2015
John E Fordham,Senior Administrative Analyst,101840.14,0.0,0.0,33756.57,101840.14,135596.71,2015
Robert Stafford Jr,Arborist Technician Supervisor,91653.02,3752.46,6107.76,31829.64,101513.24,133342.88,2015
Clifford S Gee,Accountant III,98157.02,0.0,0.0,33009.3,98157.02,131166.32,2015
Tommy Benford Jr,Transit Operator,68531.24,19438.84,8041.0,34851.39,96011.08,130862.47,2015
Chad A Bradford,IT Operations Support Admin IV,93470.2,0.0,3267.17,33225.23,96737.37,129962.6,2015
Lorraine L Banford,Asst Superintendent Rec,97760.53,0.0,519.43,30689.96,98279.96,128969.92,2015
Camille E Wofford-Howard,Firefighter,76952.9,19967.3,10172.42,20175.31,107092.62,127267.93,2015
Kristen E Mumford,Firefighter,74780.77,16732.86,3866.49,31757.83,95380.12,127137.95,2015
Bradford C Adams,Electrical Transit System Mech,84920.68,4903.44,3384.11,33115.24,93208.23,126323.47,2015
Edward Comerford,Manager VI,96772.0,0.0,0.0,28282.27,96772.0,125054.27,2015
Isela I Ford,Health Program Coordinator 2,90775.05,0.0,0.0,31461.87,90775.05,122236.92,2015
Titus J Crawford,Firefighter,73360.11,9374.85,6631.11,32119.08,89366.07,121485.15,2015
Dester D Rutherford,Personnel Analyst,89535.87,0.0,0.0,31150.02,89535.87,120685.89,2015
Ladonna Bellamy-Ashford,Worker's Compensation Adjuster,87531.02,0.0,0.0,32052.65,87531.02,119583.67,2015
Neal P Ford,Special Nurse,102260.47,8019.05,7994.63,1182.71,118274.15,119456.86,2015
Carl Cranford,Transit Operator,63802.81,23191.78,1602.14,30757.24,88596.73,119353.97,2015
Jay T Ford,Cement Mason,75811.5,10398.77,40.0,30526.86,86250.27,116777.13,2015
Stephen R Ford,Sr. Community Devl Spc 1,85135.21,0.0,0.0,31489.93,85135.21,116625.14,2015
Nicholas Alford,Sewer Service Worker,84302.52,0.0,0.0,31388.85,84302.52,115691.37,2015
Gregory Bradford,Transit Operator,68450.46,10067.57,2698.51,34136.67,81216.54,115353.21,2015
Clifford G Hom,IT Operations Support Admn III,84481.7,0.0,0.0,30064.2,84481.7,114545.9,2015
Shawndalina Y Crawford,Transit Operator,66378.59,17468.22,687.07,29966.34,84533.88,114500.22,2015
Clifford Courrier,Employment & Training Spec 3,83699.02,0.0,0.0,30372.25,83699.02,114071.27,2015
Patricia L Ford,Water Quality Technician,81523.81,2629.9,0.0,29344.99,84153.71,113498.7,2015
Jennifer A Ford,Special Nurse,94744.73,11472.68,5674.68,1118.89,111892.09,113010.98,2015
Clifford K Lo,Park Patrol Officer,64416.53,18888.76,1853.76,27519.27,85159.05,112678.32,2015
Lenore D Crawford,Executive Secretary 2,81542.03,0.0,0.0,30341.78,81542.03,111883.81,2015
Carmen I Rutherford,Licensed Vocational Nurse,72123.49,10666.79,250.0,27357.84,83040.28,110398.12,2015
Lee O Crawford,Transit Operator,65452.83,8389.13,1692.41,31546.08,75534.37,107080.45,2015
Theresa A Rutherford,Patient Care Assistant,67169.82,7162.68,5207.21,27370.72,79539.71,106910.43,2015
Lynette A Gifford,Legal Secretary 1,76393.22,0.0,0.0,29525.77,76393.22,105918.99,2015
Kathleen R Clifford,Dental Hygienist,77203.28,0.0,499.2,26570.77,77702.48,104273.25,2015
Valerie Bluford,Permit and Citation Clerk,68705.33,9363.47,0.0,26053.87,78068.8,104122.67,2015
John C Winford,Transit Operator,66003.75,7035.18,551.17,30451.74,73590.1,104041.84,2015
Kimberly Swinford,Environmental Assistant,72522.0,0.0,0.0,27635.56,72522.0,100157.56,2015
Michael Ford,Health Worker 4,71520.52,0.0,624.0,27883.5,72144.52,100028.02,2015
Sanford Shiu,Transit Operator,65274.54,3047.41,714.28,28916.73,69036.23,97952.96,2015
Twila M Lankford,Transit Operator,64046.06,3503.9,733.24,28367.26,68283.2,96650.46,2015
Kirk A Brelsford,Airport Electrician,56662.82,465.77,13422.94,21929.89,70551.53,92481.42,2015
Catresu Blueford,Senior Telephone Operator,58751.57,1164.02,5958.72,26249.34,65874.31,92123.65,2015
Darnell Rutherford,Transit Car Cleaner,56314.04,953.9,8152.12,25372.63,65420.06,90792.69,2015
Heather A Pulford,Fingerprint Technician 3,56272.97,8100.82,2875.82,23201.91,67249.61,90451.52,2015
William Ford,General Laborer,63887.06,347.11,73.26,26015.13,64307.43,90322.56,2015
Pola S Crawford,Attorney (Civil/Criminal),67751.5,0.0,0.0,22554.34,67751.5,90305.84,2015
Fletcher L Stanford,Transit Operator,50983.8,10402.79,2490.46,25154.35,63877.05,89031.4,2015
Brandie Fulford,Medical Evaluations Assistant,54328.46,2740.4,4819.28,25638.53,61888.14,87526.67,2015
Sheila R Crawford,Unit Clerk,56325.71,1201.21,3718.95,24031.64,61245.87,85277.51,2015
Clifford T Nakai,"Aprntc Stnry Eng, Sew Plant 1",54795.02,1160.51,256.66,27346.71,56212.19,83558.9,2015
Preston L Bradford,Health Worker 1,53520.83,4294.71,510.5,24689.15,58326.04,83015.19,2015
Kathy L Crawford,Clerk Typist,55967.37,0.0,0.0,25456.35,55967.37,81423.72,2015
Sophia K Vanklootwyk-Forde,Planner 1,55098.55,0.0,0.0,25522.99,55098.55,80621.54,2015
Andre J Ford,Airport Security ID Technician,55777.85,271.48,0.0,24532.44,56049.33,80581.77,2015
Regina A Bradford Tardy,Senior Clerk Typist,53976.86,0.0,802.13,23286.3,54778.99,78065.29,2015
Heidi D Bluford,Transit Operator,44039.25,6240.74,1000.98,25779.28,51280.97,77060.25,2015
William R. Ford,Painter,55874.37,590.36,409.25,19503.59,56873.98,76377.57,2015
Brad W Teaford,EMT/Paramedic/Firefighter,47764.28,5343.43,3282.51,19289.16,56390.22,75679.38,2015
Louise R Ford,Parking Control Officer,48796.61,458.64,300.04,20676.18,49555.29,70231.47,2015
Rhonda L Ford,Transit Operator,31518.15,10984.61,478.14,15999.05,42980.9,58979.95,2015
Nayche E Bradford,Transit Operator,34397.92,1935.05,875.21,19945.42,37208.18,57153.6,2015
Michael D Gaisford,Utility Specialist,49466.6,0.0,0.0,1305.41,49466.6,50772.01,2015
Kelley Alford,Transit Car Cleaner,30605.04,2597.15,48.0,15864.66,33250.19,49114.85,2015
Jimmy D Ford,Painter,28856.55,0.0,141.0,16962.93,28997.55,45960.48,2015
Elgin K Blueford,Pharmacy Technician,38290.72,1376.4,802.05,1671.49,40469.17,42140.66,2015
Mhrizty E Bradford,Library Page,25997.32,0.0,423.54,13076.45,26420.86,39497.31,2015
Richard S Ford,Electrical Transit System Mech,26432.0,2193.93,0.0,9792.4,28625.93,38418.33,2015
John G Ford,Truck Driver,19198.31,0.0,0.0,17404.36,19198.31,36602.67,2015
Jonathan Steven C Ford,"StdntDsgnTrain3, Arch/Eng/Plng",27274.27,0.0,0.0,5920.96,27274.27,33195.23,2015
Clifford M Yim,Truck Driver,29316.55,345.78,40.0,297.03,29702.33,29999.36,2015
Nicola J Clifford,Manager I,21852.0,0.0,0.0,4607.21,21852.0,26459.21,2015
Precious L Bradford,Porter,22155.24,0.0,499.88,226.56,22655.12,22881.68,2015
Ladra M Befford,Recreation Leader,15530.78,0.0,284.02,158.17,15814.8,15972.97,2015
Ernest R Ford Jr,Custodian,0.0,0.0,0.0,13092.38,0.0,13092.38,2015
Mark R Ford Iii,Pool Lifeguard,11710.71,0.0,276.32,119.87,11987.03,12106.9,2015
Tamicka L Crawford,Public Service Trainee,8908.69,138.69,0.0,139.35,9047.38,9186.73,2015
Stephen B Stanford,Deputy Sheriff,2604.7,0.0,5317.31,649.38,7922.01,8571.39,2015
Valentina R Bluford,Food Service Worker,7346.33,0.0,530.61,78.78,7876.94,7955.72,2015
Becky A Ford,Publ Svc Aide-Asst to Prof,7362.14,108.3,0.0,74.72,7470.44,7545.16,2015
Seannis T Crawford,Publ Svc Aide-Asst to Prof,7319.28,27.08,0.0,73.48,7346.36,7419.84,2015
Donna L Bradford,Transit Operator,0.0,0.0,250.0,6148.46,250.0,6398.46,2015
Radford D. Salas,Licensed Vocational Nurse,6181.29,0.0,73.69,62.55,6254.98,6317.53,2015
Clifford S Long,School Crossing Guard,5991.07,0.0,0.0,98.92,5991.07,6089.99,2015
Lauren P Clifford,Recreation Leader,5859.0,0.0,18.6,58.79,5877.6,5936.39,2015
Allen L Releford,Public Svc Aide-Public Works,5711.94,0.0,0.0,90.64,5711.94,5802.58,2015
Kelly D Banford,Public Service Trainee,5318.31,0.0,15.05,53.36,5333.36,5386.72,2015
Denise M Sanford,Transit Operator,0.0,0.0,3263.57,1446.79,3263.57,4710.36,2015
Erin E Hanford,Senior Management Assistant,0.0,0.0,1661.22,0.0,1661.22,1661.22,2015
Kenton D Raiford,Recreation Leader,360.0,0.0,0.0,3.6,360.0,363.6,2015
Ray Crawford,"Captain, Emergency Med Svcs",153194.03,94210.55,20780.23,45607.36,268184.81,313792.17,2016
Edward Comerford,Senior Portfolio Manager,229630.75,0.0,0.0,57793.65,229630.75,287424.4,2016
Clifford L Cook,Inspector 3,156192.89,68372.97,7283.88,52247.65,231849.74,284097.39,2016
Clifford C Smethurst,Transit Power Line Sprv1,120296.23,111109.35,0.0,37554.9,231405.58,268960.48,2016
John Sanford Jr,Captain 3,203037.51,768.86,11108.21,51583.02,214914.58,266497.6,2016
Margaret A Hannaford,Manager VII,210862.14,0.0,0.0,55202.89,210862.14,266065.03,2016
Nicholas D Rainsford,Captain 3,193353.53,5715.06,16892.32,49076.33,215960.91,265037.24,2016
Paul C Crawford,"Captain, Fire Suppression",161338.59,9248.59,30862.19,48992.99,201449.37,250442.36,2016
Ethan I Banford,"Captain, Fire Suppression",153874.43,28360.56,19639.86,46638.78,201874.85,248513.63,2016
Andrew P Clifford,Police Officer 3,137187.03,52096.36,18256.44,37114.99,207539.83,244654.82,2016
Bradford E Taylor,Manager VI,180403.11,0.0,0.0,61180.97,180403.11,241584.08,2016
Jamala A Sanford,Sheriff's Lieutenant,142153.56,13840.33,21861.1,55352.66,177854.99,233207.65,2016
Steve A Ford,Lieutenant 3,167533.55,3956.03,12855.21,47234.5,184344.79,231579.29,2016
Bradford J Benson,Manager IV,176182.44,0.0,0.0,54185.81,176182.44,230368.25,2016
Shon M Buford,"Lieutenant, Fire Suppression",133713.36,30882.53,16194.9,40207.28,180790.79,220998.07,2016
Michele Rutherford,Manager IV,159381.45,0.0,0.0,55800.01,159381.45,215181.46,2016
Kenya Crawford,Deputy Sheriff,102281.14,57384.25,5860.03,43960.89,165525.42,209486.31,2016
Brent D Bradford,Police Officer 3,121773.68,28585.29,12905.99,36192.62,163264.96,199457.58,2016
Nick Oxford,Firefighter,113803.69,32575.05,12220.87,39744.93,158599.61,198344.54,2016
Clifford Jeffrey Bramlett,Manager IV,154236.21,0.0,0.0,43075.8,154236.21,197312.01,2016
Jonathan A Pigford,Police Officer,119646.71,38686.51,2257.73,36557.43,160590.95,197148.38,2016
Clifford J Schlink,Deputy Sheriff,102559.7,37612.87,12646.53,43885.87,152819.1,196704.97,2016
Dale C Winniford,Firefighter,113803.67,13218.93,15573.84,40325.29,142596.44,182921.73,2016
Victoria L Weatherford,Attorney (Civil/Criminal),141164.62,0.0,0.0,41342.47,141164.62,182507.09,2016
Sanford Pong,Engineer,141063.37,0.0,0.0,38681.02,141063.37,179744.39,2016
Clifford L Burkhart,Police Officer 3,121209.61,10014.28,9571.5,35404.1,140795.39,176199.49,2016
Clifford T Chiba,Deputy Sheriff,102566.09,17921.78,10187.04,44190.67,130674.91,174865.58,2016
David Forde,Deputy Sheriff,102328.59,6693.94,15724.59,45673.1,124747.12,170420.22,2016
David C Radford,Police Officer 2,118846.07,10231.81,5718.48,34978.97,134796.36,169775.33,2016
Clifford P Wong,Utility Specialist,132284.32,0.0,0.0,37191.34,132284.32,169475.66,2016
Kevin C Clifford,Police Officer 2,109494.88,15021.71,5859.31,35468.28,130375.9,165844.18,2016
Julia D Ford,Inspector 3,99504.83,6376.56,30867.98,27410.65,136749.37,164160.02,2016
Michael G Ford,Utility Plumber,104566.2,6466.95,13066.78,35974.18,124099.93,160074.11,2016
Bradford Lum,Transit Supervisor,94937.7,28806.29,2437.16,33151.17,126181.15,159332.32,2016
Lorraine L Banford,Asst Superintendent Rec,122141.21,0.0,624.0,35180.13,122765.21,157945.34,2016
Jeffrey S Rocheford,Airport Operations Supervisor,108590.02,12466.53,977.17,33335.35,122033.72,155369.07,2016
Althea D Crawford,Transit Operator,71944.45,44926.59,5547.26,32113.99,122418.3,154532.29,2016
Neal P Ford,Special Nurse,118469.89,18990.85,4628.61,10515.48,142089.35,152604.83,2016
Darren Sciford,Senior Const Inspector,116570.54,0.0,0.0,34191.01,116570.54,150761.55,2016
Shannon M Alford,Planner 4-Environmental Review,115383.04,0.0,0.0,35267.32,115383.04,150650.36,2016
Camille E Wofford-Howard,Firefighter,81984.36,19487.78,9923.07,33663.59,111395.21,145058.8,2016
Chelsea E Fordham,Planner 3-Environmental Review,110521.57,0.0,0.0,33607.26,110521.57,144128.83,2016
Chad A Bradford,IT Operations Support Admin IV,103843.4,0.0,5852.07,33307.68,109695.47,143003.15,2016
Sanford L Lee,Water Service Inspector,105990.8,0.0,0.0,36079.82,105990.8,142070.62,2016
John E Fordham,Senior Administrative Analyst,106264.7,0.0,0.0,32802.74,106264.7,139067.44,2016
Tommy Benford Jr,Transit Operator,72877.81,23040.68,7881.39,32984.62,103799.88,136784.5,2016
Richard S Ford,Electrical Transit System Mech,88975.41,6798.07,4571.84,33990.92,100345.32,134336.24,2016
Bradford C Adams,Electrical Transit System Mech,88975.43,5931.59,5977.53,33372.67,100884.55,134257.22,2016
Clifford S Gee,Accountant III,102210.58,0.0,0.0,32036.54,102210.58,134247.12,2016
Robert Stafford Jr,Arborist Technician Supervisor,95471.62,3203.59,5376.25,29736.05,104051.46,133787.51,2016
Dester D Rutherford,Personnel Analyst,99964.27,0.0,0.0,31610.37,99964.27,131574.64,2016
Forrest L Hereford,Transit Operator,68868.02,25656.94,5596.15,30780.66,100121.11,130901.77,2016
Nicholas Alford,Sewer Service Worker,94082.97,0.0,2503.42,33524.38,96586.39,130110.77,2016
Carl Cranford,Transit Operator,67649.29,28835.54,1615.63,29333.38,98100.46,127433.84,2016
Brad W Teaford,EMT/Paramedic/Firefighter,79686.9,11531.25,5871.38,29159.67,97089.53,126249.2,2016
Isela I Ford,Health Program Coordinator 2,94497.52,0.0,0.0,30578.51,94497.52,125076.03,2016
Clifford K Lo,Head Park Patrol Officer,71556.72,15437.28,10458.65,27474.87,97452.65,124927.52,2016
Clifford G Hom,IT Operations Support Admin IV,93911.21,0.0,0.0,30462.08,93911.21,124373.29,2016
Fletcher L Stanford,Transit Operator,71072.48,18354.14,2893.6,31897.89,92320.22,124218.11,2016
Stephen R Ford,Sr. Community Devl Spc 1,93096.01,0.0,0.0,31056.26,93096.01,124152.27,2016
Titus J Crawford,Firefighter,77146.91,6722.09,7864.54,31985.31,91733.54,123718.85,2016
Peter L Walford,Pharmacist,82686.41,2023.0,15439.96,23282.35,100149.37,123431.72,2016
Michael D Gaisford,Utility Specialist,91572.96,0.0,0.0,30758.56,91572.96,122331.52,2016
Ladonna Bellamy-Ashford,Worker's Compensation Adjuster,91145.35,0.0,0.0,30673.7,91145.35,121819.05,2016
Lee O Crawford,Transit Operator,71934.38,15441.27,2008.67,31255.17,89384.32,120639.49,2016
Elgin K Blueford,Pharmacy Technician,80108.83,5982.29,2264.83,28890.37,88355.95,117246.32,2016
Gregory Bradford,Transit Operator,71938.42,9328.66,3231.33,32292.36,84498.41,116790.77,2016
Clifford Courrier,Employment & Training Spec 3,87186.6,0.0,0.0,29120.38,87186.6,116306.98,2016
Lenore D Crawford,Executive Secretary 2,84888.3,0.0,0.0,29510.75,84888.3,114399.05,2016
Jimmy D Ford,Painter,83044.1,0.0,912.0,30332.47,83956.1,114288.57,2016
Shawndalina Y Crawford,Transit Operator,60892.03,21780.27,713.57,27104.26,83385.87,110490.13,2016
John G Ford,Truck Driver,75992.4,4132.2,0.0,28780.79,80124.6,108905.39,2016
Jay T Ford,Cement Mason,75689.8,1433.76,1330.0,30259.98,78453.56,108713.54,2016
Michael Ford,Health Worker 4,80080.2,0.0,432.0,27854.24,80512.2,108366.44,2016
Kathleen R Clifford,Dental Hygienist,80383.89,0.0,499.2,25412.82,80883.09,106295.91,2016
Tecia D Clifford,Police Officer,72752.33,4481.39,591.2,26232.55,77824.92,104057.47,2016
Kimberly Swinford,Environmental Assistant,75856.52,0.0,0.0,27602.38,75856.52,103458.9,2016
John C Winford,Transit Operator,67212.42,7844.66,550.67,27534.42,75607.75,103142.17,2016
Nicola J Clifford,Manager I,73927.61,0.0,3777.0,25320.11,77704.61,103024.72,2016
Darnell Rutherford,Transit Car Cleaner,63637.74,1358.63,9007.09,26513.45,74003.46,100516.91,2016
Brandie Fulford,Medical Evaluations Assistant,61979.33,5648.35,5722.92,25456.31,73350.6,98806.91,2016
Lynette A Gifford,Legal Secretary 1,72086.28,0.0,0.0,26435.69,72086.28,98521.97,2016
Valerie Bluford,Permit and Citation Clerk,71529.02,25.84,0.0,26676.98,71554.86,98231.84,2016
Sanford Shiu,Transit Operator,67009.5,2941.68,646.36,27532.45,70597.54,98129.99,2016
Clifford T Nakai,"Aprntc Stnry Eng, Sew Plant 1",64020.82,2763.99,1014.97,27916.87,67799.78,95716.65,2016
Catresu Blueford,Senior Telephone Operator,61669.5,1552.38,6128.34,25427.96,69350.22,94778.18,2016
Kelley Alford,Transit Car Cleaner,57345.67,13225.44,1118.9,22660.59,71690.01,94350.6,2016
Donna L Bradford,Transit Operator,55908.95,13028.73,454.59,24733.04,69392.27,94125.31,2016
William Ford,General Laborer,66526.1,1817.48,0.0,24253.41,68343.58,92596.99,2016
Andre J Ford,Airport Security ID Technician,63124.35,22.82,1733.83,24689.38,64881.0,89570.38,2016
Carmen I Rutherford,Licensed Vocational Nurse,64335.5,2034.5,459.78,22634.63,66829.78,89464.41,2016
Sophia K Vanklootwyk-Forde,Planner 1,62752.22,0.0,0.0,24655.52,62752.22,87407.74,2016
Heidi D Bluford,Transit Operator,52233.39,7131.65,896.94,26517.87,60261.98,86779.85,2016
Regina A Bradford Tardy,Senior Clerk Typist,60800.24,0.0,590.07,23561.87,61390.31,84952.18,2016
Kathy L Crawford,Clerk Typist,57876.42,0.0,2986.37,23970.28,60862.79,84833.07,2016
Willie Crawford,Manager I,59324.44,0.0,0.0,22877.21,59324.44,82201.65,2016
Austin M Sanford,Attorney (Civil/Criminal),58986.02,0.0,3698.79,18836.86,62684.81,81521.67,2016
Nayche E Bradford,Transit Operator,47994.13,6612.67,920.9,25427.87,55527.7,80955.57,2016
Preston L Bradford,Health Worker 1,54285.88,3815.23,250.0,22268.22,58351.11,80619.33,2016
Kent P Ford,Architect,58795.0,0.0,2994.54,17267.48,61789.54,79057.02,2016
Clifford M Yim,Truck Driver,54264.3,4191.33,0.0,19698.02,58455.63,78153.65,2016
April J Crawford,Health Program Coordinator 3,50051.21,0.0,0.0,17081.71,50051.21,67132.92,2016
Twila M Lankford,Transit Operator,39920.0,1400.52,559.05,19140.56,41879.57,61020.13,2016
Autumn L Blueford,Protective Services Worker,43054.2,0.0,1628.1,14473.43,44682.3,59155.73,2016
Jennifer A Ford,Special Nurse,42302.9,6445.84,1170.39,3660.98,49919.13,53580.11,2016
Jimmy E Hallford,Asphalt Worker,35693.1,2413.33,2993.79,11302.44,41100.22,52402.66,2016
Jacqueline L Langford,Legal Assistant,38108.41,82.69,0.0,13811.16,38191.1,52002.26,2016
Daniel A Whitford,Statnry Eng Water Treat Plant,35695.36,2335.93,1194.8,12552.23,39226.09,51778.32,2016
Stephen B Stanford,Sheriff's Cadet,27931.0,1712.93,346.42,14568.43,29990.35,44558.78,2016
Erica D Stafford,Patient Care Assistant,28463.7,765.28,14.51,14136.19,29243.49,43379.68,2016
Stacey A Sanford,"Operating Engineer, Universal",34596.0,1459.52,0.0,5901.28,36055.52,41956.8,2016
Theresa A Rutherford,Patient Care Assistant,18959.45,2934.72,2034.64,17990.1,23928.81,41918.91,2016
Emily E Stratford,Librarian 1,30093.21,0.0,481.59,11273.7,30574.8,41848.5,2016
Mhrizty E Bradford,Library Page,27760.96,0.0,423.61,12873.39,28184.57,41057.96,2016
Jerome Bradford,Gardener,27548.75,815.68,326.39,5866.32,28690.82,34557.14,2016
Tamieka K Alford,Porter,24391.12,280.3,515.89,6643.2,25187.31,31830.51,2016
Ladra M Befford,Recreation Leader,22138.17,0.0,353.15,5580.72,22491.32,28072.04,2016
Louise R Ford,Parking Control Officer,0.0,0.0,0.0,26485.21,0.0,26485.21,2016
Namuun E Clifford,Special Nurse,22830.52,0.0,538.15,2038.1,23368.67,25406.77,2016
Clifford L Mork,IS Engineer-Senior,19664.0,0.0,0.0,5681.06,19664.0,25345.06,2016
Tanea D Lunsford,Analyst Trainee,18081.0,0.0,0.0,7115.16,18081.0,25196.16,2016
Marshawna R Anderson-Blueford,Health Worker 2,19542.51,0.0,0.0,4849.48,19542.51,24391.99,2016
Jonathan Steven C Ford,"StdntDsgnTrain3, Arch/Eng/Plng",16958.04,0.0,0.0,6911.79,16958.04,23869.83,2016
Sheila R Crawford,Unit Clerk,10431.41,104.86,660.2,11513.95,11196.47,22710.42,2016
Iesha N Rayford,Public Service Trainee,14477.24,0.0,0.0,7139.95,14477.24,21617.19,2016
Becky A Ford,Publ Svc Aide-Asst to Prof,16104.15,115.43,0.0,5303.61,16219.58,21523.19,2016
Tamicka L Crawford,Public Service Trainee,12977.83,0.0,878.02,7160.73,13855.85,21016.58,2016
Heather A Pulford,Fingerprint Technician 3,11420.01,1644.48,1036.37,4359.78,14100.86,18460.64,2016
Pola S Crawford,Attorney (Civil/Criminal),13661.4,0.0,0.0,4487.19,13661.4,18148.59,2016
Mark R Ford Iii,Pool Lifeguard,10738.15,0.0,388.51,3580.16,11126.66,14706.82,2016
Valentina R Bluford,Food Service Worker,9710.25,0.0,603.82,3002.46,10314.07,13316.53,2016
Safonya Y Crawford,Public Svc Aide-Public Works,8270.56,0.0,234.08,3263.29,8504.64,11767.93,2016
Hannah R Safford,"StdntDsgnTrain1, Arch/Eng/Plng",9022.79,0.0,0.0,2173.42,9022.79,11196.21,2016
Lauren P Clifford,Recreation Leader,6640.17,0.0,0.0,2537.01,6640.17,9177.18,2016
Kelly D Banford,Recreation Leader,6302.65,0.0,22.47,2093.09,6325.12,8418.21,2016
Lester L Alford Lll,Public Svc Aide-Public Works,5522.51,0.0,0.0,2169.46,5522.51,7691.97,2016
Rhonda L Ford,Transit Operator,3390.98,0.0,1982.63,2055.37,5373.61,7428.98,2016
Clifford S Long,School Crossing Guard,4718.04,0.0,37.84,1840.92,4755.88,6596.8,2016
Bradford T Chin,Firefighter,4320.0,0.0,0.0,1568.36,4320.0,5888.36,2016
Sarah A Crawford,Police Cadet,4057.84,0.0,0.0,1378.02,4057.84,5435.86,2016
Clifford R Hom,Camp Assistant,3470.17,0.0,14.36,1683.25,3484.53,5167.78,2016
William R. Ford,Painter,0.0,0.0,0.0,5119.2,0.0,5119.2,2016
Phillip C Pettiford,Public Svc Aide-Public Works,3583.53,0.0,55.71,1413.15,3639.24,5052.39,2016
Kenton D Raiford,Recreation Leader,3166.53,0.0,122.8,1211.84,3289.33,4501.17,2016
Omari K Crawford,Firefighter,3106.4,0.0,0.0,1150.38,3106.4,4256.78,2016
Colin I Clifford,Public Service Trainee,2247.0,0.0,0.0,1091.21,2247.0,3338.21,2016
Radford D. Salas,Licensed Vocational Nurse,2168.98,0.0,0.0,444.36,2168.98,2613.34,2016
Porche S Releford,Public Service Trainee,1175.0,0.0,14.1,506.61,1189.1,1695.71,2016
Jennifer C Rutherford,Testing Technician,1090.58,46.41,0.0,277.05,1136.99,1414.04,2016
Patricia L Ford,Water Quality Technician,0.0,0.0,1262.37,-13.15,1262.37,1249.22,2016
Marjari C Gilford,Public Service Trainee,747.5,0.0,4.16,354.71,751.66,1106.37,2016
Edward Comerford,Senior Portfolio Manager,290653.76,0.0,0.0,72471.54,290653.76,363125.3,2017
Paul C Crawford,"Battalion Chief, Fire Suppress",184867.31,29702.29,41898.51,55815.69,256468.11,312283.8,2017
Ray Crawford,"Captain, Emergency Med Svcs",153009.31,72224.19,19301.65,48148.72,244535.15,292683.87,2017
Margaret A Hannaford,Manager VII,224309.7,0.0,0.0,62098.47,224309.7,286408.17,2017
Nicholas D Rainsford,Captain 3,207088.02,7766.24,15234.96,53122.58,230089.22,283211.8,2017
Ethan I Banford,"Captain, Fire Suppression",155475.13,38893.95,26496.22,49946.32,220865.3,270811.62,2017
Clifford L Cook,Inspector 3,155537.04,53437.89,7469.57,52574.71,216444.5,269019.21,2017
John Sanford Jr,Captain 3,207088.0,1479.75,6571.8,53465.37,215139.55,268604.92,2017
Shon M Buford,"Lieutenant, Fire Suppression",136148.75,50491.69,31193.53,47304.62,217833.97,265138.59,2017
Steve A Ford,Captain 3,190522.82,4787.2,4822.35,57014.31,200132.37,257146.68,2017
Jamala A Sanford,Sheriff's Lieutenant,146590.0,17558.07,23549.93,58123.12,187698.0,245821.12,2017
Bradford E Taylor,Manager VI,186028.01,0.0,0.0,58849.88,186028.01,244877.89,2017
Bradford J Benson,Manager IV,185832.0,0.0,0.0,52859.1,185832.0,238691.1,2017
Clifford C Smethurst,Transit Power Line Sprv1,111690.0,88495.15,0.0,36964.53,200185.15,237149.68,2017
Kenya Crawford,Deputy Sheriff,106023.48,73533.58,8878.82,46265.82,188435.88,234701.7,2017
Clifford J Schlink,Deputy Sheriff,106349.02,51712.83,13961.24,45683.1,172023.09,217706.19,2017
Andrew P Clifford,Police Officer 3,123614.17,41487.23,10745.27,37485.25,175846.67,213331.92,2017
Brent D Bradford,Sergeant 3,141266.0,11798.51,10165.79,40587.32,163230.3,203817.62,2017
Clifford T Chiba,Deputy Sheriff,106349.04,38252.5,11413.78,45833.56,156015.32,201848.88,2017
Clifford Jeffrey Bramlett,Manager IV,157926.0,0.0,0.0,38763.09,157926.0,196689.09,2017
Victoria L Weatherford,Attorney (Civil/Criminal),149093.94,0.0,0.0,44572.48,149093.94,193666.42,2017
Sanford Pong,Engineer,145460.09,0.0,0.0,40836.6,145460.09,186296.69,2017
Nick Oxford,Firefighter,117174.01,12145.35,12414.26,41628.62,141733.62,183362.24,2017
Jonathan A Pigford,Police Officer 2,121572.94,16229.48,2986.09,37875.23,140788.51,178663.74,2017
Clifford P Wong,Utility Specialist,136410.04,0.0,0.0,39997.16,136410.04,176407.2,2017
Dale C Winniford,Firefighter,116056.84,7021.66,11726.69,41171.23,134805.19,175976.42,2017
David C Radford,Police Officer 2,121224.01,9854.79,3906.05,36908.63,134984.85,171893.48,2017
Clifford L Burkhart,Police Officer 3,123614.12,4714.22,5107.08,37324.56,133435.42,170759.98,2017
Jeffrey S Rocheford,Manager II,117129.82,7408.74,2848.17,41723.79,127386.73,169110.52,2017
Kevin C Clifford,Police Officer 2,117119.03,9348.14,3626.74,38135.17,130093.91,168229.08,2017
David Forde,Deputy Sheriff,106349.02,1853.54,12092.65,46051.04,120295.21,166346.25,2017
Chadrick A Bradford,IT Operations Support Admin V,121709.0,0.0,6140.57,38263.94,127849.57,166113.51,2017
Shannon M Alford,Planner 4-Environmental Review,126132.16,0.0,0.0,38766.03,126132.16,164898.19,2017
Lorraine L Banford,Asst Superintendent Rec,125970.0,0.0,624.0,38095.12,126594.0,164689.12,2017
Chelsea E Fordham,Planner 3-Environmental Review,119811.08,0.0,0.0,37062.88,119811.08,156873.96,2017
Darren Sciford,Senior Const Inspector,120230.08,0.0,0.0,36568.66,120230.08,156798.74,2017
Forrest L Hereford,Transit Operator,79600.56,38972.22,4927.83,32254.0,123500.61,155754.61,2017
Sanford L Lee,Water Service Inspector,109258.0,0.0,0.0,38198.22,109258.0,147456.22,2017
Fletcher L Stanford,Transit Operator,78029.11,29889.72,6001.14,32444.81,113919.97,146364.78,2017
John E Fordham,Senior Administrative Analyst,109530.0,0.0,0.0,35339.47,109530.0,144869.47,2017
Bradford C Adams,Electrical Transit System Mech,91808.0,13200.79,3307.4,35209.88,108316.19,143526.07,2017
Robert Stafford Jr,Arborist Technician Supervisor,98428.1,700.13,11376.19,32735.16,110504.42,143239.58,2017
Clifford G Hom,IT Operations Support Admin IV,108157.11,0.0,0.0,35079.53,108157.11,143236.64,2017
Clifford S Gee,Accountant III,105388.12,0.0,0.0,34535.86,105388.12,139923.98,2017
Autumn L Blueford,Protective Services Worker,96752.17,0.0,7775.32,35034.89,104527.49,139562.38,2017
Camille E Wofford-Howard,Firefighter,92640.07,8283.88,15249.87,22290.86,116173.82,138464.68,2017
Brad W Teaford,EMT/Paramedic/Firefighter,94696.86,8739.87,1498.72,32686.05,104935.45,137621.5,2017
Nicholas Alford,Sewer Service Worker,97584.02,1009.72,2937.47,35785.41,101531.21,137316.62,2017
Titus J Crawford,Firefighter,83365.9,11834.61,6616.45,34116.03,101816.96,135932.99,2017
Neal P Ford,Special Nurse,111138.59,18069.52,4655.28,1338.62,133863.39,135202.01,2017
Stephen R Ford,Sr. Community Devl Spc 1,100757.65,0.0,0.0,34418.29,100757.65,135175.94,2017
Carl Cranford,Transit Operator,73728.83,27156.28,1615.53,29250.77,102500.64,131751.41,2017
Isela I Ford,Health Program Coordinator 2,97428.05,0.0,0.0,32991.08,97428.05,130419.13,2017
Dester D Rutherford,Human Resources Analyst,98427.76,0.0,0.0,31879.52,98427.76,130307.28,2017
Tecia D Clifford,Police Officer,83387.03,9728.21,4734.93,31400.51,97850.17,129250.68,2017
Ladonna Bellamy-Ashford,Worker's Compensation Adjuster,94000.02,0.0,0.0,33058.67,94000.02,127058.69,2017
Lee O Crawford,Transit Operator,74675.69,21931.74,794.21,29444.53,97401.64,126846.17,2017
Stacey A Sanford,"Operating Engineer, Universal",101274.55,7722.88,0.0,17598.59,108997.43,126596.02,2017
Shawndalina Y Crawford,Transit Operator,68594.8,21176.54,3989.05,30660.29,93760.39,124420.68,2017
April J Crawford,Health Program Coordinator 3,91634.45,0.0,0.0,32355.94,91634.45,123990.39,2017
John G Ford,Truck Driver,81180.6,10550.33,31.04,30870.35,91761.97,122632.32,2017
Clifford Courrier,Employment & Training Spec 3,89884.0,0.0,168.0,31684.51,90052.0,121736.51,2017
Clifford K Lo,Head Park Patrol Officer,81106.3,4316.36,1988.75,34085.85,87411.41,121497.26,2017
Michael D Gaisford,Utility Specialist,99619.45,0.0,0.0,20019.92,99619.45,119639.37,2017
Lenore D Crawford,Executive Secretary 2,87520.0,0.0,0.0,31622.22,87520.0,119142.22,2017
Gregory Bradford,Transit Operator,75937.01,8140.21,2509.52,30770.61,86586.74,117357.35,2017
Jay T Ford,Cement Mason,80333.07,1384.45,1650.0,33901.48,83367.52,117269.0,2017
Clifford T Nakai,"Aprntc Stnry Eng, Sew Plant 1",74157.32,10183.4,1202.68,30282.67,85543.4,115826.07,2017
Bradford T Chin,Firefighter,75565.5,3272.5,5319.07,31416.17,84157.07,115573.24,2017
John C Winford,Transit Operator,73619.87,11662.49,787.07,29450.07,86069.43,115519.5,2017
Michael Ford,Health Worker 4,84214.42,0.0,0.0,30543.35,84214.42,114757.77,2017
William R. Ford,Painter,80795.88,0.0,1714.0,31267.66,82509.88,113777.54,2017
Carmen I Rutherford,Licensed Vocational Nurse,77442.58,6037.89,428.64,28680.06,83909.11,112589.17,2017
Elgin K Blueford,Pharmacy Technician,86601.09,4856.56,1892.03,17817.16,93349.68,111166.84,2017
Kathleen R Clifford,Dental Hygienist,82897.7,0.0,499.2,27572.41,83396.9,110969.31,2017
Jimmy D Ford,Painter,79800.91,0.0,361.0,30158.07,80161.91,110319.98,2017
Jacqueline L Langford,Legal Assistant,79525.8,165.38,0.0,30030.58,79691.18,109721.76,2017
Sanford Shiu,Transit Operator,75756.05,2460.14,570.33,30157.35,78786.52,108943.87,2017
Kimberly Swinford,Environmental Assistant,77846.01,0.0,0.0,29191.12,77846.01,107037.13,2017
Brandie Fulford,Medical Evaluations Assistant,66785.79,5498.35,6446.68,28175.17,78730.82,106905.99,2017
Donna L Bradford,Transit Operator,61528.56,15795.89,503.88,25651.9,77828.33,103480.23,2017
Valerie Bluford,Permit and Citation Clerk,73781.75,184.97,0.0,28916.09,73966.72,102882.81,2017
Heidi D Bluford,Transit Operator,63954.58,8773.85,715.58,28824.3,73444.01,102268.31,2017
Darnell Rutherford,Transit Car Cleaner,65093.36,242.27,8985.5,27085.68,74321.13,101406.81,2017
Sheila R Crawford,Unit Clerk,65903.48,1404.14,5679.94,27611.9,72987.56,100599.46,2017
Catresu Blueford,Senior Telephone Operator,63498.07,2738.7,6015.89,27672.53,72252.66,99925.19,2017
Willie Crawford,Manager I,0.0,0.0,97381.16,0.0,97381.16,97381.16,2017
William Ford,General Laborer,68588.02,1418.24,109.9,26896.66,70116.16,97012.82,2017
Bradford Lum,Transit Supervisor,51996.01,8577.28,17298.83,18201.36,77872.12,96073.48,2017
Jimmy E Hallford,Asphalt Worker,58430.7,1797.43,6215.78,27539.45,66443.91,93983.36,2017
Nayche E Bradford,Transit Operator,59253.9,4060.51,1207.87,27753.19,64522.28,92275.47,2017
Regina A Bradford Tardy,Senior Clerk Typist,64960.29,0.0,611.63,26663.71,65571.92,92235.63,2017
Lynette A Gifford,Legal Secretary 1,65728.42,0.0,0.0,26271.32,65728.42,91999.74,2017
Glenford A Brown,Transit Operator,46320.47,14205.31,2837.77,25855.36,63363.55,89218.91,2017
Kelley Alford,Transit Car Cleaner,57315.72,6341.0,741.98,23719.84,64398.7,88118.54,2017
Stephen B Stanford,Deputy Sheriff 1,63166.01,5448.24,2670.56,15157.93,71284.81,86442.74,2017
Kathy L Crawford,Clerk Typist,59316.45,0.0,612.63,25582.88,59929.08,85511.96,2017
Clifford M Yim,Truck Driver,52899.77,5223.68,0.0,22687.31,58123.45,80810.76,2017
Jennifer A Ford,Special Nurse,66374.75,5011.42,2943.74,743.31,74329.91,75073.22,2017
Marshawna R Anderson-Blueford,Health Worker 2,43285.86,0.0,0.0,21297.96,43285.86,64583.82,2017
Althea D Crawford,Transit Operator,25749.14,13650.11,1658.11,20734.66,41057.36,61792.02,2017
Clifford S Lau,Physician Specialist,51546.21,0.0,0.0,10034.24,51546.21,61580.45,2017
Emily E Stratford,Librarian 1,43650.99,0.0,511.71,16839.47,44162.7,61002.17,2017
Michele Rutherford,Manager IV,29955.03,0.0,19723.12,9829.22,49678.15,59507.37,2017
Andre J Ford,Airport Security ID Technician,39391.42,8.17,414.81,19096.85,39814.4,58911.25,2017
Patrick I Ford,Administrative Analyst,36252.0,0.0,0.0,13981.18,36252.0,50233.18,2017
Clifford L Mork,IS Engineer-Senior,33920.4,0.0,0.0,10240.22,33920.4,44160.62,2017
Michael G Ford,Utility Plumber,18254.14,2140.93,845.35,21789.1,21240.42,43029.52,2017
Mhrizty E Bradford,Library Page,26990.02,0.0,392.84,13224.94,27382.86,40607.8,2017
Alyssa C Blueford,Transit Operator,23612.55,1249.8,466.17,13017.77,25328.52,38346.29,2017
Namuun E Clifford,Special Nurse,36451.48,0.0,1083.37,375.36,37534.85,37910.21,2017
Alexis I Blueford,Medical Evaluations Assistant,28665.66,101.58,250.0,6821.79,29017.24,35839.03,2017
Louise R Ford,Parking Control Officer,20253.19,838.52,233.54,12846.79,21325.25,34172.04,2017
Lester L Alford Lll,Apprentice Gardener,29173.7,0.0,109.9,4686.03,29283.6,33969.63,2017
Twila M Lankford,Transit Operator,18659.55,1541.02,406.05,11939.06,20606.62,32545.68,2017
Tamieka K Alford,Porter,18713.13,1226.54,596.0,5654.34,20535.67,26190.01,2017
Tanea D Lunsford,Analyst Trainee,15067.5,0.0,0.0,8211.91,15067.5,23279.41,2017
Valentina R Bluford,Food Service Worker,17061.87,2835.63,309.03,202.07,20206.53,20408.6,2017
Mark R Ford Iii,Pool Lifeguard,19319.57,0.0,598.85,199.18,19918.42,20117.6,2017
Tierra L Sanford,Public Service Trainee,16235.02,147.47,0.0,250.02,16382.49,16632.51,2017
Preston L Bradford,Health Worker 1,9391.2,335.4,1472.4,3981.93,11199.0,15180.93,2017
Ladra M Befford,Recreation Leader,13857.49,0.0,120.25,139.78,13977.74,14117.52,2017
Sarah A Crawford,Police Cadet,11303.26,0.0,0.0,113.04,11303.26,11416.3,2017
Melissa C Burford,Public Service Trainee,7744.0,0.0,0.0,3595.94,7744.0,11339.94,2017
Safonya Y Crawford,Public Svc Aide-Public Works,8808.41,0.0,367.71,472.87,9176.12,9648.99,2017
Porche S Releford,Public Service Trainee,9124.62,0.0,103.4,150.14,9228.02,9378.16,2017
Tommy Benford Jr,Transit Operator,2491.1,0.0,1624.08,4628.18,4115.18,8743.36,2017
Richard S Ford,Electrical Transit System Mech,2585.49,0.0,4218.67,1048.42,6804.16,7852.58,2017
Adonas B Crawford,Public Svc Aide-Public Works,6556.69,374.57,192.85,86.46,7124.11,7210.57,2017
Lauren P Clifford,Recreation Leader,6781.73,0.0,1.32,67.83,6783.05,6850.88,2017
Jerome Bradford,Gardener,4291.56,0.0,24.92,421.73,4316.48,4738.21,2017
Becky A Ford,Publ Svc Aide-Asst to Prof,3556.06,0.0,0.0,35.57,3556.06,3591.63,2017
Kelly D Banford,Recreation Leader,3322.37,0.0,3.95,33.26,3326.32,3359.58,2017
Devon Langford,Custodian,1952.0,0.0,200.0,1005.15,2152.0,3157.15,2017
Georgette G Stanford,School Crossing Guard,2627.03,0.0,0.0,26.27,2627.03,2653.3,2017
Colin I Clifford,Public Service Trainee,2349.0,0.0,0.0,23.49,2349.0,2372.49,2017
Daniel A Whitford,Statnry Eng Water Treat Plant,0.0,0.0,2296.15,0.0,2296.15,2296.15,2017
Kenton D Raiford,Recreation Leader,1736.84,0.0,35.73,17.72,1772.57,1790.29,2017
Roshan Cranford Luitel,Public Service Trainee,1659.0,0.0,32.4,16.91,1691.4,1708.31,2017
Donald J Banford Jr.,Camp Assistant,1480.5,0.0,0.0,14.81,1480.5,1495.31,2017
Sophia K Vanklootwyk-Forde,Planner 1,0.0,0.0,1027.19,0.0,1027.19,1027.19,2017
Brice P Burford,Public Service Trainee,980.0,0.0,0.0,9.8,980.0,989.8,2017
Jonathan Beauford,"BdComm Mbr, Grp2,M=$25/Mtg",125.0,0.0,0.0,1.25,125.0,126.25,2017
Edward Comerford,Senior Portfolio Manager,298884.8,0.0,0.0,68198.68,298884.8,367083.48,2018
Paul C Crawford,"Battalion Chief, Fire Suppress",191226.05,37050.86,34127.05,60757.32,262403.96,323161.28,2018
Ray Crawford,"Captain, Emergency Med Svcs",156128.92,86203.96,18722.08,50368.27,261054.96,311423.23,2018
Margaret A Hannaford,Manager VII,230883.46,0.0,0.0,57200.73,230883.46,288084.19,2018
Steve A Ford,Captain 3,213164.03,9.35,10243.8,58418.62,223417.18,281835.8,2018
Nicholas D Rainsford,Captain 3,213164.0,0.0,10243.81,58418.55,223407.81,281826.36,2018
Ethan I Banford,"Captain, Fire Suppression",157779.06,38899.2,19785.0,50627.5,216463.26,267090.76,2018
Jamala A Sanford,Sheriff's Captain,168953.01,5887.66,16045.01,75573.24,190885.68,266458.92,2018
Shon M Buford,"Lieutenant, Fire Suppression",145984.12,40432.28,28987.85,50093.67,215404.25,265497.92,2018
John Sanford Jr,Captain 3,121233.01,0.0,100613.75,32486.06,221846.76,254332.82,2018
Brent D Bradford,Sergeant 3,148949.98,38812.06,14945.2,44341.8,202707.24,247049.04,2018
Kenya Crawford,Deputy Sheriff,109046.43,65442.69,10161.25,55105.61,184650.37,239755.98,2018
Andrew P Clifford,Police Officer 3,127222.08,62701.27,8231.13,39605.05,198154.48,237759.53,2018
Bradford E Taylor,Manager VI,193312.02,0.0,0.0,40023.9,193312.02,233335.92,2018
Bradford J Benson,Manager IV,188312.01,0.0,0.0,38320.89,188312.01,226632.9,2018
Clifford T Chiba,Deputy Sheriff,109667.02,32929.14,13126.61,53590.74,155722.77,209313.51,2018
Clifford J Schlink,Deputy Sheriff,102348.38,32716.11,16904.74,52430.97,151969.23,204400.2,2018
Victoria L Weatherford,Attorney (Civil/Criminal),156522.06,0.0,0.0,46505.22,156522.06,203027.28,2018
Nick Oxford,Firefighter,120032.58,21208.15,12570.76,43173.19,153811.49,196984.68,2018
Clifford Jeffrey Bramlett,Manager IV,163666.03,0.0,0.0,32722.48,163666.03,196388.51,2018
Clifford L Cook,Inspector 3,88098.01,1066.41,82750.64,22002.32,171915.06,193917.38,2018
Sanford Pong,Engineer,149836.11,0.0,0.0,43283.83,149836.11,193119.94,2018
Dale C Winniford,Firefighter,120066.03,11885.47,16096.81,43818.93,148048.31,191867.24,2018
Kevin C Clifford,Police Officer 2,124768.27,17467.17,3119.13,40332.65,145354.57,185687.22,2018
Jonathan A Pigford,Police Officer 2,136189.06,6003.03,2163.54,41321.07,144355.63,185676.7,2018
Lorraine L Banford,Dep Dir III,146772.41,0.0,432.0,37993.06,147204.41,185197.47,2018
Clifford P Wong,Utility Specialist,140500.11,0.0,0.0,42267.31,140500.11,182767.42,2018
David Forde,Deputy Sheriff,109842.03,7447.23,10991.59,53556.12,128280.85,181836.97,2018
David C Radford,Police Officer 2,124768.25,10429.94,5513.81,38820.57,140712.0,179532.57,2018
Shannon M Alford,Planner 4-Environmental Review,136404.09,0.0,0.0,41879.5,136404.09,178283.59,2018
Clifford L Burkhart,Police Officer 3,127222.08,4312.7,6124.42,39251.48,137659.2,176910.68,2018
Chadrick A Bradford,IT Operations Support Admin V,129388.3,0.0,6270.47,40548.94,135658.77,176207.71,2018
Althea D Crawford,Transit Operator,79375.78,51911.34,5536.54,33169.15,136823.66,169992.81,2018
Michael G Ford,Utility Plumber,111478.01,8620.04,8704.07,40240.21,128802.12,169042.33,2018
Bradford C Adams,Electrical Transit System Mech,94548.0,23973.74,8720.94,38002.66,127242.68,165245.34,2018
Chelsea E Fordham,Planner 4-Environmental Review,125810.6,0.0,0.0,39288.27,125810.6,165098.87,2018
Forrest L Hereford,Transit Operator,80970.12,41807.93,7791.01,34217.13,130569.06,164786.19,2018
Camille E Wofford-Howard,Firefighter,108706.95,13534.83,15100.03,25771.96,137341.81,163113.77,2018
Darren Sciford,Senior Const Inspector,123176.49,0.0,0.0,38695.69,123176.49,161872.18,2018
Clifford G Hom,IT Operations Support Admin IV,116900.03,0.0,5570.91,38145.31,122470.94,160616.25,2018
Jeffrey S Rocheford,Manager II,127732.67,0.0,5280.82,27582.75,133013.49,160596.24,2018
Stacey A Sanford,"Operating Engineer, Universal",104362.03,30692.04,2821.36,22084.73,137875.43,159960.16,2018
Brad W Teaford,EMT/Paramedic/Firefighter,108852.41,5086.31,3861.24,37771.3,117799.96,155571.26,2018
Clifford S Gee,Pr Administrative Analyst,116188.07,0.0,0.0,37961.64,116188.07,154149.71,2018
Titus J Crawford,Firefighter,93223.98,19861.04,3979.43,36061.51,117064.45,153125.96,2018
Sanford L Lee,Water Service Inspector,112530.0,0.0,0.0,40148.8,112530.0,152678.8,2018
John E Fordham,Senior Administrative Analyst,112816.0,0.0,0.0,37282.32,112816.0,150098.32,2018
Shawndalina Y Crawford,Transit Operator,78084.49,34168.51,4131.84,32712.14,116384.84,149096.98,2018
Autumn L Blueford,Protective Services Worker,105497.83,0.0,5274.88,36557.12,110772.71,147329.83,2018
Nicholas Alford,Sewer Service Worker,101956.89,114.43,3078.64,38131.45,105149.96,143281.41,2018
Stephen R Ford,Sr. Community Devl Spc 1,106154.02,0.0,0.0,35864.12,106154.02,142018.14,2018
Clifford K Lo,Head Park Ranger,86534.09,17443.77,2728.93,32820.67,106706.79,139527.46,2018
Dester D Rutherford,Human Resources Analyst,103754.06,0.0,0.0,34694.31,103754.06,138448.37,2018
Isela I Ford,Health Program Coordinator 3,102924.02,0.0,80.0,35306.91,103004.02,138310.93,2018
Robert Stafford Jr,Arborist Technician Supervisor,97403.59,0.0,5869.55,32866.24,103273.14,136139.38,2018
Bradford T Chin,Firefighter,79746.5,16052.61,5286.55,33888.47,101085.66,134974.13,2018
Fletcher L Stanford,Transit Operator,69741.77,31092.75,4036.3,29995.75,104870.82,134866.57,2018
April J Crawford,Health Program Coordinator 3,99620.15,0.0,0.0,34976.43,99620.15,134596.58,2018
Tecia D Clifford,Police Officer,89422.56,6013.26,2556.15,33365.22,97991.97,131357.19,2018
Ladonna Bellamy-Ashford,Worker's Compensation Adjuster,96818.01,0.0,0.0,33967.63,96818.01,130785.64,2018
Carmen I Rutherford,Licensed Vocational Nurse,83175.85,13060.05,346.11,32419.03,96582.01,129001.04,2018
John C Winford,Transit Operator,78173.56,11837.13,5152.39,32729.67,95163.08,127892.75,2018
Clifford Courrier,Employment & Training Spec 3,92572.0,0.0,624.0,34646.77,93196.0,127842.77,2018
Clifford T Nakai,"Aprt Stnry Eng, Sew Plant II",85785.6,6069.63,1307.87,33433.14,93163.1,126596.24,2018
Kathleen R Clifford,Dental Hygienist,93081.58,0.0,544.25,32512.13,93625.83,126137.96,2018
Lee O Crawford,Transit Operator,74357.3,18660.61,2385.76,30330.33,95403.67,125734.0,2018
William R. Ford,Painter,88117.86,642.19,1193.0,34508.99,89953.05,124462.04,2018
Jacqueline L Langford,Legal Assistant,85981.4,5538.95,0.0,32264.03,91520.35,123784.38,2018
Lenore D Crawford,Executive Secretary 2,90156.01,0.0,0.0,31949.8,90156.01,122105.81,2018
Patrick I Ford,Senior Administrative Analyst,87121.51,0.0,0.0,32460.62,87121.51,119582.13,2018
Heidi D Bluford,Transit Operator,72115.64,15619.68,848.0,30528.49,88583.32,119111.81,2018
Michael Ford,Health Worker 4,86772.12,0.0,0.0,32201.74,86772.12,118973.86,2018
Elgin K Blueford,Pharmacy Technician,91112.04,5629.35,1835.34,19150.59,98576.73,117727.32,2018
Glenford A Brown,Transit Operator,56879.43,25445.14,4503.54,30708.28,86828.11,117536.39,2018
Stephen B Stanford,Deputy Sheriff 1,90468.01,4277.43,993.68,19946.96,95739.12,115686.08,2018
Gregory Bradford,Transit Operator,76122.98,4402.32,3632.21,31520.75,84157.51,115678.26,2018
Neal P Ford,Special Nurse,100133.9,6758.64,3796.62,4478.32,110689.16,115167.48,2018
Sanford Shiu,Transit Operator,76939.8,4745.13,1560.04,31439.48,83244.97,114684.45,2018
Jay T Ford,Cement Mason,80249.53,0.0,1520.0,32296.37,81769.53,114065.9,2018
Brandie Fulford,Medical Evaluations Assistant,69209.62,6126.19,6290.43,30362.17,81626.24,111988.41,2018
Kimberly Swinford,Environmental Assistant,80184.03,0.0,0.0,30714.26,80184.03,110898.29,2018
Allison Beresford,Administrative Analyst,79554.55,0.0,0.0,28412.09,79554.55,107966.64,2018
Kelley Alford,Transit Car Cleaner,59046.09,21950.01,1451.19,25037.24,82447.29,107484.53,2018
Valerie Bluford,Permit and Citation Clerk,76025.05,165.5,0.0,30667.82,76190.55,106858.37,2018
Carl Cranford,Transit Operator,57205.13,22400.87,851.59,23155.89,80457.59,103613.48,2018
Darnell Rutherford,Transit Car Cleaner,65233.86,1201.27,9402.53,27709.27,75837.66,103546.93,2018
Nayche E Bradford,Transit Operator,68383.33,682.23,3136.79,30237.91,72202.35,102440.26,2018
Twila M Lankford,Transit Operator,68299.47,4661.84,906.64,27784.91,73867.95,101652.86,2018
William Ford,General Laborer,70640.0,2359.76,0.0,27973.32,72999.76,100973.08,2018
Clifford S Lau,Physician Specialist,83749.09,0.0,0.0,16494.9,83749.09,100243.99,2018
Catresu Blueford,Senior Telephone Operator,63750.11,1356.62,6200.61,27806.76,71307.34,99114.1,2018
Emily E Stratford,Librarian 1,70678.58,0.0,1169.91,26511.16,71848.49,98359.65,2018
Regina A Bradford Tardy,Senior Clerk Typist,67311.01,0.0,615.33,28213.42,67926.34,96139.76,2018
Jimmy D Ford,Painter,68745.16,0.0,556.0,26607.76,69301.16,95908.92,2018
Jimmy E Hallford,Asphalt Worker,59811.15,6827.16,2090.96,26961.78,68729.27,95691.05,2018
Clifford M Yim,Truck Driver,61199.74,4975.37,0.0,23890.9,66175.11,90066.01,2018
Kathy L Crawford,Clerk Typist,61869.31,0.0,620.33,26591.45,62489.64,89081.09,2018
Devon Langford,Custodian,51550.9,2676.55,6562.34,28247.45,60789.79,89037.24,2018
Sheila R Crawford,Unit Clerk,56188.39,104.1,4525.6,25440.52,60818.09,86258.61,2018
Marshawna R Anderson-Blueford,Health Worker 2,56895.15,0.0,0.0,26601.68,56895.15,83496.83,2018
Alexis I Blueford,Medical Evaluations Assistant,54561.54,162.52,250.0,26765.67,54974.06,81739.73,2018
Donna L Bradford,Transit Operator,36779.59,9920.2,429.14,15763.83,47128.93,62892.76,2018
Jennifer A Ford,Special Nurse,59480.87,0.0,2087.46,615.69,61568.33,62184.02,2018
Michael D Gaisford,Utility Specialist,47810.79,0.0,440.05,9874.27,48250.84,58125.11,2018
Alyssa C Blueford,Transit Operator,36089.18,1423.6,829.55,19595.58,38342.33,57937.91,2018
John G Ford,Truck Driver,39132.06,2397.76,0.0,15326.51,41529.82,56856.33,2018
Lynette A Gifford,Legal Secretary 1,36564.19,0.0,1722.29,16860.33,38286.48,55146.81,2018
Clifford C Smethurst,Airport Electrician,24257.6,2273.02,14173.89,8671.36,40704.51,49375.87,2018
Louise R Ford,Parking Control Officer,30109.88,403.96,542.34,12867.83,31056.18,43924.01,2018
Mhrizty E Bradford,Library Page,27870.17,205.13,312.9,13715.66,28388.2,42103.86,2018
Clark S Sanford,Public Svc Aide-Public Works,26865.87,0.0,887.17,14195.81,27753.04,41948.85,2018
Andre J Ford,Airport Security ID Technician,25651.22,0.0,453.53,10713.91,26104.75,36818.66,2018
Buddy E Radford,Bldg & Grounds Patrol Officer,23668.75,0.0,416.4,240.86,24085.15,24326.01,2018
Nicholas M Ford,Criminalist II,17812.0,0.0,0.0,5887.34,17812.0,23699.34,2018
Mark R Ford Iii,Pool Lifeguard,17856.51,0.0,569.86,184.29,18426.37,18610.66,2018
Ladra M Befford,Recreation Leader,11604.78,0.0,537.68,121.42,12142.46,12263.88,2018
Tierra L Sanford,Public Service Trainee,8810.32,0.0,971.93,2138.44,9782.25,11920.69,2018
Karaline G Bridgeford,PS Aide to Prof,10543.3,0.0,0.0,105.43,10543.3,10648.73,2018
Fatina Crawford,Junior Clerk,9352.2,852.63,0.0,102.04,10204.83,10306.87,2018
Lester L Alford Lll,Apprentice Gardener,5818.8,0.0,1943.55,1401.16,7762.35,9163.51,2018
Tory L Hereford,Recreation Leader,7163.44,0.0,67.23,72.31,7230.67,7302.98,2018
Bradford H Williamson Jr,Customer Service Agent Trainee,6677.1,0.0,0.0,66.78,6677.1,6743.88,2018
Lauren P Clifford,Recreation Leader,6618.15,0.0,0.0,66.2,6618.15,6684.35,2018
Melissa C Burford,Public Service Trainee,3872.0,0.0,0.0,1787.68,3872.0,5659.68,2018
Mary E Clifford,Camp Assistant,3538.62,0.0,27.72,35.66,3566.34,3602.0,2018
Donald J Banford Jr.,Camp Assistant,3077.25,0.0,1.12,30.78,3078.37,3109.15,2018
Charity M Befford,Public Svc Aide-Public Works,2932.0,0.0,60.57,45.61,2992.57,3038.18,2018
Colin I Clifford,Public Service Trainee,2967.0,0.0,0.0,29.67,2967.0,2996.67,2018
Roshan Cranford Luitel,Public Service Trainee,2625.0,0.0,0.0,26.25,2625.0,2651.25,2018
Kelly D Banford,Recreation Leader,2585.66,0.0,32.25,26.18,2617.91,2644.09,2018
Brice P Burford,Public Service Trainee,1568.0,0.0,4.48,15.72,1572.48,1588.2,2018
Joseph L Bluford,Custodian,603.3,0.0,30.17,148.73,633.47,782.2,2018
Meagan D Ford,Junior Clerk,514.8,160.88,0.0,6.76,675.68,682.44,2018
Margot J Hartford,Recreation Leader,353.16,0.0,2.16,3.55,355.32,358.87,2018
Clifford R Hom,Recreation Facility Assistant,326.21,0.0,1.91,3.29,328.12,331.41,2018
Clifford J King,Junior Clerk,268.13,0.0,0.0,2.68,268.13,270.81,2018
Adonas B Crawford,Public Svc Aide-Public Works,242.0,0.0,3.86,10.07,245.86,255.93,2018
Mark R Ford Iii,Swimming Instructor,91.2,0.0,7.3,0.99,98.5,99.49,2018
Julia D Ford,Inspector 3,0.0,34.83,0.0,0.0,34.83,34.83,2018
Jonathan Beauford,"BdComm Mbr, Grp2,M=$25/Mtg",25.0,0.0,0.0,0.25,25.0,25.25,2018
Becky A Ford,Publ Svc Aide-Asst to Prof,0.0,0.0,10.5,0.0,10.5,10.5,2018
