EmployeeName,JobTitle,BasePay,OvertimePay,OtherPay,Benefits,TotalPay,TotalPayBenefits,Year
PATRICK GARDNER,"DEPUTY CHIEF OF DEPARTMENT,(FIRE DEPARTMENT)",134401.6,9737.0,182234.59,,326373.19,326373.19,2011
BRIAN BRINGARDNER,ATTORNEY (CIVIL/CRIMINAL),164352.64,0.0,0.0,,164352.64,164352.64,2011
MATTHEW GARDNER,POLICE OFFICER III,117303.67,3466.23,30338.57,,151108.47,151108.47,2011
EDDIE GARDNER,IS ENGINEER - SENIOR,114575.81,0.0,1754.13,,116329.94,116329.94,2011
TERRENCE GARDNER,"STATIONARY ENGINEER, WATER TREATMENT PLANT",74140.63,2722.71,12010.73,,88874.07,88874.07,2011
BEVERLY GARDNER,TRANSIT OPERATOR,65609.37,21879.97,97.4,,87586.74,87586.74,2011
DARIUS GARDNER,ENVIRONMENTAL SERVICE WORKER,32486.85,323.83,4032.69,,36843.37,36843.37,2011
DONALD GARDNER,MEDIA PRODUCTION TECHNICIAN,13255.01,173.55,0.0,,13428.56,13428.56,2011
SHANTEL GARDNER,PUBLIC SERVICE AIDE-SPECIAL PROGRAMS,9285.83,0.0,0.0,,9285.83,9285.83,2011
GARDNER MEIN,RECREATION LEADER,6355.57,0.0,69.09,,6424.66,6424.66,2011
SHERELLE GARDNER,PUBLIC SERVICE AIDE-SPECIAL PROGRAMS,4273.51,0.0,0.0,,4273.51,4273.51,2011
MARCO GARDNER,RECREATION LEADER,4008.93,0.0,105.24,,4114.17,4114.17,2011
Brian Bringardner,Attorney (Civil/Criminal),168107.33,0.0,312.5,53854.62,168419.83,222274.45,2012
Matthew Gardner,Police Officer 3,122033.33,38249.42,9848.04,34404.86,170130.79,204535.65,2012
Eddie Gardner,IS Engineer-Senior,121524.0,0.0,6081.48,44549.26,127605.48,172154.74,2012
Beverly Gardner,Transit Operator,45172.09,14217.74,857.52,26318.65,60247.35,86566.0,2012
Carlton Gardner,Porter,34461.29,6288.84,155.65,20531.92,40905.78,61437.7,2012
Terrence Gardner,Statnry Eng Water Treat Plant,28779.4,2908.35,9825.23,14351.64,41512.98,55864.62,2012
Donald Gardner,Media Production Tech,9596.79,227.79,0.0,836.29,9824.58,10660.87,2012
Marco Gardner,Recreation Leader,9198.8,0.0,357.98,850.33,9556.78,10407.11,2012
Guy Gardner,Transit Operator,0.0,0.0,9509.57,727.48,9509.57,10237.05,2012
Gardner Mein,Recreation Leader,6823.48,0.0,68.11,569.04,6891.59,7460.63,2012
Sherelle Gardner,Public Svc Aide-Public Works,1659.85,0.0,0.0,155.91,1659.85,1815.76,2012
Brian A Bringardner,Attorney (Civil/Criminal),180051.01,0.0,2161.88,49258.55,182212.89,231471.44,2013
Matthew M Gardner,Police Officer 3,128556.0,24190.2,20703.03,40869.39,173449.23,214318.62,2013
Eddie K Gardner,IS Engineer-Senior,130038.0,0.0,13182.86,38936.26,143220.86,182157.12,2013
Asheley E Gardner,Public Health Nurse,98100.83,0.0,5299.51,34519.49,103400.34,137919.83,2013
Terrence  Gardner,Statnry Eng Water Treat Plant,82110.57,9508.28,14510.5,31085.45,106129.35,137214.8,2013
Carlton R Gardner,Porter,43613.34,8053.4,1621.32,23135.53,53288.06,76423.59,2013
Beverly J Gardner,Transit Operator,24898.95,426.63,529.29,12075.75,25854.87,37930.62,2013
Marco A Gardner,Recreation Leader,14501.25,0.0,602.1,151.04,15103.35,15254.39,2013
Gardner L Mein,Recreation Leader,3726.62,0.0,43.17,37.72,3769.79,3807.51,2013
Darius T Gardner,Environmental Service Worker,,0.0,9.98,1.35,9.98,11.33,2013
Brian A Bringardner,Attorney (Civil/Criminal),178296.04,0.0,4878.42,52988.53,183174.46,236162.99,2014
Eddie K Gardner,IS Engineer-Senior,128763.0,0.0,14856.72,41366.1,143619.72,184985.82,2014
Matthew M Gardner,Police Officer 3,47640.0,6319.84,85637.03,16842.45,139596.87,156439.32,2014
Terrence Gardner,Statnry Eng Water Treat Plant,85580.2,11303.94,12176.94,35045.79,109061.08,144106.87,2014
Carlton R Gardner,Porter,47458.31,2516.54,2671.2,26251.74,52646.05,78897.79,2014
Asheley E Gardner,Public Health Nurse,51816.35,0.0,3715.06,19469.97,55531.41,75001.38,2014
Cecilia E Roman Gardner,Protective Services Worker,33170.5,0.0,480.0,14016.18,33650.5,47666.68,2014
Beverly J Gardner,Senior Clerk,13550.08,80.44,12.69,6527.35,13643.21,20170.56,2014
Marco A Gardner,Recreation Leader,14393.69,0.0,464.7,148.58,14858.39,15006.97,2014
Gardner L Mein,Recreation Leader,2348.86,0.0,53.49,24.03,2402.35,2426.38,2014
Erik J Gardner,Public Service Trainee,982.71,0.0,0.0,9.82,982.71,992.53,2014
Thomas M Gardner,Junior Clerk,528.19,352.13,0.0,8.8,880.32,889.12,2014
Brian A Bringardner,Attorney (Civil/Criminal),185789.0,0.0,3685.78,52086.47,189474.78,241561.25,2015
Eddie K Gardner,IS Engineer-Senior,133087.0,0.0,7112.7,39684.59,140199.7,179884.29,2015
Terrence Gardner,Statnry Eng Water Treat Plant,92478.22,17595.77,7663.25,34222.08,117737.24,151959.32,2015
Beverly J Gardner,Senior Clerk,45045.0,1005.47,10098.66,20184.08,56149.13,76333.21,2015
Carlton R Gardner,Porter,39042.65,2317.83,2176.36,19963.02,43536.84,63499.86,2015
Cecilia E Roman Gardner,Protective Services Worker,35159.35,384.96,2277.31,14429.48,37821.62,52251.1,2015
Mecale L Gardner,Transit Operator,20825.59,2601.25,398.9,11995.42,23825.74,35821.16,2015
Marco A Gardner,Recreation Leader,15157.37,0.0,510.67,156.68,15668.04,15824.72,2015
Brian A Bringardner,Attorney (Civil/Criminal),193453.62,0.0,3839.07,50420.01,197292.69,247712.7,2016
Eddie K Gardner,IS Engineer-Senior,138621.1,0.0,14287.92,38254.9,152909.02,191163.92,2016
Terrence Gardner,Statnry Eng Water Treat Plant,96997.22,17925.55,7654.23,33575.98,122577.0,156152.98,2016
Mecale L Gardner,Transit Operator,47153.3,3254.01,2143.79,25519.5,52551.1,78070.6,2016
John M Gardner,Police Officer,41452.3,0.0,0.0,14746.02,41452.3,56198.32,2016
Carlton R Gardner,Porter,28977.58,2892.49,1618.31,18044.94,33488.38,51533.32,2016
Marcel Shepard-Gardner,PS Aide to Prof,29773.67,0.0,0.0,10546.81,29773.67,40320.48,2016
Marco A Gardner,Recreation Leader,12908.83,0.0,361.41,3262.98,13270.24,16533.22,2016
Justin G Gardner,Public Service Trainee,1799.22,0.0,0.0,769.32,1799.22,2568.54,2016
Brian A Bringardner,Attorney (Civil/Criminal),199434.02,0.0,3958.68,53905.55,203392.7,257298.25,2017
Eddie K Gardner,IS Engineer-Principal,145074.0,0.0,17651.52,41583.21,162725.52,204308.73,2017
John M Gardner,Police Officer,83786.08,6415.38,1820.17,31360.19,92021.63,123381.82,2017
Terrence Gardner,Statnry Eng Water Treat Plant,78267.96,7170.87,3755.62,28230.36,89194.45,117424.81,2017
Mecale L Gardner,Transit Operator,57327.85,4871.91,2031.16,27279.21,64230.92,91510.13,2017
Carlton R Gardner,Porter,38181.11,2641.65,2139.58,20451.37,42962.34,63413.71,2017
Justin G Gardner,Public Service Trainee,22793.66,0.0,0.0,12795.99,22793.66,35589.65,2017
Marco A Gardner,Recreation Leader,2868.2,0.0,22.4,28.91,2890.6,2919.51,2017
Marcel Shepard-Gardner,PS Aide to Prof,1675.58,0.0,0.0,375.86,1675.58,2051.44,2017
Brian A Bringardner,Attorney (Civil/Criminal),205368.06,0.0,4077.36,56720.97,209445.42,266166.39,2018
Eddie K Gardner,IS Engineer-Principal,165613.9,0.0,2771.36,47021.63,168385.26,215406.89,2018
Terrence Gardner,Statnry Eng Water Treat Plant,102496.44,22012.56,8365.76,37762.78,132874.76,170637.54,2018
John M Gardner,Police Officer,87983.54,11186.9,3283.89,33133.21,102454.33,135587.54,2018
Mecale L Gardner,Transit Operator,66296.52,7402.62,2374.62,29482.29,76073.76,105556.05,2018
Carlton R Gardner,Porter,50191.88,3533.78,2761.66,24520.29,56487.32,81007.61,2018
Mary Jane C Gardner,Patient Care Assistant,42362.34,7275.56,755.17,23344.71,50393.07,73737.78,2018
Nicole G. Gardner,Public Service Trainee,17105.86,0.0,0.0,7924.86,17105.86,25030.72,2018
Justin G Gardner,Public Service Trainee,0.0,0.0,962.1,0.0,962.1,962.1,2018
Marco A Gardner,Recreation Leader,891.23,0.0,0.0,8.92,891.23,900.15,2018
