[
    {
        "EmployeeName": "PATRICK GARDNER",
        "JobTitle": "DEPUTY CHIEF OF DEPARTMENT,(FIRE DEPARTMENT)",
        "BasePay": 134401.6,
        "OvertimePay": 9737.0,
        "OtherPay": 182234.59,
        "Benefits": null,
        "TotalPay": 326373.19,
        "TotalPayBenefits": 326373.19,
        "Year": 2011
    },
    {
        "EmployeeName": "BRIAN BRINGARDNER",
        "JobTitle": "ATTORNEY (CIVIL/CRIMINAL)",
        "BasePay": 164352.64,
        "OvertimePay": 0.0,
        "OtherPay": 0.0,
        "Benefits": null,
        "TotalPay": 164352.64,
        "TotalPayBenefits": 164352.64,
        "Year": 2011
    },
    {
        "EmployeeName": "MATTHEW GARDNER",
        "JobTitle": "POLICE OFFICER III",
        "BasePay": 117303.67,
        "OvertimePay": 3466.23,
        "OtherPay": 30338.57,
        "Benefits": null,
        "TotalPay": 151108.47,
        "TotalPayBenefits": 151108.47,
        "Year": 2011
    },
    {
        "EmployeeName": "EDDIE GARDNER",
        "JobTitle": "IS ENGINEER - SENIOR",
        "BasePay": 114575.81,
        "OvertimePay": 0.0,
        "OtherPay": 1754.13,
        "Benefits": null,
        "TotalPay": 116329.94,
        "TotalPayBenefits": 116329.94,
        "Year": 2011
    },
    {
        "EmployeeName": "TERRENCE GARDNER",
        "JobTitle": "STATIONARY ENGINEER, WATER TREATMENT PLANT",
        "BasePay": 74140.63,
        "OvertimePay": 2722.71,
        "OtherPay": 12010.73,
        "Benefits": null,
        "TotalPay": 88874.07,
        "TotalPayBenefits": 88874.07,
        "Year": 2011
    },
    {
        "EmployeeName": "BEVERLY GARDNER",
        "JobTitle": "TRANSIT OPERATOR",
        "BasePay": 65609.37,
        "OvertimePay": 21879.97,
        "OtherPay": 97.4,
        "Benefits": null,
        "TotalPay": 87586.74,
        "TotalPayBenefits": 87586.74,
        "Year": 2011
    },
    {
        "EmployeeName": "DARIUS GARDNER",
        "JobTitle": "ENVIRONMENTAL SERVICE WORKER",
        "BasePay": 32486.85,
        "OvertimePay": 323.83,
        "OtherPay": 4032.69,
        "Benefits": null,
        "TotalPay": 36843.37,
        "TotalPayBenefits": 36843.37,
        "Year": 2011
    },
    {
        "EmployeeName": "DONALD GARDNER",
        "JobTitle": "MEDIA PRODUCTION TECHNICIAN",
        "BasePay": 13255.01,
        "OvertimePay": 173.55,
        "OtherPay": 0.0,
        "Benefits": null,
        "TotalPay": 13428.56,
        "TotalPayBenefits": 13428.56,
        "Year": 2011
    },
    {
        "EmployeeName": "SHANTEL GARDNER",
        "JobTitle": "PUBLIC SERVICE AIDE-SPECIAL PROGRAMS",
        "BasePay": 9285.83,
        "OvertimePay": 0.0,
        "OtherPay": 0.0,
        "Benefits": null,
        "TotalPay": 9285.83,
        "TotalPayBenefits": 9285.83,
        "Year": 2011
    },
    {
        "EmployeeName": "GARDNER MEIN",
        "JobTitle": "RECREATION LEADER",
        "BasePay": 6355.57,
        "OvertimePay": 0.0,
        "OtherPay": 69.09,
        "Benefits": null,
        "TotalPay": 6424.66,
        "TotalPayBenefits": 6424.66,
        "Year": 2011
    },
    {
        "EmployeeName": "SHERELLE GARDNER",
        "JobTitle": "PUBLIC SERVICE AIDE-SPECIAL PROGRAMS",
        "BasePay": 4273.51,
        "OvertimePay": 0.0,
        "OtherPay": 0.0,
        "Benefits": null,
        "TotalPay": 4273.51,
        "TotalPayBenefits": 4273.51,
        "Year": 2011
    },
    {
        "EmployeeName": "MARCO GARDNER",
        "JobTitle": "RECREATION LEADER",
        "BasePay": 4008.93,
        "OvertimePay": 0.0,
        "OtherPay": 105.24,
        "Benefits": null,
        "TotalPay": 4114.17,
        "TotalPayBenefits": 4114.17,
        "Year": 2011
    },
    {
        "EmployeeName": "Brian Bringardner",
        "JobTitle": "Attorney (Civil/Criminal)",
        "BasePay": 168107.33,
        "OvertimePay": 0.0,
        "OtherPay": 312.5,
        "Benefits": 53854.62,
        "TotalPay": 168419.83,
        "TotalPayBenefits": 222274.45,
        "Year": 2012
    },
    {
        "EmployeeName": "Matthew Gardner",
        "JobTitle": "Police Officer 3",
        "BasePay": 122033.33,
        "OvertimePay": 38249.42,
        "OtherPay": 9848.04,
        "Benefits": 34404.86,
        "TotalPay": 170130.79,
        "TotalPayBenefits": 204535.65,
        "Year": 2012
    },
    {
        "EmployeeName": "Eddie Gardner",
        "JobTitle": "IS Engineer-Senior",
        "BasePay": 121524.0,
        "OvertimePay": 0.0,
        "OtherPay": 6081.48,
        "Benefits": 44549.26,
        "TotalPay": 127605.48,
        "TotalPayBenefits": 172154.74,
        "Year": 2012
    },
    {
        "EmployeeName": "Beverly Gardner",
        "JobTitle": "Transit Operator",
        "BasePay": 45172.09,
        "OvertimePay": 14217.74,
        "OtherPay": 857.52,
        "Benefits": 26318.65,
        "TotalPay": 60247.35,
        "TotalPayBenefits": 86566.0,
        "Year": 2012
    },
    {
        "EmployeeName": "Carlton Gardner",
        "JobTitle": "Porter",
        "BasePay": 34461.29,
        "OvertimePay": 6288.84,
        "OtherPay": 155.65,
        "Benefits": 20531.92,
        "TotalPay": 40905.78,
        "TotalPayBenefits": 61437.7,
        "Year": 2012
    },
    {
        "EmployeeName": "Terrence Gardner",
        "JobTitle": "Statnry Eng Water Treat Plant",
        "BasePay": 28779.4,
        "OvertimePay": 2908.35,
        "OtherPay": 9825.23,
        "Benefits": 14351.64,
        "TotalPay": 41512.98,
        "TotalPayBenefits": 55864.62,
        "Year": 2012
    },
    {
        "EmployeeName": "Donald Gardner",
        "JobTitle": "Media Production Tech",
        "BasePay": 9596.79,
        "OvertimePay": 227.79,
        "OtherPay": 0.0,
        "Benefits": 836.29,
        "TotalPay": 9824.58,
        "TotalPayBenefits": 10660.87,
        "Year": 2012
    },
    {
        "EmployeeName": "Marco Gardner",
        "JobTitle": "Recreation Leader",
        "BasePay": 9198.8,
        "OvertimePay": 0.0,
        "OtherPay": 357.98,
        "Benefits": 850.33,
        "TotalPay": 9556.78,
        "TotalPayBenefits": 10407.11,
        "Year": 2012
    },
    {
        "EmployeeName": "Guy Gardner",
        "JobTitle": "Transit Operator",
        "BasePay": 0.0,
        "OvertimePay": 0.0,
        "OtherPay": 9509.57,
        "Benefits": 727.48,
        "TotalPay": 9509.57,
        "TotalPayBenefits": 10237.05,
        "Year": 2012
    },
    {
        "EmployeeName": "Gardner Mein",
        "JobTitle": "Recreation Leader",
        "BasePay": 6823.48,
        "OvertimePay": 0.0,
        "OtherPay": 68.11,
        "Benefits": 569.04,
        "TotalPay": 6891.59,
        "TotalPayBenefits": 7460.63,
        "Year": 2012
    },
    {
        "EmployeeName": "Sherelle Gardner",
        "JobTitle": "Public Svc Aide-Public Works",
        "BasePay": 1659.85,
        "OvertimePay": 0.0,
        "OtherPay": 0.0,
        "Benefits": 155.91,
        "TotalPay": 1659.85,
        "TotalPayBenefits": 1815.76,
        "Year": 2012
    },
    {
        "EmployeeName": "Brian A Bringardner",
        "JobTitle": "Attorney (Civil/Criminal)",
        "BasePay": 180051.01,
        "OvertimePay": 0.0,
        "OtherPay": 2161.88,
        "Benefits": 49258.55,
        "TotalPay": 182212.89,
        "TotalPayBenefits": 231471.44,
        "Year": 2013
    },
    {
        "EmployeeName": "Matthew M Gardner",
        "JobTitle": "Police Officer 3",
        "BasePay": 128556.0,
        "OvertimePay": 24190.2,
        "OtherPay": 20703.03,
        "Benefits": 40869.39,
        "TotalPay": 173449.23,
        "TotalPayBenefits": 214318.62,
        "Year": 2013
    },
    {
        "EmployeeName": "Eddie K Gardner",
        "JobTitle": "IS Engineer-Senior",
        "BasePay": 130038.0,
        "OvertimePay": 0.0,
        "OtherPay": 13182.86,
        "Benefits": 38936.26,
        "TotalPay": 143220.86,
        "TotalPayBenefits": 182157.12,
        "Year": 2013
    },
    {
        "EmployeeName": "Asheley E Gardner",
        "JobTitle": "Public Health Nurse",
        "BasePay": 98100.83,
        "OvertimePay": 0.0,
        "OtherPay": 5299.51,
        "Benefits": 34519.49,
        "TotalPay": 103400.34,
        "TotalPayBenefits": 137919.83,
        "Year": 2013
    },
    {
        "EmployeeName": "Terrence  Gardner",
        "JobTitle": "Statnry Eng Water Treat Plant",
        "BasePay": 82110.57,
        "OvertimePay": 9508.28,
        "OtherPay": 14510.5,
        "Benefits": 31085.45,
        "TotalPay": 106129.35,
        "TotalPayBenefits": 137214.8,
        "Year": 2013
    },
    {
        "EmployeeName": "Carlton R Gardner",
        "JobTitle": "Porter",
        "BasePay": 43613.34,
        "OvertimePay": 8053.4,
        "OtherPay": 1621.32,
        "Benefits": 23135.53,
        "TotalPay": 53288.06,
        "TotalPayBenefits": 76423.59,
        "Year": 2013
    },
    {
        "EmployeeName": "Beverly J Gardner",
        "JobTitle": "Transit Operator",
        "BasePay": 24898.95,
        "OvertimePay": 426.63,
        "OtherPay": 529.29,
        "Benefits": 12075.75,
        "TotalPay": 25854.87,
        "TotalPayBenefits": 37930.62,
        "Year": 2013
    },
    {
        "EmployeeName": "Marco A Gardner",
        "JobTitle": "Recreation Leader",
        "BasePay": 14501.25,
        "OvertimePay": 0.0,
        "OtherPay": 602.1,
        "Benefits": 151.04,
        "TotalPay": 15103.35,
        "TotalPayBenefits": 15254.39,
        "Year": 2013
    },
    {
        "EmployeeName": "Gardner L Mein",
        "JobTitle": "Recreation Leader",
        "BasePay": 3726.62,
        "OvertimePay": 0.0,
        "OtherPay": 43.17,
        "Benefits": 37.72,
        "TotalPay": 3769.79,
        "TotalPayBenefits": 3807.51,
        "Year": 2013
    },
    {
        "EmployeeName": "Darius T Gardner",
        "JobTitle": "Environmental Service Worker",
        "BasePay": null,
        "OvertimePay": 0.0,
        "OtherPay": 9.98,
        "Benefits": 1.35,
        "TotalPay": 9.98,
        "TotalPayBenefits": 11.33,
        "Year": 2013
    },
    {
        "EmployeeName": "Brian A Bringardner",
        "JobTitle": "Attorney (Civil/Criminal)",
        "BasePay": 178296.04,
        "OvertimePay": 0.0,
        "OtherPay": 4878.42,
        "Benefits": 52988.53,
        "TotalPay": 183174.46,
        "TotalPayBenefits": 236162.99,
        "Year": 2014
    },
    {
        "EmployeeName": "Eddie K Gardner",
        "JobTitle": "IS Engineer-Senior",
        "BasePay": 128763.0,
        "OvertimePay": 0.0,
        "OtherPay": 14856.72,
        "Benefits": 41366.1,
        "TotalPay": 143619.72,
        "TotalPayBenefits": 184985.82,
        "Year": 2014
    },
    {
        "EmployeeName": "Matthew M Gardner",
        "JobTitle": "Police Officer 3",
        "BasePay": 47640.0,
        "OvertimePay": 6319.84,
        "OtherPay": 85637.03,
        "Benefits": 16842.45,
        "TotalPay": 139596.87,
        "TotalPayBenefits": 156439.32,
        "Year": 2014
    },
    {
        "EmployeeName": "Terrence Gardner",
        "JobTitle": "Statnry Eng Water Treat Plant",
        "BasePay": 85580.2,
        "OvertimePay": 11303.94,
        "OtherPay": 12176.94,
        "Benefits": 35045.79,
        "TotalPay": 109061.08,
        "TotalPayBenefits": 144106.87,
        "Year": 2014
    },
    {
        "EmployeeName": "Carlton R Gardner",
        "JobTitle": "Porter",
        "BasePay": 47458.31,
        "OvertimePay": 2516.54,
        "OtherPay": 2671.2,
        "Benefits": 26251.74,
        "TotalPay": 52646.05,
        "TotalPayBenefits": 78897.79,
        "Year": 2014
    },
    {
        "EmployeeName": "Asheley E Gardner",
        "JobTitle": "Public Health Nurse",
        "BasePay": 51816.35,
        "OvertimePay": 0.0,
        "OtherPay": 3715.06,
        "Benefits": 19469.97,
        "TotalPay": 55531.41,
        "TotalPayBenefits": 75001.38,
        "Year": 2014
    },
    {
        "EmployeeName": "Cecilia E Roman Gardner",
        "JobTitle": "Protective Services Worker",
        "BasePay": 33170.5,
        "OvertimePay": 0.0,
        "OtherPay": 480.0,
        "Benefits": 14016.18,
        "TotalPay": 33650.5,
        "TotalPayBenefits": 47666.68,
        "Year": 2014
    },
    {
        "EmployeeName": "Beverly J Gardner",
        "JobTitle": "Senior Clerk",
        "BasePay": 13550.08,
        "OvertimePay": 80.44,
        "OtherPay": 12.69,
        "Benefits": 6527.35,
        "TotalPay": 13643.21,
        "TotalPayBenefits": 20170.56,
        "Year": 2014
    },
    {
        "EmployeeName": "Marco A Gardner",
        "JobTitle": "Recreation Leader",
        "BasePay": 14393.69,
        "OvertimePay": 0.0,
        "OtherPay": 464.7,
        "Benefits": 148.58,
        "TotalPay": 14858.39,
        "TotalPayBenefits": 15006.97,
        "Year": 2014
    },
    {
        "EmployeeName": "Gardner L Mein",
        "JobTitle": "Recreation Leader",
        "BasePay": 2348.86,
        "OvertimePay": 0.0,
        "OtherPay": 53.49,
        "Benefits": 24.03,
        "TotalPay": 2402.35,
        "TotalPayBenefits": 2426.38,
        "Year": 2014
    },
    {
        "EmployeeName": "Erik J Gardner",
        "JobTitle": "Public Service Trainee",
        "BasePay": 982.71,
        "OvertimePay": 0.0,
        "OtherPay": 0.0,
        "Benefits": 9.82,
        "TotalPay": 982.71,
        "TotalPayBenefits": 992.53,
        "Year": 2014
    },
    {
        "EmployeeName": "Thomas M Gardner",
        "JobTitle": "Junior Clerk",
        "BasePay": 528.19,
        "OvertimePay": 352.13,
        "OtherPay": 0.0,
        "Benefits": 8.8,
        "TotalPay": 880.32,
        "TotalPayBenefits": 889.12,
        "Year": 2014
    },
    {
        "EmployeeName": "Brian A Bringardner",
        "JobTitle": "Attorney (Civil/Criminal)",
        "BasePay": 185789.0,
        "OvertimePay": 0.0,
        "OtherPay": 3685.78,
        "Benefits": 52086.47,
        "TotalPay": 189474.78,
        "TotalPayBenefits": 241561.25,
        "Year": 2015
    },
    {
        "EmployeeName": "Eddie K Gardner",
        "JobTitle": "IS Engineer-Senior",
        "BasePay": 133087.0,
        "OvertimePay": 0.0,
        "OtherPay": 7112.7,
        "Benefits": 39684.59,
        "TotalPay": 140199.7,
        "TotalPayBenefits": 179884.29,
        "Year": 2015
    },
    {
        "EmployeeName": "Terrence Gardner",
        "JobTitle": "Statnry Eng Water Treat Plant",
        "BasePay": 92478.22,
        "OvertimePay": 17595.77,
        "OtherPay": 7663.25,
        "Benefits": 34222.08,
        "TotalPay": 117737.24,
        "TotalPayBenefits": 151959.32,
        "Year": 2015
    },
    {
        "EmployeeName": "Beverly J Gardner",
        "JobTitle": "Senior Clerk",
        "BasePay": 45045.0,
        "OvertimePay": 1005.47,
        "OtherPay": 10098.66,
        "Benefits": 20184.08,
        "TotalPay": 56149.13,
        "TotalPayBenefits": 76333.21,
        "Year": 2015
    },
    {
        "EmployeeName": "Carlton R Gardner",
        "JobTitle": "Porter",
        "BasePay": 39042.65,
        "OvertimePay": 2317.83,
        "OtherPay": 2176.36,
        "Benefits": 19963.02,
        "TotalPay": 43536.84,
        "TotalPayBenefits": 63499.86,
        "Year": 2015
    },
    {
        "EmployeeName": "Cecilia E Roman Gardner",
        "JobTitle": "Protective Services Worker",
        "BasePay": 35159.35,
        "OvertimePay": 384.96,
        "OtherPay": 2277.31,
        "Benefits": 14429.48,
        "TotalPay": 37821.62,
        "TotalPayBenefits": 52251.1,
        "Year": 2015
    },
    {
        "EmployeeName": "Mecale L Gardner",
        "JobTitle": "Transit Operator",
        "BasePay": 20825.59,
        "OvertimePay": 2601.25,
        "OtherPay": 398.9,
        "Benefits": 11995.42,
        "TotalPay": 23825.74,
        "TotalPayBenefits": 35821.16,
        "Year": 2015
    },
    {
        "EmployeeName": "Marco A Gardner",
        "JobTitle": "Recreation Leader",
        "BasePay": 15157.37,
        "OvertimePay": 0.0,
        "OtherPay": 510.67,
        "Benefits": 156.68,
        "TotalPay": 15668.04,
        "TotalPayBenefits": 15824.72,
        "Year": 2015
    },
    {
        "EmployeeName": "Brian A Bringardner",
        "JobTitle": "Attorney (Civil/Criminal)",
        "BasePay": 193453.62,
        "OvertimePay": 0.0,
        "OtherPay": 3839.07,
        "Benefits": 50420.01,
        "TotalPay": 197292.69,
        "TotalPayBenefits": 247712.7,
        "Year": 2016
    },
    {
        "EmployeeName": "Eddie K Gardner",
        "JobTitle": "IS Engineer-Senior",
        "BasePay": 138621.1,
        "OvertimePay": 0.0,
        "OtherPay": 14287.92,
        "Benefits": 38254.9,
        "TotalPay": 152909.02,
        "TotalPayBenefits": 191163.92,
        "Year": 2016
    },
    {
        "EmployeeName": "Terrence Gardner",
        "JobTitle": "Statnry Eng Water Treat Plant",
        "BasePay": 96997.22,
        "OvertimePay": 17925.55,
        "OtherPay": 7654.23,
        "Benefits": 33575.98,
        "TotalPay": 122577.0,
        "TotalPayBenefits": 156152.98,
        "Year": 2016
    },
    {
        "EmployeeName": "Mecale L Gardner",
        "JobTitle": "Transit Operator",
        "BasePay": 47153.3,
        "OvertimePay": 3254.01,
        "OtherPay": 2143.79,
        "Benefits": 25519.5,
        "TotalPay": 52551.1,
        "TotalPayBenefits": 78070.6,
        "Year": 2016
    },
    {
        "EmployeeName": "John M Gardner",
        "JobTitle": "Police Officer",
        "BasePay": 41452.3,
        "OvertimePay": 0.0,
        "OtherPay": 0.0,
        "Benefits": 14746.02,
        "TotalPay": 41452.3,
        "TotalPayBenefits": 56198.32,
        "Year": 2016
    },
    {
        "EmployeeName": "Carlton R Gardner",
        "JobTitle": "Porter",
        "BasePay": 28977.58,
        "OvertimePay": 2892.49,
        "OtherPay": 1618.31,
        "Benefits": 18044.94,
        "TotalPay": 33488.38,
        "TotalPayBenefits": 51533.32,
        "Year": 2016
    },
    {
        "EmployeeName": "Marcel Shepard-Gardner",
        "JobTitle": "PS Aide to Prof",
        "BasePay": 29773.67,
        "OvertimePay": 0.0,
        "OtherPay": 0.0,
        "Benefits": 10546.81,
        "TotalPay": 29773.67,
        "TotalPayBenefits": 40320.48,
        "Year": 2016
    },
    {
        "EmployeeName": "Marco A Gardner",
        "JobTitle": "Recreation Leader",
        "BasePay": 12908.83,
        "OvertimePay": 0.0,
        "OtherPay": 361.41,
        "Benefits": 3262.98,
        "TotalPay": 13270.24,
        "TotalPayBenefits": 16533.22,
        "Year": 2016
    },
    {
        "EmployeeName": "Justin G Gardner",
        "JobTitle": "Public Service Trainee",
        "BasePay": 1799.22,
        "OvertimePay": 0.0,
        "OtherPay": 0.0,
        "Benefits": 769.32,
        "TotalPay": 1799.22,
        "TotalPayBenefits": 2568.54,
        "Year": 2016
    },
    {
        "EmployeeName": "Brian A Bringardner",
        "JobTitle": "Attorney (Civil/Criminal)",
        "BasePay": 199434.02,
        "OvertimePay": 0.0,
        "OtherPay": 3958.68,
        "Benefits": 53905.55,
        "TotalPay": 203392.7,
        "TotalPayBenefits": 257298.25,
        "Year": 2017
    },
    {
        "EmployeeName": "Eddie K Gardner",
        "JobTitle": "IS Engineer-Principal",
        "BasePay": 145074.0,
        "OvertimePay": 0.0,
        "OtherPay": 17651.52,
        "Benefits": 41583.21,
        "TotalPay": 162725.52,
        "TotalPayBenefits": 204308.73,
        "Year": 2017
    },
    {
        "EmployeeName": "John M Gardner",
        "JobTitle": "Police Officer",
        "BasePay": 83786.08,
        "OvertimePay": 6415.38,
        "OtherPay": 1820.17,
        "Benefits": 31360.19,
        "TotalPay": 92021.63,
        "TotalPayBenefits": 123381.82,
        "Year": 2017
    },
    {
        "EmployeeName": "Terrence Gardner",
        "JobTitle": "Statnry Eng Water Treat Plant",
        "BasePay": 78267.96,
        "OvertimePay": 7170.87,
        "OtherPay": 3755.62,
        "Benefits": 28230.36,
        "TotalPay": 89194.45,
        "TotalPayBenefits": 117424.81,
        "Year": 2017
    },
    {
        "EmployeeName": "Mecale L Gardner",
        "JobTitle": "Transit Operator",
        "BasePay": 57327.85,
        "OvertimePay": 4871.91,
        "OtherPay": 2031.16,
        "Benefits": 27279.21,
        "TotalPay": 64230.92,
        "TotalPayBenefits": 91510.13,
        "Year": 2017
    },
    {
        "EmployeeName": "Carlton R Gardner",
        "JobTitle": "Porter",
        "BasePay": 38181.11,
        "OvertimePay": 2641.65,
        "OtherPay": 2139.58,
        "Benefits": 20451.37,
        "TotalPay": 42962.34,
        "TotalPayBenefits": 63413.71,
        "Year": 2017
    },
    {
        "EmployeeName": "Justin G Gardner",
        "JobTitle": "Public Service Trainee",
        "BasePay": 22793.66,
        "OvertimePay": 0.0,
        "OtherPay": 0.0,
        "Benefits": 12795.99,
        "TotalPay": 22793.66,
        "TotalPayBenefits": 35589.65,
        "Year": 2017
    },
    {
        "EmployeeName": "Marco A Gardner",
        "JobTitle": "Recreation Leader",
        "BasePay": 2868.2,
        "OvertimePay": 0.0,
        "OtherPay": 22.4,
        "Benefits": 28.91,
        "TotalPay": 2890.6,
        "TotalPayBenefits": 2919.51,
        "Year": 2017
    },
    {
        "EmployeeName": "Marcel Shepard-Gardner",
        "JobTitle": "PS Aide to Prof",
        "BasePay": 1675.58,
        "OvertimePay": 0.0,
        "OtherPay": 0.0,
        "Benefits": 375.86,
        "TotalPay": 1675.58,
        "TotalPayBenefits": 2051.44,
        "Year": 2017
    },
    {
        "EmployeeName": "Brian A Bringardner",
        "JobTitle": "Attorney (Civil/Criminal)",
        "BasePay": 205368.06,
        "OvertimePay": 0.0,
        "OtherPay": 4077.36,
        "Benefits": 56720.97,
        "TotalPay": 209445.42,
        "TotalPayBenefits": 266166.39,
        "Year": 2018
    },
    {
        "EmployeeName": "Eddie K Gardner",
        "JobTitle": "IS Engineer-Principal",
        "BasePay": 165613.9,
        "OvertimePay": 0.0,
        "OtherPay": 2771.36,
        "Benefits": 47021.63,
        "TotalPay": 168385.26,
        "TotalPayBenefits": 215406.89,
        "Year": 2018
    },
    {
        "EmployeeName": "Terrence Gardner",
        "JobTitle": "Statnry Eng Water Treat Plant",
        "BasePay": 102496.44,
        "OvertimePay": 22012.56,
        "OtherPay": 8365.76,
        "Benefits": 37762.78,
        "TotalPay": 132874.76,
        "TotalPayBenefits": 170637.54,
        "Year": 2018
    },
    {
        "EmployeeName": "John M Gardner",
        "JobTitle": "Police Officer",
        "BasePay": 87983.54,
        "OvertimePay": 11186.9,
        "OtherPay": 3283.89,
        "Benefits": 33133.21,
        "TotalPay": 102454.33,
        "TotalPayBenefits": 135587.54,
        "Year": 2018
    },
    {
        "EmployeeName": "Mecale L Gardner",
        "JobTitle": "Transit Operator",
        "BasePay": 66296.52,
        "OvertimePay": 7402.62,
        "OtherPay": 2374.62,
        "Benefits": 29482.29,
        "TotalPay": 76073.76,
        "TotalPayBenefits": 105556.05,
        "Year": 2018
    },
    {
        "EmployeeName": "Carlton R Gardner",
        "JobTitle": "Porter",
        "BasePay": 50191.88,
        "OvertimePay": 3533.78,
        "OtherPay": 2761.66,
        "Benefits": 24520.29,
        "TotalPay": 56487.32,
        "TotalPayBenefits": 81007.61,
        "Year": 2018
    },
    {
        "EmployeeName": "Mary Jane C Gardner",
        "JobTitle": "Patient Care Assistant",
        "BasePay": 42362.34,
        "OvertimePay": 7275.56,
        "OtherPay": 755.17,
        "Benefits": 23344.71,
        "TotalPay": 50393.07,
        "TotalPayBenefits": 73737.78,
        "Year": 2018
    },
    {
        "EmployeeName": "Nicole G. Gardner",
        "JobTitle": "Public Service Trainee",
        "BasePay": 17105.86,
        "OvertimePay": 0.0,
        "OtherPay": 0.0,
        "Benefits": 7924.86,
        "TotalPay": 17105.86,
        "TotalPayBenefits": 25030.72,
        "Year": 2018
    },
    {
        "EmployeeName": "Justin G Gardner",
        "JobTitle": "Public Service Trainee",
        "BasePay": 0.0,
        "OvertimePay": 0.0,
        "OtherPay": 962.1,
        "Benefits": 0.0,
        "TotalPay": 962.1,
        "TotalPayBenefits": 962.1,
        "Year": 2018
    },
    {
        "EmployeeName": "Marco A Gardner",
        "JobTitle": "Recreation Leader",
        "BasePay": 891.23,
        "OvertimePay": 0.0,
        "OtherPay": 0.0,
        "Benefits": 8.92,
        "TotalPay": 891.23,
        "TotalPayBenefits": 900.15,
        "Year": 2018
    }
]