EmployeeName,JobTitle,BasePay,OvertimePay,OtherPay,Benefits,TotalPay,TotalPayBenefits,Year
GARY JIMENEZ,CAPTAIN III (POLICE DEPARTMENT),155966.02,245131.88,137811.38,,538909.28,538909.28,2011
GARY AMELIO,DEPARTMENT HEAD V,248895.7,0.0,10789.18,,259684.88,259684.88,2011
GARY CONSTANTINE,POLICE OFFICER III,112441.83,14869.56,65955.32,,193266.71,193266.71,2011
GARY FRANZELLA,MANAGER VI,168593.93,0.0,0.0,,168593.93,168593.93,2011
KERSTIN MAGARY,MANAGER VIII - MUNICIPAL TRANSPORTATION AGENCY,164071.52,0.0,0.0,,164071.52,164071.52,2011
GARY MORIYAMA,POLICE OFFICER III,111317.94,12252.3,21006.4,,144576.64,144576.64,2011
GARY CASTEL,POLICE OFFICER III,117303.67,11019.7,12457.26,,140780.63,140780.63,2011
GARY FLEMING,SENIOR ENGINEER,140003.04,0.0,67.46,,140070.5,140070.5,2011
GARY DELAGNES,"INSPECTOR III, (POLICE DEPARTMENT)",130476.4,0.0,8647.24,,139123.64,139123.64,2011
GARY FREED,ELECTRICAL TRANSIT SYSTEM MECHANIC,77580.4,57293.49,3916.95,,138790.84,138790.84,2011
GARY FAGUNDES,POLICE OFFICER III,96945.01,5763.58,34343.96,,137052.55,137052.55,2011
GARY ALTENBERG,FIREFIGHTER,123028.0,5065.76,7691.2,,135784.96,135784.96,2011
GARY PEACHEY,POLICE OFFICER III,112401.08,17455.97,5624.76,,135481.81,135481.81,2011
GARY WILLIAMS,SUPERINTENDENT OF WATER TREATMENT FACILITIES,120763.3,0.0,12759.43,,133522.73,133522.73,2011
GARY HO,STRUCTURAL ENGINEER,133332.0,0.0,0.0,,133332.0,133332.0,2011
KENDALL GARY,MANAGER IV,132242.5,0.0,0.0,,132242.5,132242.5,2011
GARY DIQUISTO,POLICE OFFICER III,112421.44,9133.65,10475.24,,132030.33,132030.33,2011
GARY NODA,SHERIFF'S SERGEANT,105697.96,18013.55,7901.6,,131613.11,131613.11,2011
GARY LYNCH,PLUMBER SUPERVISOR I,101641.82,18297.39,10164.18,,130103.39,130103.39,2011
GARY MAR,ELECTRICAL TRANSIT SYSTEM MECHANIC,77580.4,50231.51,1667.95,,129479.86,129479.86,2011
GARY BUCKNER JR,POLICE OFFICER II,107799.07,6638.82,13302.11,,127740.0,127740.0,2011
GARY MENDRIBIL,POLICE OFFICER III,112401.09,4871.38,9515.78,,126788.25,126788.25,2011
GARY MCMURTRY,TRANSIT POWER LINE WORKER,92875.2,17772.05,9191.31,,119838.56,119838.56,2011
GARY YEE,IS ENGINEER - SENIOR,118692.02,0.0,0.0,,118692.02,118692.02,2011
GARY DITO,FIREFIGHTER,105934.69,1701.79,9350.52,,116987.0,116987.0,2011
GARY OTO,UTILITY SPECIALIST,113214.24,0.0,2453.89,,115668.13,115668.13,2011
GARY CHENG,POLICE OFFICER II,95342.55,3318.51,14218.68,,112879.74,112879.74,2011
GARY CHANG,ENGINEER,106946.08,0.0,5413.98,,112360.06,112360.06,2011
GARY MERRITT,TRANSIT OPERATOR,67890.38,38418.5,1207.88,,107516.76,107516.76,2011
GARY GODFREY,PLUMBER,89735.1,15258.6,980.0,,105973.7,105973.7,2011
GARY WEIMER,SENIOR POWER GENERATION TECHNICIAN,86582.71,12725.92,4653.09,,103961.72,103961.72,2011
GARY GAZZANO,PLUMBER,90280.05,9866.3,3809.65,,103956.0,103956.0,2011
GARY YIP,PARTS STOREKEEPER,57061.4,46000.71,624.0,,103686.11,103686.11,2011
GARY KATO,ELECTRICAL INSPECTOR,101268.3,0.0,2024.44,,103292.74,103292.74,2011
GARY LOWMAN,PLUMBER,91551.6,8344.56,2100.0,,101996.16,101996.16,2011
GARY COZZI,MANAGER II,101725.0,0.0,0.0,,101725.0,101725.0,2011
GARY LEE,"STATIONARY ENGINEER, SEWAGE PLANT",80642.16,12852.22,7937.51,,101431.89,101431.89,2011
GARY BATES,SENIOR SYSTEMS ACCOUNTANT,101418.09,0.0,0.0,,101418.09,101418.09,2011
GARY OUYANG,TRANSIT OPERATOR,67552.09,26892.51,5954.9,,100399.5,100399.5,2011
GARY LEVENE,"SUPERVISING PROBATION OFFICER, JUVENILE COURT",99267.33,0.0,0.0,,99267.33,99267.33,2011
GARY MAESTAS,TRANSIT OPERATOR,66923.02,28667.72,1523.36,,97114.1,97114.1,2011
GARY ONG,ASSOCIATE ENGINEER,58003.2,0.0,38735.69,,96738.89,96738.89,2011
GARY TISELL,MAINTENANCE MACHINIST SUPERVISOR I,95133.51,655.26,660.0,,96448.77,96448.77,2011
GARY GORMAN,IS ADMINISTRATOR - SUPERVISOR,96310.86,0.0,0.0,,96310.86,96310.86,2011
GARY SILVESTRI,FUSION WELDER,88987.85,872.85,4027.32,,93888.02,93888.02,2011
GARY HALL,AUTOMOTIVE MECHANIC,73202.92,10942.08,8973.46,,93118.46,93118.46,2011
GARY GIUBBINI,COURT SUPERVISOR I,92364.44,0.0,0.0,,92364.44,92364.44,2011
GARY DONOHOE,TRUCK DRIVER,72356.32,16482.38,1433.72,,90272.42,90272.42,2011
GARY WONG,CONTRACT COMPLIANCE OFFICER I,88506.08,0.0,0.0,,88506.08,88506.08,2011
GARY TRUBIN,DEPUTY SHERIFF,76787.44,5169.3,5081.93,,87038.67,87038.67,2011
GARY SOURIFMAN,SENIOR PUBLIC DEFENDER'S INVESTIGATOR,87018.2,0.0,0.0,,87018.2,87018.2,2011
GARY DAWSON,PRINCIPAL PARTS STOREKEEPER,65092.2,21277.87,0.0,,86370.07,86370.07,2011
GARY SCHERER,"SENIOR MARRIAGE, FAMILY & CHILD COUNSELOR (MFCC)",83522.21,0.0,1199.2,,84721.41,84721.41,2011
GARY LAZAR,IS ENGINEER - JOURNEY,82137.4,0.0,0.0,,82137.4,82137.4,2011
GARY HUGHES,PILE WORKER,81511.53,31.19,490.0,,82032.72,82032.72,2011
GARY SIMPSON,DEPUTY PROBATION OFFICER,81958.1,0.0,0.0,,81958.1,81958.1,2011
GARY WILLIAMS,ORNAMENTAL IRON WORKER,74846.4,4947.54,2067.92,,81861.86,81861.86,2011
GARY WONG,IS ADMINISTRATOR II,78325.79,0.0,3505.68,,81831.47,81831.47,2011
GARY MONDFRANS,PUBLIC SAFETY COMMUNICATIONS DISPATCHER,73409.36,2434.88,5416.68,,81260.92,81260.92,2011
GARY MCARTHUR,AUTOMOTIVE MECHANIC,72344.25,8275.63,509.0,,81128.88,81128.88,2011
GARY JOHNSON,"MARRIAGE, FAMILY & CHILD COUNSELOR (MFCC)",79883.53,0.0,0.0,,79883.53,79883.53,2011
GARY ESPINA,IS ADMINISTRATOR II,78325.02,0.0,0.0,,78325.02,78325.02,2011
GARY REID,GENERAL LABORER,56568.8,6833.55,14498.54,,77900.89,77900.89,2011
YOLANDA MCGARY-BEITIA,DEPUTY COURT CLERK II,77119.0,0.0,584.4,,77703.4,77703.4,2011
GARY GEE,ASSISTANT CONSTRUCTION INSPECTOR,74275.03,700.53,0.0,,74975.56,74975.56,2011
GARY FARR,TRANSIT OPERATOR,65193.75,4074.74,1983.67,,71252.16,71252.16,2011
GARY COOTS,PSYCHIATRIC TECHNICIAN,49908.2,17874.79,3254.94,,71037.93,71037.93,2011
GARY HSIEH,JUNIOR ENGINEER,70637.04,0.0,0.0,,70637.04,70637.04,2011
GARY WONG,TRANSIT OPERATOR,36816.46,21111.47,11945.43,,69873.36,69873.36,2011
GARY CHEN,ILLUSTRATOR AND ART DESIGNER,68693.68,0.0,0.0,,68693.68,68693.68,2011
GARY FONG,AUTOMOTIVE BODY AND FENDER WORKER,64502.21,1753.8,830.0,,67086.01,67086.01,2011
GARY HARRINGTON,TRUCK DRIVER,66432.72,51.43,5.14,,66489.29,66489.29,2011
GARY HUEY,SENIOR COLLECTIONS OFFICER,65340.8,0.0,0.0,,65340.8,65340.8,2011
GARY CANTARA,PRINCIPAL CLERK,63255.9,0.0,0.0,,63255.9,63255.9,2011
GARY FELICIANO,DEPUTY COURT CLERK II,62005.42,0.0,0.0,,62005.42,62005.42,2011
GARY NAIL,GARDENER,58764.01,0.0,634.91,,59398.92,59398.92,2011
GARY YEE,INSTITUTIONAL POLICE LIEUTENANT,49215.62,2563.46,7463.51,,59242.59,59242.59,2011
GARY FITZGERALD,PARTS STOREKEEPER,57061.41,1310.63,624.0,,58996.04,58996.04,2011
GARY SAKITA,RESPIRATORY CARE PRACTITIONER,57625.96,0.0,243.68,,57869.64,57869.64,2011
GARY SICABAIG,PARKING CONTROL OFFICER,55753.87,0.0,1396.08,,57149.95,57149.95,2011
GARY LEE,WINDOW CLEANER,54968.12,0.0,981.7,,55949.82,55949.82,2011
GARY CECCARELLI,GARDENER,54132.5,0.0,443.68,,54576.18,54576.18,2011
GARY LAW,CUSTODIAN,48461.5,2537.7,624.0,,51623.2,51623.2,2011
GARY MCCLOUGH,PORTER,48472.57,665.45,2257.27,,51395.29,51395.29,2011
GARY HENDERSHOTT,GENERAL LABORER,49056.32,518.36,1381.21,,50955.89,50955.89,2011
GARY LEWIS,CUSTODIAN,46039.1,302.77,4028.99,,50370.86,50370.86,2011
GARY CHEN,FOOD SERVICE WORKER,42178.94,2482.35,948.8,,45610.09,45610.09,2011
GARY BLOS II,PLUMBER,43323.54,68.11,48.0,,43439.65,43439.65,2011
GARY TRAN,AIRPORT POLICE SERVICES AIDE,37063.83,2843.48,3219.57,,43126.88,43126.88,2011
GARY TSE,PARKING CONTROL OFFICER,29821.8,5744.21,4022.05,,39588.06,39588.06,2011
GARY LAUBER,PSYCHIATRIC TECHNICIAN,27082.16,0.0,1154.35,,28236.51,28236.51,2011
GARY KENNEDY,STATIONARY ENGINEER,26179.0,0.0,0.0,,26179.0,26179.0,2011
RAMONA MCGARY,VOLUNTEER/OUTREACH COORDINATOR,22520.84,0.0,0.0,,22520.84,22520.84,2011
GARY GLEESON,CLERK,19198.22,214.95,498.42,,19911.59,19911.59,2011
GARY PRUNTY,PLUMBER,12715.5,22.71,6214.86,,18953.07,18953.07,2011
GARY MCCLOUGH JR,CLERK TYPIST,13987.2,0.0,0.0,,13987.2,13987.2,2011
GARY SABALLOS,TRACK MAINTENANCE WORKER,0.0,3489.0,5124.7,,8613.7,8613.7,2011
GARY TOM,SENIOR MANAGEMENT ASSISTANT,7104.0,0.0,0.0,,7104.0,7104.0,2011
GARY WHITNEY,RECREATION LEADER,6235.08,0.0,58.6,,6293.68,6293.68,2011
GARY KURTENBACH,TRUCK DRIVER,2452.65,0.0,3714.94,,6167.59,6167.59,2011
JOHN MC GARY,COMMISSIONER,5900.0,0.0,0.0,,5900.0,5900.0,2011
GARY WEINER,PUBLIC SERVICE AIDE-ASSISTANT TO PROFESSIONALS,5327.57,0.0,352.93,,5680.5,5680.5,2011
GARY THOMPSON,"COUNSELOR, LOG CABIN RANCH",5165.1,0.0,91.38,,5256.48,5256.48,2011
GARY CHOW,PUBLIC SERVICE AIDE-HEALTH SERVICES,4205.19,0.0,0.0,,4205.19,4205.19,2011
GARY CLAYTON,STATIONARY ENGINEER,3406.22,0.0,0.0,,3406.22,3406.22,2011
GARY PAYTON,TRUCK DRIVER,2226.11,0.0,83.13,,2309.24,2309.24,2011
GARY HUDSON,RECREATION LEADER,191.24,0.0,0.0,,191.24,191.24,2011
GARY SZATKOWSKI,TRANSIT OPERATOR,0.0,0.0,138.74,,138.74,138.74,2011
Gary Altenberg,"Lieutenant, Fire Suppression",128808.87,220909.48,13126.31,44430.12,362844.66,407274.78,2012
Gary Franzella,Manager VI,168689.28,0.0,3486.0,61781.82,172175.28,233957.1,2012
Kerstin Magary,"Manager VIII, MTA",167235.34,0.0,3486.0,59189.32,170721.34,229910.66,2012
Gary Moriyama,Police Officer 3,117171.4,27785.56,16283.05,34907.57,161240.01,196147.58,2012
Gary Noda,Sheriff's Sergeant,107858.01,35782.61,10072.86,41638.58,153713.48,195352.06,2012
Kendall Gary,Manager IV,134905.77,0.0,3486.0,55507.7,138391.77,193899.47,2012
Gary Fleming,Eng/Arch/Landscape Arch Sr,143260.01,0.0,0.0,48657.59,143260.01,191917.6,2012
Gary Castel,Police Officer 3,122033.32,12331.36,15191.97,34862.1,149556.65,184418.75,2012
Gary Ho,Structural Engineer,136435.0,0.0,0.0,47385.97,136435.0,183820.97,2012
Gary Peachey,Police Officer 3,117171.43,25885.12,4202.06,35672.83,147258.61,182931.44,2012
Gary Williams,Supt Water Treatment Fac,124371.02,0.0,11055.42,46849.61,135426.44,182276.05,2012
Gary Delagnes,Inspector 3,135977.0,0.0,8977.55,37171.26,144954.55,182125.81,2012
Gary McMurtry,Transit Power Line Worker,94848.0,32736.24,3473.2,40664.93,131057.44,171722.37,2012
Gary Lynch,Plumber Supervisor 1,102458.25,15364.74,10245.82,42680.57,128068.81,170749.38,2012
Gary Yee,IS Engineer-Senior,121524.02,0.0,269.31,44371.15,121793.33,166164.48,2012
Gary Cheng,Police Officer 2,106720.46,14613.34,11255.26,33042.45,132589.06,165631.51,2012
Gary Diquisto,Police Officer 3,78292.13,2296.79,62733.51,22243.72,143322.43,165566.15,2012
Gary Buckner Jr,Police Officer 2,114887.75,10888.83,4836.77,34508.27,130613.35,165121.62,2012
Gary Mendribil,Police Officer 3,117171.42,12439.83,819.53,34492.17,130430.78,164922.95,2012
Gary Oto,Utility Specialist,115947.1,0.0,3831.09,44185.48,119778.19,163963.67,2012
Gary Dito,Firefighter,110847.13,79.74,13353.41,37729.46,124280.28,162009.74,2012
Gary Cozzi,Manager II,109601.7,0.0,4072.88,46104.79,113674.58,159779.37,2012
Gary Chang,Engineer,113184.78,0.0,3478.76,42917.99,116663.54,159581.53,2012
Gary Weimer,Power Generation Supervisor,108153.73,2312.41,5883.78,42636.44,116349.92,158986.36,2012
Gary Donohoe,Truck Driver,75557.07,23885.67,8694.65,36980.71,108137.39,145118.1,2012
Gary Bates,Accountant IV,103766.01,0.0,0.0,40339.49,103766.01,144105.5,2012
Gary Gorman,IS Administrator-Supervisor,103511.94,0.0,0.0,40453.33,103511.94,143965.27,2012
Gary Ouyang,Transit Operator,68291.0,25968.88,7790.06,41596.95,102049.94,143646.89,2012
Gary Gazzano,Plumber,92459.85,8253.18,3664.05,39116.09,104377.08,143493.17,2012
Gary Mar,Electrical Transit System Mech,78917.3,20221.28,6631.59,36640.7,105770.17,142410.87,2012
Gary Kato,Electrical Inspector,102488.4,0.0,227.64,39685.78,102716.04,142401.82,2012
Gary Gee Lee,"Stationary Eng, Sewage Plant",82381.05,13356.55,8305.01,37986.01,104042.61,142028.62,2012
Gary Tisell,Maintenance Machinist Sprv 1,86590.92,582.45,15280.46,36252.07,102453.83,138705.9,2012
Gary Lowman,Plumber,90461.7,8065.26,1690.0,37850.37,100216.96,138067.33,2012
Gary Levene,"Sprv Prob Ofc, Juv Court",101569.03,0.0,0.0,34699.11,101569.03,136268.14,2012
Gary Silvestri,Fusion Welder,90778.36,4230.05,2590.58,38036.4,97598.99,135635.39,2012
Gary Godfrey,Plumber,91914.9,3824.88,820.0,37400.12,96559.78,133959.9,2012
Gary Trubin,Deputy Sheriff,82366.41,7588.76,6084.2,34280.14,96039.37,130319.51,2012
Gary Hughes,Pile Worker,84505.83,8002.4,1360.0,36310.55,93868.23,130178.78,2012
Gary Sourifman,Sr Public Defenders Invstgtor,92486.0,0.0,0.0,37178.96,92486.0,129664.96,2012
Gary Lazar,IS Engineer-Journey,91034.4,0.0,0.0,37019.33,91034.4,128053.73,2012
Gary Wong,Contract Compliance Officer 1,90610.01,0.0,0.0,37158.63,90610.01,127768.64,2012
Gary Hall,Automotive Mechanic,73915.46,8500.48,8997.22,35109.59,91413.16,126522.75,2012
Gary Scherer,"Sr Marriage, Fam & Cld Cnslr",88754.0,0.0,624.0,36694.89,89378.0,126072.89,2012
Gary Merritt,Transit Operator,62996.28,23865.53,909.37,36554.26,87771.18,124325.44,2012
Gary Simpson,Deputy Probation Officer,86884.95,0.0,0.0,36590.59,86884.95,123475.54,2012
Gary Freed,Electrical Transit System Mech,60474.57,26470.7,6479.56,29422.52,93424.83,122847.35,2012
Gary Johnson,"Marriage, Family & Child Cnslr",84744.25,0.0,0.0,35837.64,84744.25,120581.89,2012
Gary Wong,IS Administrator 2,80153.3,0.0,3297.48,34267.85,83450.78,117718.63,2012
Gary Espina,IS Administrator 2,80171.01,0.0,0.0,35570.96,80171.01,115741.97,2012
Gary Coots,Psychiatric Technician,60134.27,20047.04,3712.19,30115.7,83893.5,114009.2,2012
Gary Williams,Ornamental Iron Worker,76506.35,113.18,2257.92,34643.15,78877.45,113520.6,2012
Joseph Gary Bell,Eligibility Worker Supervisor,77810.04,0.0,70.0,34402.28,77880.04,112282.32,2012
Gary Reid,General Laborer,57962.31,7450.34,16362.7,29583.08,81775.35,111358.43,2012
Gary Gee,Assistant Const Inspector,76362.01,1152.23,0.0,33594.68,77514.24,111108.92,2012
Gary McArthur,Automotive Mechanic,73951.9,2192.2,550.0,32895.51,76694.1,109589.61,2012
Gary Farr,Transit Operator,65376.18,3541.5,3308.72,37268.74,72226.4,109495.14,2012
Gary Giubbini,Court Supervisor I,50512.0,0.0,34237.89,24681.92,84749.89,109431.81,2012
Gary Chen,Illustrator and Art Designer,75972.0,0.0,0.0,33336.01,75972.0,109308.01,2012
Gary Hsieh,Junior Engineer,75908.4,0.0,0.0,33267.25,75908.4,109175.65,2012
Gary Dawson,Principal Parts Storekeeper,64525.6,12401.09,295.2,30439.38,77221.89,107661.27,2012
Gary Constantine,Police Officer 3,46006.75,21727.89,25268.03,13321.79,93002.67,106324.46,2012
Gary Yip,Parts Storekeeper,60661.5,12286.31,624.0,29580.67,73571.81,103152.48,2012
Gary Harrington,Truck Driver,69397.9,0.0,0.0,31102.91,69397.9,100500.81,2012
Gary Cantara,Principal Clerk,67519.57,0.0,0.0,32163.04,67519.57,99682.61,2012
Gary Huey,Senior Collections Officer,68357.67,0.0,0.0,31137.36,68357.67,99495.03,2012
Gary Sakita,Respiratory Care Practitioner,66751.09,0.0,200.0,31102.06,66951.09,98053.15,2012
Gary Feliciano,Deputy Court Clerk II,65716.98,0.0,664.02,31344.24,66381.0,97725.24,2012
Gary Fong,Automotive Body & Fender Wrk,63476.04,4603.72,618.0,28082.22,68697.76,96779.98,2012
Gary Tran,Community Police Services Aide,54102.9,5237.65,5086.52,29398.92,64427.07,93825.99,2012
Gary Nail,Gardener,59500.5,0.0,364.16,29442.04,59864.66,89306.7,2012
Gary Maestas,Transit Operator,46933.85,12580.1,2284.13,26743.19,61798.08,88541.27,2012
Gary Sicabaig,Parking Control Officer,55574.72,0.0,1459.83,28555.19,57034.55,85589.74,2012
Gary Lewis,Custodian,51364.91,305.7,4067.55,28774.44,55738.16,84512.6,2012
Gary Hendershott,General Laborer,54861.86,129.54,1261.99,27039.65,56253.39,83293.04,2012
Gary Alan Amelio,Dept Head V,46885.85,0.0,18268.66,16817.7,65154.51,81972.21,2012
Gary Lee,Window Cleaner,54863.42,0.0,918.62,25276.16,55782.04,81058.2,2012
Gary Law,Custodian,51492.8,924.3,624.0,27107.18,53041.1,80148.28,2012
Gary Fitzgerald,Parts Storekeeper,60661.52,214.22,643.2,17889.01,61518.94,79407.95,2012
Gary Chen,Food Service Worker,44212.54,5759.68,974.8,25701.6,50947.02,76648.62,2012
Gary Ceccarelli,Gardener,51388.01,0.0,0.0,24111.96,51388.01,75499.97,2012
Gary Price,IS Project Director,49291.2,0.0,0.0,18394.35,49291.2,67685.55,2012
Gary Mondfrans,Public SafetyComm Disp,36933.67,643.46,9078.65,17921.18,46655.78,64576.96,2012
Gary Blos II,Plumber,38873.1,4394.32,0.0,16197.8,43267.42,59465.22,2012
Gary McClough,Porter,36698.48,182.71,1567.75,19626.51,38448.94,58075.45,2012
Yolanda McGary-Beitia,Deputy Court Clerk II,20630.44,0.0,178.23,9188.59,20808.67,29997.26,2012
Ramona McGary,Volunteer/Outreach Coord,27750.02,0.0,0.0,2198.97,27750.02,29948.99,2012
Gary Thompson,"Counselor, Log Cabin Ranch",0.0,465.56,22755.41,4144.42,23220.97,27365.39,2012
Gary Lauber,Psychiatric Technician,11675.5,0.0,1849.25,6047.86,13524.75,19572.61,2012
Gary Kennedy,Stationary Engineer,11700.48,0.0,0.0,986.18,11700.48,12686.66,2012
Gary Anthony Dorado,Licensed Vocational Nurse,8743.8,0.0,430.56,710.28,9174.36,9884.64,2012
John Mc Gary,Commissioner No Benefits,7420.0,0.0,0.0,588.62,7420.0,8008.62,2012
Gary Chow,PS Aide Health Services,4757.06,0.0,0.0,369.45,4757.06,5126.51,2012
Gary Weiner,Publ Svc Aide-Asst to Prof,4435.24,0.0,250.45,406.2,4685.69,5091.89,2012
Gary Whitney,Recreation Leader,4438.3,0.0,31.26,103.88,4469.56,4573.44,2012
Gary Najarian,Health Program Coordinator 3,3486.0,0.0,0.0,269.89,3486.0,3755.89,2012
Gary Victoria,Public Svc Aide-Public Works,2857.25,0.0,58.56,262.8,2915.81,3178.61,2012
Gary Hudson,Recreation Leader,2630.55,0.0,159.3,215.99,2789.85,3005.84,2012
Gary L Altenberg,"Lieutenant, Fire Suppression",135903.02,163477.81,20994.96,46030.76,320375.79,366406.55,2013
Gary K Noda,Sheriff's Sergeant,114649.82,77526.92,15945.33,39806.27,208122.07,247928.34,2013
Gary G Franzella,Manager VI,183311.37,0.0,0.0,57077.25,183311.37,240388.62,2013
Kerstin F Magary,"Manager VIII, MTA",178273.03,0.0,0.0,56529.91,178273.03,234802.94,2013
Gary J Moriyama,Police Officer 3,123070.9,40459.06,23764.35,36924.2,187294.31,224218.51,2013
Gary A Fleming,Eng/Arch/Landscape Arch Sr,153291.62,0.0,0.0,43425.41,153291.62,196717.03,2013
Gary G Buckner Jr,Sergeant 2,126892.01,14821.6,17045.89,37784.03,158759.5,196543.53,2013
Kendall W Gary,Manager IV,143856.03,0.0,0.0,51294.26,143856.03,195150.29,2013
Gary P Delagnes,Inspector 3,66337.5,0.0,105229.97,18789.46,171567.47,190356.93,2013
Gary S Ho,Structural Engineer,145991.0,0.0,0.0,42026.75,145991.0,188017.75,2013
Gary V Peachey,Police Officer 3,123471.17,20348.19,5147.15,37055.22,148966.51,186021.73,2013
Gary S Chang,Engineer,132401.56,0.0,5513.42,40445.86,137914.98,178360.84,2013
Gary K Freed,Electrical Transit System Mech,82681.5,50446.07,10318.0,32132.32,143445.57,175577.89,2013
Gary  Dito,Firefighter,116324.99,1508.92,16853.13,40845.61,134687.04,175532.65,2013
Gary  Cheng,Police Officer 2,118111.48,8148.29,12912.15,36047.52,139171.92,175219.44,2013
Gary A Cozzi,Manager II,121786.34,0.0,0.0,45715.07,121786.34,167501.41,2013
Gary A Mendribil,Police Officer 3,123471.14,5491.17,1117.19,37025.17,130079.5,167104.67,2013
Gary M Castel,Police Officer 3,60095.0,5793.96,82380.29,17645.94,148269.25,165915.19,2013
Gary M Oto,Utility Specialist,124070.22,0.0,2380.0,38199.68,126450.22,164649.9,2013
Gary L Price,IS Project Director,125139.8,0.0,0.0,39162.79,125139.8,164302.59,2013
Gary P Gazzano,Plumber,98528.51,12909.05,8289.0,34912.45,119726.56,154639.01,2013
Gary W Gorman,IS Administrator-Supervisor,113144.86,0.0,3024.98,36263.77,116169.84,152433.61,2013
Gary T Kato,Electrical Inspector,100031.5,0.0,20047.55,31665.82,120079.05,151744.87,2013
Gary A Merritt,Transit Operator,73056.04,41400.01,396.07,35355.5,114852.12,150207.62,2013
Gary D Donohoe,Truck Driver,80012.91,27663.42,9044.32,31335.79,116720.65,148056.44,2013
Gary L Bates,Accountant IV,111075.58,0.0,0.0,35239.67,111075.58,146315.25,2013
Gary S Godfrey,Plumber,98528.5,11717.51,1000.0,33470.76,111246.01,144716.77,2013
Gary L Lowman,Plumber,98528.5,11643.2,990.0,33470.2,111161.7,144631.9,2013
Gary  Ouyang,Transit Operator,70555.47,25575.27,8837.59,36437.58,104968.33,141405.91,2013
Gary M Levene,"Sprv Prob Ofc, Juv Court",108637.07,0.0,0.0,32675.67,108637.07,141312.74,2013
Gary  Trubin,Deputy Sheriff,92895.8,6679.58,8135.71,33259.89,107711.09,140970.98,2013
Gary L Lynch,Plumber Supervisor 1,95531.48,3746.49,9553.14,31928.84,108831.11,140759.95,2013
Gary P Blos II,Plumber,97438.6,8256.45,8.0,33984.25,105703.05,139687.3,2013
Gary Gee  Lee,"Stationary Eng, Sewage Plant",87190.24,9305.41,8522.16,32678.49,105017.81,137696.3,2013
Gary M Lazar,IS Engineer-Journey,103302.7,0.0,0.0,34259.35,103302.7,137562.05,2013
Gary A Silvestri,Fusion Welder,95705.94,537.15,4617.43,33484.57,100860.52,134345.09,2013
Gary S Hughes,Pile Worker,90229.01,10979.11,670.0,31741.79,101878.12,133619.91,2013
Gary L Hall,Automotive Mechanic,79283.51,8410.12,13156.17,32071.7,100849.8,132921.5,2013
Gary W McMurtry,Transit Power Line Worker,82708.8,18930.98,2523.0,28660.22,104162.78,132823.0,2013
Gary  Mar,Electrical Transit System Mech,82678.2,10793.73,7577.72,31588.05,101049.65,132637.7,2013
Gary D Sourifman,Sr Public Defenders Invstgtor,98847.01,0.0,0.0,33331.01,98847.01,132178.02,2013
Gary L Scherer,"Sr Marriage, Fam & Cld Cnslr",94851.0,0.0,648.0,32658.09,95499.0,128157.09,2013
Gary R Maestas,Transit Operator,68153.72,19724.94,4861.11,34209.12,92739.77,126948.89,2013
Gary  Simpson,Deputy Probation Officer,96152.5,0.0,0.0,30476.06,96152.5,126628.56,2013
Gary W Johnson,"Marriage, Family & Child Cnslr",90693.09,0.0,0.0,31698.09,90693.09,122391.18,2013
Gary H Hsieh,Asst Engr,88618.45,0.0,0.0,32262.82,88618.45,120881.27,2013
Gary Y Wong,IT Operations Support Admn III,85761.54,0.0,3896.46,30750.69,89658.0,120408.69,2013
Gary C Wong,Contract Compliance Officer 1,88920.93,0.0,0.0,30128.34,88920.93,119049.27,2013
Gary M Najarian,Health Program Coordinator 3,93308.82,0.0,0.0,25010.87,93308.82,118319.69,2013
Gary  Espina,IS Administrator 2,85761.51,0.0,0.0,30732.71,85761.51,116494.22,2013
Gary G Williams,Ornamental Iron Worker,81848.58,509.83,2227.92,30317.68,84586.33,114904.01,2013
Gary A Gee,Assistant Const Inspector,81686.52,2695.07,0.0,29917.74,84381.59,114299.33,2013
Gary K Fong,Automotive Body & Fender Wrk,79283.5,2860.8,1991.0,29830.85,84135.3,113966.15,2013
Gary W Chen,IS Business Analyst,81789.0,0.0,0.0,29947.52,81789.0,111736.52,2013
Gary R Farr,Transit Operator,68020.28,6437.57,3379.62,33731.26,77837.47,111568.73,2013
Gary  McArthur,Automotive Mechanic,79283.51,525.83,550.0,29536.36,80359.34,109895.7,2013
Gary K Sakita,Respiratory Care Practitioner,74861.4,1953.99,200.0,29258.84,77015.39,106274.23,2013
Gary J Feliciano,Deputy Court Clerk II,73734.91,0.0,3500.0,29000.49,77234.91,106235.4,2013
Joseph Gary  Bell,Eligibility Worker Supervisor,76961.51,57.75,40.0,27866.34,77059.26,104925.6,2013
Gary  Huey,Senior Collections Officer,73062.05,0.0,0.0,28167.11,73062.05,101229.16,2013
Gary A Coots,Psychiatric Technician,62938.0,8324.64,4602.61,25168.11,75865.25,101033.36,2013
Gary R Cantara,Principal Clerk,72144.0,0.0,0.0,27979.21,72144.0,100123.21,2013
Gary V Tran,Community Police Services Aide,60458.16,3407.82,5190.47,27289.46,69056.45,96345.91,2013
Gary G Fitzgerald,Parts Storekeeper,64827.01,1161.79,648.0,26645.32,66636.8,93282.12,2013
Gary  Yip,Parts Storekeeper,64827.0,90.64,648.0,26645.32,65565.64,92210.96,2013
Gary  Ceccarelli,Gardener,64641.06,0.0,0.0,26485.63,64641.06,91126.69,2013
Gary M Nail,Gardener,64641.05,0.0,0.0,26485.61,64641.05,91126.66,2013
Gary W Lee,Window Cleaner,64499.3,0.0,1131.74,24908.88,65631.04,90539.92,2013
Gary L Hendershott,General Laborer,60215.93,411.08,1188.0,25361.54,61815.01,87176.55,2013
Gary  Law,Custodian,55026.0,1540.5,648.0,24676.23,57214.5,81890.73,2013
Gary  Lewis,Custodian,55026.01,152.85,0.0,24542.6,55178.86,79721.46,2013
Gary  Chen,Food Service Worker,48143.68,4256.63,1029.52,24957.46,53429.83,78387.29,2013
Gary K Williams,Supt Water Treatment Fac,53625.02,0.0,4270.96,15816.63,57895.98,73712.61,2013
Gary D Clifton,Electrical Inspector,57425.5,307.96,0.0,12506.51,57733.46,70239.97,2013
Gary H Sicabaig,Parking Control Officer,44412.76,20.62,1239.24,19296.04,45672.62,64968.66,2013
Gary W Reid,General Laborer,27519.49,1921.57,929.93,11553.72,30370.99,41924.71,2013
Gary W Orr,Sign Worker,26354.5,304.2,0.0,12467.1,26658.7,39125.8,2013
Gary A Yee,IS Engineer-Senior,19176.0,0.0,0.0,5481.86,19176.0,24657.86,2013
Gary A Dawson,Principal Parts Storekeeper,13180.37,0.0,775.35,5098.62,13955.72,19054.34,2013
Ramona R McGary,Volunteer/Outreach Coord,17660.88,0.0,0.0,0.0,17660.88,17660.88,2013
Gary  Rucks,Public Svc Aide-Public Works,10995.52,0.0,245.59,112.41,11241.11,11353.52,2013
Gary  Harrington,Truck Driver,5486.0,0.0,3319.03,2024.88,8805.03,10829.91,2013
Gary S Hudson,Recreation Leader,10117.51,0.0,405.0,105.25,10522.51,10627.76,2013
Gary Y. Wei,PS Aide Health Services,10448.0,0.0,0.0,104.48,10448.0,10552.48,2013
Gary  McClough,Porter,4081.61,0.0,4123.0,1810.91,8204.61,10015.52,2013
Gary L Victoria,Public Svc Aide-Public Works,7844.46,0.0,182.17,80.27,8026.63,8106.9,2013
Gary C Schoenfeld,Camp Assistant,5491.25,0.0,161.0,56.51,5652.25,5708.76,2013
Gary M Weimer,Power Generation Supervisor,3455.35,0.0,265.41,1059.61,3720.76,4780.37,2013
Gary S Weiner,Publ Svc Aide-Asst to Prof,2483.82,1990.47,214.2,0.0,4688.49,4688.49,2013
Gary R Whitney,Recreation Leader,4552.89,0.0,15.51,0.0,4568.4,4568.4,2013
Gary D Crockett III,Public Svc Aide-Public Works,4143.56,0.0,0.0,41.43,4143.56,4184.99,2013
Gary E Tisell,Maintenance Machinist Sprv 1,,0.0,3106.4,561.95,3106.4,3668.35,2013
Gary C Chow,PS Aide Health Services,3201.51,0.0,0.0,32.01,3201.51,3233.52,2013
Gary Anthony A Dorado,Licensed Vocational Nurse,2017.8,0.0,161.46,21.79,2179.26,2201.05,2013
Gary W Chen,Mayoral Staff IV,878.0,0.0,0.0,8.78,878.0,886.78,2013
John  Mc Gary,Commissioner No Benefits,500.0,0.0,0.0,0.0,500.0,500.0,2013
Gary L Altenberg,"Lieutenant, Fire Suppression",129725.53,76729.19,22791.88,48461.1,229246.6,277707.7,2014
Gary K Noda,Sheriff's Sergeant,113410.91,77528.19,16813.43,42391.78,207752.53,250144.31,2014
Gary G Franzella,Manager VI,181403.91,0.0,0.0,61322.31,181403.91,242726.22,2014
Kerstin F Magary,"Manager VIII, MTA",176266.26,0.0,1000.0,60976.34,177266.26,238242.6,2014
Gary J Moriyama,Police Officer 3,118898.03,30225.29,25958.23,38837.64,175081.55,213919.19,2014
Gary G Buckner Jr,Sergeant 3,137412.13,14504.36,7425.49,43008.68,159341.98,202350.66,2014
Gary A Fleming,Eng/Arch/Landscape Arch Sr,151730.05,0.0,0.0,46271.62,151730.05,198001.67,2014
Gary S Ho,Structural Engineer,144502.0,0.0,0.0,44727.8,144502.0,189229.8,2014
Gary S Chang,Engineer,131071.02,0.0,5298.18,42991.49,136369.2,179360.69,2014
Gary Cheng,Police Officer 2,116584.02,11022.64,8508.83,38363.26,136115.49,174478.75,2014
Gary A Cozzi,Manager II,122904.01,0.0,0.0,49388.98,122904.01,172292.99,2014
Gary L Price,IS Project Director,128424.28,0.0,0.0,42514.3,128424.28,170938.58,2014
Gary V Peachey,Police Officer 3,118898.12,7749.14,1993.5,38839.63,128640.76,167480.39,2014
Gary Dito,Firefighter,111640.48,0.0,12865.28,41950.7,124505.76,166456.46,2014
Gary M Oto,Utility Specialist,122868.06,0.0,2080.0,40551.24,124948.06,165499.3,2014
Gary K Freed,"Electrl Trnst Mech, Asst Sprv",85865.01,34680.88,7310.93,34235.29,127856.82,162092.11,2014
Gary Gee Lee,"Stationary Eng, Sewage Plant",87616.52,30544.18,7425.09,34625.62,125585.79,160211.41,2014
Gary P Gazzano,Plumber,97557.01,15091.13,6383.52,36573.96,119031.66,155605.62,2014
Gary S Godfrey,Plumber,97557.0,17216.93,494.0,35294.33,115267.93,150562.26,2014
Gary W Mcmurtry,Transit Power Line Worker,68851.2,32639.54,21088.93,25625.82,122579.67,148205.49,2014
Gary L Bates,Accountant IV,109960.09,0.0,0.0,37349.85,109960.09,147309.94,2014
Gary M Lazar,IS Engineer-Journey,107451.41,0.0,0.0,37096.6,107451.41,144548.01,2014
Gary D Donohoe,Truck Driver,79102.14,22294.4,8388.4,32951.73,109784.94,142736.67,2014
Gary M Levene,"Sprv Prob Ofc, Juv Court",107558.02,0.0,0.0,34796.55,107558.02,142354.57,2014
Gary A Merritt,Transit Operator,65251.36,38215.92,1365.34,34119.99,104832.62,138952.61,2014
Gary L Lowman,Plumber,97557.0,4670.94,500.0,35295.94,102727.94,138023.88,2014
Gary Trubin,Deputy Sheriff,94191.0,4468.39,4392.38,34884.75,103051.77,137936.52,2014
Gary Ouyang,Transit Operator,69309.43,21114.31,8644.73,38384.78,99068.47,137453.25,2014
Gary R Maestas,Transit Operator,66234.62,29933.43,4695.1,35637.13,100863.15,136500.28,2014
Gary D Clifton,Electrical Inspector,109163.01,0.0,1436.22,24733.03,110599.23,135332.26,2014
Gary M Najarian,Health Program Coordinator 3,98271.03,0.0,0.0,36324.57,98271.03,134595.6,2014
Gary L Hall,Automotive Mechanic,78522.01,5832.48,15497.96,34408.68,99852.45,134261.13,2014
Gary A Silvestri,Fusion Welder,96177.04,0.0,2509.59,35428.22,98686.63,134114.85,2014
Gary P Blos Ii,Plumber,86196.28,14158.83,1235.44,32163.55,101590.55,133754.1,2014
Gary D Sourifman,Sr Public Defenders Invstgtor,98236.0,0.0,0.0,35332.31,98236.0,133568.31,2014
Gary H Hsieh,Asst Engr,95117.5,0.0,0.0,35615.19,95117.5,130732.69,2014
Gary L Scherer,"Sr Marriage, Fam & Cld Cnslr",94271.0,0.0,624.0,34602.17,94895.0,129497.17,2014
Gary Simpson,Deputy Probation Officer,95789.4,0.0,0.0,32520.78,95789.4,128310.18,2014
Gary S Hughes,Pile Worker,89334.01,3889.6,704.0,33539.59,93927.61,127467.2,2014
Gary W Johnson,"Marriage, Family & Child Cnslr",90185.03,0.0,0.0,33571.97,90185.03,123757.0,2014
Gary W Chen,IS Business Analyst,89460.48,0.0,0.0,33421.55,89460.48,122882.03,2014
Gary K Fong,Automotive Body & Fender Wrk,78672.0,4314.14,6283.0,32103.03,89269.14,121372.17,2014
Gary Y Wong,IT Operations Support Admn III,84898.03,0.0,3509.39,32428.3,88407.42,120835.72,2014
Gary A Coots,Psychiatric Technician,63133.01,22867.03,4910.39,26762.9,90910.43,117673.33,2014
Gary Espina,IS Administrator 2,84898.0,0.0,0.0,32417.17,84898.0,117315.17,2014
Gary G Williams,Ornamental Iron Worker,81034.02,1100.93,2377.92,32033.61,84512.87,116546.48,2014
Joseph Gary Bell,Eligibility Worker Supervisor,82589.01,0.0,40.0,31921.5,82629.01,114550.51,2014
Gary A Gee,Assistant Const Inspector,80852.03,1262.63,0.0,31532.9,82114.66,113647.56,2014
Gary Mcarthur,Automotive Mechanic,78522.07,0.0,735.38,31188.2,79257.45,110445.65,2014
Gary K Sakita,Respiratory Care Practitioner,74587.02,4310.4,200.0,30948.57,79097.42,110045.99,2014
Gary W Gorman,IS Administrator-Supervisor,62389.65,0.0,21290.0,20214.5,83679.65,103894.15,2014
Gary Huey,Senior Collections Officer,72598.04,0.0,0.0,29729.34,72598.04,102327.38,2014
Gary V Tran,Community Police Services Aide,63163.83,3503.41,5584.7,29557.77,72251.94,101809.71,2014
Gary R Cantara,Principal Clerk,71731.02,0.0,0.0,29541.33,71731.02,101272.35,2014
Gary Mar,Electrical Transit System Mech,66608.23,0.0,6248.37,27180.9,72856.6,100037.5,2014
Gary Yip,Parts Storekeeper,64428.0,2983.68,624.0,28080.06,68035.68,96115.74,2014
Gary G Fitzgerald,Parts Storekeeper,64428.02,369.75,624.0,28080.07,65421.77,93501.84,2014
Gary M Nail,Gardener,63978.04,0.0,42.53,27854.66,64020.57,91875.23,2014
Gary L Hendershott,General Laborer,61017.87,88.91,1163.7,27277.06,62270.48,89547.54,2014
Gary L Lynch,Plumber Supervisor 1,60207.49,875.38,5053.37,21780.3,66136.24,87916.54,2014
Gary Ceccarelli,Gardener,57360.19,3957.08,214.92,25017.18,61532.19,86549.37,2014
Gary Chen,Food Service Worker,48506.3,9656.95,1041.08,26398.69,59204.33,85603.02,2014
Gary R Farr,Transit Operator,50833.33,4793.67,2439.4,26973.12,58066.4,85039.52,2014
Gary L Love,Senior Personnel Analyst,67188.0,0.0,0.0,16823.67,67188.0,84011.67,2014
Gary W Orr,Sign Worker,55250.1,1917.23,0.0,26510.18,57167.33,83677.51,2014
Gary Law,Custodian,54703.0,1913.1,624.0,25954.76,57240.1,83194.86,2014
Gary K Wilson,Parking Control Officer,42962.3,13950.26,1794.29,24110.5,58706.85,82817.35,2014
Gary Lewis,Custodian,54703.0,1602.15,0.0,25813.77,56305.15,82118.92,2014
Gary A Mendribil,Police Officer 3,53046.8,0.0,365.6,17038.58,53412.4,70450.98,2014
Gary W Reid,General Laborer,40117.6,0.0,0.0,17744.59,40117.6,57862.19,2014
Gary W Lee,Window Cleaner,37029.3,0.0,656.62,15079.81,37685.92,52765.73,2014
Gary C Wong,Contract Compliance Officer 1,18180.0,0.0,18149.43,6542.02,36329.43,42871.45,2014
Gary Kunaboot,Police Officer,18594.0,0.0,0.0,7464.7,18594.0,26058.7,2014
Gary D Crockett Iii,Public Svc Aide-Public Works,17272.71,0.0,855.15,2022.51,18127.86,20150.37,2014
Gary M Nance Jr,Transit Operator,7309.05,1511.37,28.11,4736.01,8848.53,13584.54,2014
Gary A Yee,IS Engineer-Senior,0.0,0.0,6875.2,4659.36,6875.2,11534.56,2014
Gary W Chen,Mayoral Staff IV,10757.05,0.0,0.0,107.62,10757.05,10864.67,2014
Gary C Schoenfeld,Recreation Leader,9255.34,0.0,129.1,93.86,9384.44,9478.3,2014
Gary M Weimer,Power Generation Supervisor,0.0,0.0,4537.7,4659.36,4537.7,9197.06,2014
Gary K Hom,PS Aide to Prof,8061.99,0.0,0.0,80.61,8061.99,8142.6,2014
Gary Y. Wei,PS Aide Health Services,7385.25,0.0,0.0,73.84,7385.25,7459.09,2014
Gary S Weiner,Publ Svc Aide-Asst to Prof,2690.87,1594.77,178.94,0.0,4464.58,4464.58,2014
Gary L Moore,Public Svc Aide-Public Works,4049.85,0.0,126.45,41.78,4176.3,4218.08,2014
Gary L Mitchell,Recreation Leader,3492.77,0.0,116.59,36.1,3609.36,3645.46,2014
Gary W Adams Jr.,Public Svc Aide-Public Works,3303.52,0.0,0.0,33.04,3303.52,3336.56,2014
Gary R Whitney,Recreation Leader,2650.6,0.0,2.76,0.0,2653.36,2653.36,2014
Gary S Hudson,Recreation Leader,748.7,0.0,23.55,7.72,772.25,779.97,2014
Gary K Williams,Supt Water Treatment Fac,0.0,0.0,375.38,0.0,375.38,375.38,2014
Gary C Schoenfeld,Pool Lifeguard,31.43,0.0,0.0,0.31,31.43,31.74,2014
Gary L Altenberg,"Lieutenant, Fire Suppression",131577.11,135390.92,27962.69,46315.16,294930.72,341245.88,2015
Gary K Noda,Sheriff's Sergeant,119066.04,75940.15,13792.64,47070.72,208798.83,255869.55,2015
Kerstin F Magary,"Manager VIII, MTA",182293.01,0.0,0.0,53942.52,182293.01,236235.53,2015
Gary J Moriyama,Police Officer 3,121339.61,53313.78,23817.06,36885.69,198470.45,235356.14,2015
Gary A Fleming,Eng/Arch/Landscape Arch Sr,156746.04,0.0,0.0,44453.87,156746.04,201199.91,2015
Gary G Franzella,Manager VI,149081.0,0.0,0.0,44555.32,149081.0,193636.32,2015
Gary S Ho,Structural Engineer,149312.0,0.0,0.0,42957.84,149312.0,192269.84,2015
Gary G Buckner Jr,Sergeant 3,140244.49,8189.72,930.96,41080.81,149365.17,190445.98,2015
Gary L Price,IS Project Director,140488.03,0.0,0.0,42455.96,140488.03,182943.99,2015
Gary K Freed,"Electrl Trnst Mech, Asst Sprv",98589.0,40094.3,7341.44,36835.84,146024.74,182860.58,2015
Gary S Chang,Engineer,135421.0,0.0,5883.63,41345.3,141304.63,182649.93,2015
Gary V Peachey,Police Officer 3,119461.61,15539.71,4246.86,36881.53,139248.18,176129.71,2015
Gary Cheng,Police Officer 3,119388.44,11453.9,6278.92,36790.48,137121.26,173911.74,2015
Gary A Cozzi,Manager II,127129.05,0.0,0.0,42424.59,127129.05,169553.64,2015
Gary M Oto,Utility Specialist,126994.11,0.0,440.0,38513.43,127434.11,165947.54,2015
Gary Dito,Firefighter,113233.61,0.0,13279.18,39151.29,126512.79,165664.08,2015
Gary P Gazzano,Plumber,100761.01,17042.06,6172.06,37361.23,123975.13,161336.36,2015
Gary S Godfrey,Plumber,100761.02,17356.55,1136.0,36324.11,119253.57,155577.68,2015
Gary M Lazar,IS Engineer-Journey,116612.51,0.0,0.0,36283.87,116612.51,152896.38,2015
Gary Gee Lee,"Stationary Eng, Sewage Plant",94577.01,21817.51,2581.02,33744.56,118975.54,152720.1,2015
Gary M Levene,"Sprv Prob Ofc, Juv Court",112077.68,0.0,0.0,39033.56,112077.68,151111.24,2015
Gary L Bates,Accountant IV,113623.03,0.0,0.0,35699.81,113623.03,149322.84,2015
Gary Trubin,Deputy Sheriff,97574.3,7906.27,4383.94,39049.31,109864.51,148913.82,2015
Gary D Donohoe,Truck Driver,81428.75,23199.49,5955.17,32459.97,110583.41,143043.38,2015
Gary D Clifton,Electrical Inspector,112776.0,1228.6,2255.52,24704.01,116260.12,140964.13,2015
Gary K Fong,Auto Body&Fender Wrk Asst Sprv,92333.0,3447.25,9735.4,35367.61,105515.65,140883.26,2015
Gary L Lowman,Plumber,100761.01,938.68,950.0,36283.16,102649.69,138932.85,2015
Gary Ouyang,Transit Operator,69840.04,23706.65,8505.67,35601.81,102052.36,137654.17,2015
Gary R Maestas,Transit Operator,67970.05,30572.41,5019.94,33692.66,103562.4,137255.06,2015
Gary L Hall,Maintenance Controller,82413.03,7516.59,13143.34,34105.47,103072.96,137178.43,2015
Gary M Najarian,Health Program Coordinator 3,101531.01,0.0,0.0,34731.88,101531.01,136262.89,2015
Gary Simpson,Deputy Probation Officer,99654.02,785.61,0.0,35219.16,100439.63,135658.79,2015
Gary D Sourifman,Sr Public Defenders Invstgtor,101531.02,0.0,0.0,34111.69,101531.02,135642.71,2015
Gary H Hsieh,Assistant Engineer,100554.02,0.0,0.0,34513.83,100554.02,135067.85,2015
Gary A Merritt,Transit Operator,67178.6,30218.14,1906.03,33212.4,99302.77,132515.17,2015
Gary L Scherer,"Sr Marriage, Fam & Cld Cnslr",97424.0,0.0,624.0,33383.56,98048.0,131431.56,2015
Gary S Hughes,Pile Worker,92282.01,529.05,1650.0,33952.46,94461.06,128413.52,2015
Gary W Chen,IS Business Analyst,94695.91,0.0,0.0,32280.8,94695.91,126976.71,2015
Gary L Lynch,Plumber Supervisor 1,86066.74,1072.66,8478.93,30990.09,95618.33,126608.42,2015
Gary W Johnson,"Marriage, Family & Child Cnslr",93281.04,0.0,0.0,32391.72,93281.04,125672.76,2015
Gary Y Wong,IT Operations Support Admn III,87713.03,0.0,5049.93,30820.09,92762.96,123583.05,2015
Gary Kunaboot,Police Officer,80957.63,8100.72,1149.88,30692.49,90208.23,120900.72,2015
Gary L Love,Senior Administrative Analyst,88104.0,0.0,0.0,31782.1,88104.0,119886.1,2015
Gary A Coots,Psychiatric Technician,66306.8,21872.67,5177.34,26297.14,93356.81,119653.95,2015
Gary Espina,IS Administrator 2,87713.03,0.0,0.0,30820.1,87713.03,118533.13,2015
Gary A Silvestri,Fusion Welder,86334.94,0.0,1388.82,30574.82,87723.76,118298.58,2015
Gary G Williams,Ornamental Iron Worker,83699.02,0.0,2152.92,32171.81,85851.94,118023.75,2015
Gary A Gee,Assistant Const Inspector,83528.03,2982.12,0.0,29942.81,86510.15,116452.96,2015
Joseph Gary Bell,Eligibility Worker Supervisor,85368.03,0.0,35.0,30730.47,85403.03,116133.5,2015
Gary Mcarthur,Automotive Mechanic,81757.02,0.0,65.0,32124.63,81822.02,113946.65,2015
Gary V Tran,Community Police Services Aide,67385.59,10928.28,5974.55,28936.61,84288.42,113225.03,2015
Gary K Sakita,Respiratory Care Practitioner,77071.01,2458.95,200.0,29789.08,79729.96,109519.04,2015
Gary R Cantara,Legal Assistant,76763.3,1362.2,0.0,28469.72,78125.5,106595.22,2015
Gary Huey,Senior Collections Officer,75028.05,0.0,456.0,28642.51,75484.05,104126.56,2015
Gary K Wilson,Parking Control Officer,52511.8,21389.93,816.91,26684.65,74718.64,101403.29,2015
Gary G Fitzgerald,Parts Storekeeper,66580.02,1912.71,877.4,27539.84,69370.13,96909.97,2015
Gary Yip,Parts Storekeeper,66580.0,1692.97,624.0,26889.74,68896.97,95786.71,2015
Gary Mar,Electrical Transit System Mech,59343.84,1973.76,4328.75,26390.25,65646.35,92036.6,2015
Gary M Nail,Gardener,65604.57,0.0,49.95,26289.32,65654.52,91943.84,2015
Gary L Hendershott,General Laborer,63887.01,91.58,1185.3,26243.49,65163.89,91407.38,2015
Gary W Orr,Sign Worker,59959.43,4123.74,0.0,25614.02,64083.17,89697.19,2015
Gary P Blos Ii,Plumber,56275.24,8429.94,503.29,20769.79,65208.47,85978.26,2015
Gary Lewis,Custodian,56531.0,3272.55,0.0,24675.14,59803.55,84478.69,2015
Gary Law,Custodian,56531.0,1990.35,624.0,24795.71,59145.35,83941.06,2015
Gary Chen,Food Service Worker,51405.0,5768.17,1086.61,25593.24,58259.78,83853.02,2015
Gary Ceccarelli,Gardener,54591.22,0.0,700.25,21819.86,55291.47,77111.33,2015
Gary M Nance Jr,Transit Operator,43467.17,4423.74,1283.59,25672.23,49174.5,74846.73,2015
Gary A Mendribil,Police Officer 3,7459.71,0.0,47976.49,0.0,55436.2,55436.2,2015
Gary K Hom,Junior Administrative Analyst,37012.65,0.0,0.0,15827.43,37012.65,52840.08,2015
Gary W Lee,Window Cleaner,19563.56,0.0,341.98,17346.1,19905.54,37251.64,2015
Gary L Moore,Public Svc Aide-Public Works,18088.72,211.9,1404.38,8270.24,19705.0,27975.24,2015
Gary R Farr,Transit Operator,16769.88,0.0,250.0,8017.79,17019.88,25037.67,2015
Gary L Mingo,Truck Driver,14670.0,490.11,1096.72,5859.22,16256.83,22116.05,2015
Gary L Mitchell,Recreation Leader,12453.88,0.0,268.21,127.22,12722.09,12849.31,2015
Gary L Hodge,School Crossing Guard,7371.67,0.0,0.0,120.63,7371.67,7492.3,2015
Gary A Shumakher,Public Service Trainee,6945.0,0.0,0.0,69.45,6945.0,7014.45,2015
Gary S Weiner,PS Aide to Prof,3812.25,1546.03,252.24,0.0,5610.52,5610.52,2015
Erica V Mcgary,Health Worker 2,1994.0,0.0,0.0,19.94,1994.0,2013.94,2015
Gary Y Chan Jr,Transit Operator,1585.42,0.0,0.0,390.91,1585.42,1976.33,2015
Gary C Schoenfeld,Recreation Leader,1681.76,0.0,3.72,16.87,1685.48,1702.35,2015
Gary C Schoenfeld,Pool Lifeguard,1149.6,0.0,0.0,11.5,1149.6,1161.1,2015
Gary R Whitney,Recreation Leader,268.5,0.0,0.0,0.0,268.5,268.5,2015
Gary W Reid,General Laborer,0.0,0.0,159.45,0.0,159.45,159.45,2015
Gary L Altenberg,"Lieutenant, Fire Suppression",130966.09,120799.94,26892.29,43705.22,278658.32,322363.54,2016
Gary K Noda,Sheriff's Sergeant,124245.48,113782.6,25044.59,53614.28,263072.67,316686.95,2016
Gary J Moriyama,Police Officer 3,137196.96,58759.77,25833.57,36346.29,221790.3,258136.59,2016
Kerstin F Magary,"Manager VIII, MTA",197885.71,0.0,0.0,51201.14,197885.71,249086.85,2016
Gary S Ho,Structural Engineer,155517.01,0.0,0.0,41292.44,155517.01,196809.45,2016
Gary G Brandau,Project Manager 2,152266.7,0.0,0.0,41122.83,152266.7,193389.53,2016
Gary S Chang,Eng/Arch/Landscape Arch Sr,146148.34,0.0,6208.98,40717.77,152357.32,193075.09,2016
Gary G Buckner Jr,Sergeant 3,140657.45,12718.74,853.54,38832.25,154229.73,193061.98,2016
Gary L Price,IS Project Director,148795.83,0.0,0.0,41360.53,148795.83,190156.36,2016
Gary Cheng,Police Officer 3,121209.62,18092.37,5236.34,35398.04,144538.33,179936.37,2016
Gary Kunaboot,Police Officer,85071.32,59942.54,2220.89,30911.76,147234.75,178146.51,2016
Gary P Blos Ii,Plumber,104976.81,33197.83,2093.9,37330.33,140268.54,177598.87,2016
Gary V Peachey,Police Officer 3,121198.14,16861.89,2080.87,35398.89,140140.9,175539.79,2016
Gary A Cozzi,Manager II,134379.83,0.0,0.0,39674.76,134379.83,174054.59,2016
Gary Dito,Firefighter,114898.98,54.77,18313.07,38722.1,133266.82,171988.92,2016
Gary L Hall,Maintenance Controller,102446.5,16702.96,15276.98,37337.78,134426.44,171764.22,2016
Gary P Gazzano,Plumber,104976.83,16557.36,6312.77,37044.26,127846.96,164891.22,2016
Gary Gee Lee,"Stationary Eng, Sewage Plant",99271.5,26824.29,2752.37,33186.21,128848.16,162034.37,2016
Gary D Clifton,Electrical Inspector,117392.2,687.03,2347.84,37716.98,120427.07,158144.05,2016
Gary M Levene,"Sr Sprv Prob Ofc, Juv Prob",121744.83,0.0,0.0,36012.2,121744.83,157757.03,2016
Gary A Fleming,Eng/Arch/Landscape Arch Sr,118573.05,0.0,3686.9,31105.01,122259.95,153364.96,2016
Gary L Bates,Accountant IV,118314.31,0.0,0.0,34512.26,118314.31,152826.57,2016
Gary K Fong,Auto Body&Fender Wrk Asst Sprv,102446.5,3448.24,10184.65,36370.62,116079.39,152450.01,2016
Gary D Donohoe,Truck Driver,83902.01,37118.73,1107.4,30275.61,122128.14,152403.75,2016
Gary Trubin,Deputy Sheriff,102164.81,3511.64,3870.05,42492.86,109546.5,152039.36,2016
Gary S Godfrey,Plumber,104976.83,8941.64,1020.0,36095.34,114938.47,151033.81,2016
Gary A Merritt,Transit Operator,72130.18,41994.66,1534.69,31284.59,115659.53,146944.12,2016
Gary A Silvestri,Fusion Welder,103434.32,0.0,6784.43,36218.11,110218.75,146436.86,2016
Gary L Lowman,Plumber,104976.81,3460.93,1100.0,36101.33,109537.74,145639.07,2016
Gary R Maestas,Transit Operator,70146.14,37271.95,6100.65,31432.86,113518.74,144951.6,2016
Gary Simpson,Deputy Probation Officer,103806.8,147.49,0.0,38369.22,103954.29,142323.51,2016
Gary M Najarian,Health Program Coordinator 3,105741.1,0.0,0.0,33636.02,105741.1,139377.12,2016
Gary D Sourifman,Sr Public Defenders Invstgtor,105741.12,0.0,0.0,32611.72,105741.12,138352.84,2016
Gary H Hsieh,Assistant Engineer,104664.92,0.0,0.0,33423.06,104664.92,138087.98,2016
Gary Ouyang,Transit Operator,73317.49,21388.73,8140.9,33238.4,102847.12,136085.52,2016
Gary L Scherer,"Sr Marriage, Fam & Cld Cnslr",101420.2,0.0,624.0,31925.95,102044.2,133970.15,2016
Gary W Chen,IS Business Analyst,100950.42,0.0,0.0,31798.11,100950.42,132748.53,2016
Gary S Hughes,Pile Worker,96133.7,1097.29,2080.0,32974.02,99310.99,132285.01,2016
Gary M Oto,Utility Specialist,101462.05,0.0,0.0,30756.84,101462.05,132218.89,2016
Gary Y Wong,IT Operations Support Admn III,93045.34,0.0,6072.86,30317.81,99118.2,129436.01,2016
Gary W Johnson,"Marriage, Family & Child Cnslr",97094.06,0.0,0.0,30997.41,97094.06,128091.47,2016
Gary L Love,Senior Administrative Analyst,95929.22,0.0,0.0,31694.39,95929.22,127623.61,2016
Gary L Mingo,Truck Driver,82512.03,1806.31,9341.22,32496.61,93659.56,126156.17,2016
Gary Mar,Electrical Transit System Mech,84957.28,1741.2,7170.37,32129.77,93868.85,125998.62,2016
Gary Espina,IT Operations Support Admn III,93045.31,0.0,0.0,30300.11,93045.31,123345.42,2016
Gary G Williams,Ornamental Iron Worker,87186.65,1278.75,2452.0,32294.93,90917.4,123212.33,2016
Gary R Cantara,Legal Assistant,86976.81,5898.05,0.0,29164.23,92874.86,122039.09,2016
Joseph Gary Bell,Eligibility Worker Supervisor,88925.02,0.0,45.0,29457.99,88970.02,118428.01,2016
Gary A Gee,Construction Inspector,86267.38,2379.3,0.0,28720.51,88646.68,117367.19,2016
Gary Mcarthur,Automotive Mechanic,85136.43,0.0,0.0,32123.26,85136.43,117259.69,2016
Gary A Coots,Psychiatric Technician,67124.0,17625.34,4576.23,24869.98,89325.57,114195.55,2016
Gary V Tran,Community Police Services Aide,70127.64,10488.39,5696.44,27627.46,86312.47,113939.93,2016
Gary K Sakita,Respiratory Care Practitioner,79925.92,5143.55,200.0,28456.94,85269.47,113726.41,2016
Gary M Lazar,IS Engineer-Journey,71269.4,0.0,21102.93,20505.49,92372.33,112877.82,2016
Gary Chu,Electrical Transit System Mech,71645.4,10320.17,0.0,27509.64,81965.57,109475.21,2016
Gary K Wilson,Parking Control Officer,57381.4,22089.12,1747.4,26045.09,81217.92,107263.01,2016
Gary Huey,Senior Collections Officer,78121.6,0.0,624.0,27519.2,78745.6,106264.8,2016
Gary R Farr,Transit Car Cleaner,62905.9,4189.99,9228.05,26755.04,76323.94,103078.98,2016
Gary Yip,Parts Storekeeper,69318.42,1723.87,624.0,25836.24,71666.29,97502.53,2016
Gary W Orr,Sign Worker,65548.39,4840.55,0.0,25730.58,70388.94,96119.52,2016
Gary M Nail,Gardener,67871.56,0.0,60.75,24359.22,67932.31,92291.53,2016
Gary L Hendershott,General Laborer,65745.57,0.0,1117.8,24180.36,66863.37,91043.73,2016
Gary M Nance Jr,Transit Operator,50929.79,11041.89,1035.07,26065.68,63006.75,89072.43,2016
Gary M Loo,Police Officer,63362.31,2112.26,314.31,22756.95,65788.88,88545.83,2016
Gary G Fitzgerald,Parts Storekeeper,61185.4,594.68,1392.0,24147.3,63172.08,87319.38,2016
Gary Ceccarelli,Gardener,62430.07,757.66,643.54,22556.74,63831.27,86388.01,2016
Gary Lewis,Custodian,58863.31,2385.3,0.0,23759.45,61248.61,85008.06,2016
Gary Law,Custodian,58863.3,1369.5,624.0,23873.48,60856.8,84730.28,2016
Gary Chen,Food Service Worker,53520.0,4439.16,1173.11,24567.23,59132.27,83699.5,2016
Gary K Hom,Junior Administrative Analyst,57670.51,0.0,0.0,25051.89,57670.51,82722.4,2016
Erica V Mcgary,Health Worker 2,52700.84,2165.3,436.91,19448.84,55303.05,74751.89,2016
Gary L Gainey,Plumber,53262.8,1371.39,0.0,8723.9,54634.19,63358.09,2016
Gary Y Chan Jr,Transit Operator,35820.76,2094.82,1631.58,20022.73,39547.16,59569.89,2016
Gary W Lee,Window Cleaner,33301.48,0.0,4574.94,12390.98,37876.42,50267.4,2016
Gary Stephens,Community Police Services Aide,31696.01,1598.59,842.4,13171.18,34137.0,47308.18,2016
Gary G Franzella,Manager VI,12621.23,0.0,0.0,9268.71,12621.23,21889.94,2016
Gary K Freed,"Electrl Trnst Mech, Asst Sprv",7746.01,2560.72,7719.7,2781.82,18026.43,20808.25,2016
Gary B Bozman,Transit Operator,11530.88,634.85,165.28,6212.8,12331.01,18543.81,2016
Gary D Brooks,Transit Operator,11469.46,534.03,153.86,6176.65,12157.35,18334.0,2016
Gary L Mitchell,Recreation Leader,12491.08,0.0,279.62,4761.98,12770.7,17532.68,2016
Gary S Weiner,PS Aide to Prof,5656.96,2936.65,303.75,1658.09,8897.36,10555.45,2016
Gary K. M. Wong,Junior Clerk,1816.88,492.07,0.0,566.53,2308.95,2875.48,2016
Gary L Hodge,School Crossing Guard,768.4,0.0,0.0,306.69,768.4,1075.09,2016
Gary Lo,Junior Clerk,374.85,203.04,0.0,114.47,577.89,692.36,2016
Gary K Noda,Sheriff's Lieutenant,141627.01,99751.55,32113.92,60487.87,273492.48,333980.35,2017
Gary L Altenberg,"Lieutenant, Fire Suppression",136148.73,75876.04,30881.9,47446.94,242906.67,290353.61,2017
Kerstin F Magary,"Manager VIII, MTA",199818.86,0.0,0.0,55124.63,199818.86,254943.49,2017
Gary J Moriyama,Police Officer 3,123790.78,51725.48,19549.04,37560.04,195065.3,232625.34,2017
Gary S Ho,Eng/Arch/Landscape Arch Sr,163796.0,0.0,7432.26,46443.6,171228.26,217671.86,2017
Gary G Brandau,Project Manager 2,167886.0,0.0,0.0,46811.03,167886.0,214697.03,2017
Gary G Buckner Jr,Sergeant 3,151388.22,8642.57,1874.9,47731.7,161905.69,209637.39,2017
Gary S Chang,Eng/Arch/Landscape Arch Sr,158979.16,0.0,6275.67,44215.39,165254.83,209470.22,2017
Gary L Price,IS Project Director,153810.02,0.0,0.0,44104.45,153810.02,197914.47,2017
Gary Kunaboot,Police Officer 2,89422.28,67628.06,889.45,33230.96,157939.79,191170.75,2017
Gary A Cozzi,Manager II,139436.02,0.0,0.0,44318.54,139436.02,183754.56,2017
Gary V Peachey,Police Officer 3,123614.17,16140.29,5042.55,37362.85,144797.01,182159.86,2017
Gary Cheng,Police Officer 3,123614.18,11996.06,7473.94,37362.26,143084.18,180446.44,2017
Gary Dito,Firefighter,116078.76,0.0,23056.18,41292.35,139134.94,180427.29,2017
Gary M Levene,"Sr Sprv Prob Ofc, Juv Prob",131164.01,0.0,0.0,49079.03,131164.01,180243.04,2017
Gary Gee Lee,"Stationary Eng, Sewage Plant",101008.66,39367.53,2617.35,35325.67,142993.54,178319.21,2017
Gary P Blos Ii,Plumber,108232.01,22866.74,1703.31,39138.77,132802.06,171940.83,2017
Gary P Gazzano,Plumber,108232.02,17351.32,6818.36,39298.88,132401.7,171700.58,2017
Gary L Hall,Maintenance Controller,105624.01,11653.23,13104.0,38849.33,130381.24,169230.57,2017
Gary A Merritt,Transit Operator,78846.18,54118.49,2353.12,31496.29,135317.79,166814.08,2017
Gary M Oto,Utility Specialist,127725.83,0.0,0.0,38095.16,127725.83,165820.99,2017
Gary L Bates,Accountant IV,121970.07,0.0,0.0,37167.93,121970.07,159138.0,2017
Gary Simpson,Sprv Adult Probation Ofc,115140.0,228.43,0.0,43104.0,115368.43,158472.43,2017
Gary S Godfrey,Plumber,108232.04,8981.84,1000.0,38233.13,118213.88,156447.01,2017
Gary Trubin,Deputy Sheriff,106349.0,967.66,3775.63,43701.37,111092.29,154793.66,2017
Gary R Maestas,Transit Operator,75886.56,39552.91,5116.52,30829.52,120555.99,151385.51,2017
Gary Chu,Electrical Transit System Mech,91451.61,24179.48,0.0,35225.62,115631.09,150856.71,2017
Gary L Lowman,Plumber,108232.04,1616.74,950.0,38186.99,110798.78,148985.77,2017
Gary Ouyang,Transit Operator,80549.8,22765.79,9628.39,33435.39,112943.98,146379.37,2017
Gary M Najarian,Health Program Coordinator 3,109050.01,0.0,0.0,35936.3,109050.01,144986.31,2017
Gary D Sourifman,Sr Public Defenders Invstgtor,109050.01,0.0,0.0,35356.36,109050.01,144406.37,2017
Gary H Hsieh,Assistant Engineer,107920.08,0.0,0.0,35709.91,107920.08,143629.99,2017
Gary D Donohoe,Truck Driver,85693.29,15225.42,6416.12,34336.03,107334.83,141670.86,2017
Gary L Scherer,"Sr Marriage, Fam & Cld Cnslr",104544.0,0.0,624.0,34599.63,105168.0,139767.63,2017
Gary G. Chu,IS Engineer-Assistant,104398.3,0.0,0.0,35016.15,104398.3,139414.45,2017
Gary A Coots,Psychiatric Technician,80030.04,21859.67,6346.52,30789.82,108236.23,139026.05,2017
Gary L Love,Senior Administrative Analyst,103746.0,0.0,0.0,34875.29,103746.0,138621.29,2017
Gary S Hughes,Pile Worker,99116.01,0.0,1570.0,34728.23,100686.01,135414.24,2017
Gary Y Wong,IT Operations Support Admn III,96026.0,0.0,6255.15,32741.46,102281.15,135022.61,2017
Gary W Johnson,"Marriage, Family & Child Cnslr",100142.07,0.0,0.0,33654.91,100142.07,133796.98,2017
Gary L Mingo,Truck Driver,88014.16,491.26,9619.85,34730.63,98125.27,132855.9,2017
Gary M Loo,Police Officer,83786.09,12580.14,2068.6,31533.53,98434.83,129968.36,2017
Gary W Chen,IS Business Analyst,97557.21,0.0,0.0,32163.32,97557.21,129720.53,2017
Gary K Sakita,Respiratory Care Practitioner,82716.01,15259.16,200.0,30948.17,98175.17,129123.34,2017
Gary Espina,IT Operations Support Admn III,96026.02,0.0,0.0,32718.93,96026.02,128744.95,2017
Gary Mar,Electrical Transit System Mech,91808.0,693.7,588.2,34651.29,93089.9,127741.19,2017
Gary R Cantara,Legal Assistant,89702.04,5902.95,0.0,31514.85,95604.99,127119.84,2017
Joseph Gary Bell,Eligibility Worker Supervisor,91702.0,0.0,75.0,32031.05,91777.0,123808.05,2017
Gary Mcarthur,Automotive Mechanic,87770.02,0.0,0.0,33800.93,87770.02,121570.95,2017
Gary D Clifton,Electrical Inspector,91534.66,359.39,1830.63,18368.91,93724.68,112093.59,2017
Gary R Farr,Transit Car Cleaner,67406.01,15700.65,972.7,27916.65,84079.36,111996.01,2017
Gary Huey,Senior Collections Officer,80560.01,0.0,624.0,29969.96,81184.01,111153.97,2017
Gary K Wilson,Parking Control Officer,62098.99,17889.6,2710.49,27690.24,82699.08,110389.32,2017
Gary V Tran,Community Police Services Aide,67194.19,6963.91,5463.74,27758.42,79621.84,107380.26,2017
Gary Yip,Parts Storekeeper,71458.01,4730.46,624.0,28203.48,76812.47,105015.95,2017
Gary W Orr,Sign Worker,70942.06,5818.33,0.0,27624.98,76760.39,104385.37,2017
Gary K Fong,Auto Body&Fender Wrk Asst Sprv,55776.0,205.43,27549.36,20069.2,83530.79,103599.99,2017
Gary M Nance Jr,Transit Operator,62378.09,9645.51,697.21,28240.95,72720.81,100961.76,2017
Gary Ceccarelli,Gardener,69193.47,3849.29,850.52,26834.12,73893.28,100727.4,2017
Gary M Nail,Gardener,70773.21,0.0,149.73,27283.09,70922.94,98206.03,2017
Gary L Gainey,Plumber,57484.01,9726.09,9855.0,20517.81,77065.1,97582.91,2017
Gary L Hendershott,General Laborer,65430.54,0.0,1189.9,25872.13,66620.44,92492.57,2017
Gary Stephens,Community Police Services Aide,61410.57,2090.19,1605.27,26831.29,65106.03,91937.32,2017
Gary A Gee,Assistant Const Inspector,67860.62,0.0,0.0,23857.12,67860.62,91717.74,2017
Gary K Hom,Junior Administrative Analyst,62421.71,0.0,0.0,26722.81,62421.71,89144.52,2017
Gary Law,Custodian,60706.0,1432.8,624.0,26117.27,62762.8,88880.07,2017
Gary Lewis,Custodian,60706.0,2093.4,0.0,25998.21,62799.4,88797.61,2017
Gary Y Chan Jr,Parking Control Officer,54004.58,5343.1,1663.23,27734.07,61010.91,88744.98,2017
Gary Chen,Food Service Worker,55200.0,3760.47,1343.62,26810.31,60304.09,87114.4,2017
Erica V Mcgary,Health Worker 2,57043.73,0.0,182.08,27316.84,57225.81,84542.65,2017
Gary B Bozman,Cook,50882.81,5609.52,1030.14,26986.79,57522.47,84509.26,2017
Gary D Brooks,Transit Operator,46242.2,3911.06,2078.59,25031.53,52231.85,77263.38,2017
Gary G Williams,Ornamental Iron Worker,40920.02,2813.25,12779.52,16440.41,56512.79,72953.2,2017
Gary K. M. Wong,Hospital Eligibility Worker,26869.0,29464.02,2444.03,12587.38,58777.05,71364.43,2017
Gary A Silvestri,Fusion Welder,3978.29,0.0,16112.31,1369.34,20090.6,21459.94,2017
Gary Lawton Jr,Public Svc Aide-Public Works,13375.0,0.0,0.0,171.81,13375.0,13546.81,2017
Gary G Fitzgerald,Parts Storekeeper,0.0,0.0,13159.79,0.0,13159.79,13159.79,2017
Gary W Chen,Human Resources Analyst,7806.86,0.0,0.0,3221.02,7806.86,11027.88,2017
Gary S Weiner,PS Aide to Prof,7694.02,2711.28,211.25,40.54,10616.55,10657.09,2017
Gary L Mitchell,Recreation Facility Assistant,10221.86,0.0,221.94,104.44,10443.8,10548.24,2017
Gary L Altenberg,"Lieutenant, Fire Suppression",139725.94,138846.6,34520.14,50801.09,313092.68,363893.77,2018
Gary K Noda,Sheriff's Lieutenant,150992.01,118099.48,16215.99,73641.26,285307.48,358948.74,2018
Kerstin F Magary,"Manager VIII, MTA",201642.34,0.0,0.0,48012.96,201642.34,249655.3,2018
Gary J Moriyama,Police Officer 3,129011.69,54573.47,25635.77,39701.81,209220.93,248922.74,2018
Gary S Ho,Eng/Arch/Landscape Arch Sr,173418.0,0.0,17809.92,51955.35,191227.92,243183.27,2018
Gary S Chang,Eng/Arch/Landscape Arch Sr,173418.01,0.0,6874.83,49166.94,180292.84,229459.78,2018
Gary Kunaboot,Police Officer 2,105755.81,81404.05,1101.46,36993.08,188261.32,225254.4,2018
Gary G Brandau,Project Manager 2,172924.0,0.0,0.0,49081.43,172924.0,222005.43,2018
Gary G Buckner Jr,Sergeant 3,149190.39,11481.46,4236.26,44665.81,164908.11,209573.92,2018
Gary L Price,IS Project Director,158420.05,0.0,0.0,46224.33,158420.05,204644.38,2018
Gary Chu,Electrical Transit System Mech,94537.3,67193.09,230.0,37191.4,161960.39,199151.79,2018
Gary Cheng,Police Officer 3,127405.89,20501.32,9014.02,39379.41,156921.23,196300.64,2018
Gary L Hall,Maintenance Controller,108780.0,26450.83,16263.41,41226.28,151494.24,192720.52,2018
Gary Dito,Firefighter,120032.53,1310.24,24112.42,43600.79,145455.19,189055.98,2018
Gary V Peachey,Police Officer 3,127222.14,15064.53,3401.36,39513.72,145688.03,185201.75,2018
Gary A Cozzi,Manager II,143526.04,0.0,0.0,36967.54,143526.04,180493.58,2018
Gary M Levene,"Sr Sprv Prob Ofc, Juv Prob",136598.03,0.0,0.0,43086.39,136598.03,179684.42,2018
Gary P Blos Ii,Plumber,111478.07,25460.42,1718.84,40853.79,138657.33,179511.12,2018
Gary Gee Lee,"Sr. Stationary Eng, Sew Plant",116815.1,17695.33,2853.05,39662.93,137363.48,177026.41,2018
Gary S Godfrey,Plumber,111478.02,22527.05,1983.0,40475.92,135988.07,176463.99,2018
Gary Simpson,Sprv Adult Probation Ofc,122918.01,0.0,0.0,52713.07,122918.01,175631.08,2018
Gary A Merritt,Transit Operator,82206.96,55776.72,2972.89,33820.84,140956.57,174777.41,2018
Gary P Gazzano,Plumber,111478.01,11158.47,7310.08,41313.43,129946.56,171259.99,2018
Gary Trubin,Deputy Sheriff,109823.26,3350.33,4545.26,51475.09,117718.85,169193.94,2018
Gary L Bates,Accountant IV,125632.06,0.0,0.0,39253.16,125632.06,164885.22,2018
Gary M Loo,Police Officer,89205.97,38317.44,2581.76,33645.04,130105.17,163750.21,2018
Gary D Clifton,Electrical Inspector,122293.5,10545.65,2445.87,25040.06,135285.02,160325.08,2018
Gary G. Chu,IS Engineer-Assistant,114460.8,0.0,0.0,38050.05,114460.8,152510.85,2018
Gary M Najarian,Health Program Coordinator 3,112322.01,0.0,0.0,37612.86,112322.01,149934.87,2018
Gary L Love,Senior Administrative Analyst,112224.4,0.0,0.0,37592.92,112224.4,149817.32,2018
Gary D Sourifman,Sr Public Defenders Invstgtor,112322.04,0.0,0.0,37323.57,112322.04,149645.61,2018
Gary H Hsieh,Assistant Engineer,111166.04,0.0,0.0,37375.75,111166.04,148541.79,2018
Gary Ouyang,Transit Operator,82602.44,19991.16,10287.79,35196.9,112881.39,148078.29,2018
Gary L Mingo,Truck Driver,90460.09,9791.79,10987.1,36463.83,111238.98,147702.81,2018
Gary R Maestas,Transit Operator,76355.67,33138.31,5570.25,31848.3,115064.23,146912.53,2018
Gary W Chen,IS Business Analyst,107206.02,0.0,0.0,36153.28,107206.02,143359.3,2018
Gary S Hughes,Pile Worker,102090.06,0.0,2100.0,37897.57,104190.06,142087.63,2018
Gary W Johnson,"Marriage, Family & Child Cnslr",103142.08,0.0,264.0,34921.65,103406.08,138327.73,2018
Gary R Cantara,Legal Assistant,94892.0,7300.07,0.0,33720.71,102192.07,135912.78,2018
Gary Y Wong,IT Operations Support Admn III,98908.0,0.0,1750.9,34494.17,100658.9,135153.07,2018
Gary M Oto,Utility Specialist,103492.06,0.0,0.0,31125.07,103492.06,134617.13,2018
Gary Espina,IT Operations Support Admn III,98908.03,0.0,0.0,34482.89,98908.03,133390.92,2018
Gary A Coots,Psychiatric Technician,81769.55,10839.71,6251.69,33022.43,98860.95,131883.38,2018
Gary Mar,Electrical Transit System Mech,94548.0,271.32,530.0,36220.63,95349.32,131569.95,2018
Joseph Gary Bell,Eligibility Worker Supervisor,94442.01,0.0,45.0,34926.16,94487.01,129413.17,2018
Gary A Gee,Assistant Const Inspector,92390.53,0.0,0.0,33171.18,92390.53,125561.71,2018
Gary K Sakita,Respiratory Care Practitioner,85186.3,0.0,0.0,31585.96,85186.3,116772.26,2018
Gary K Wilson,Parking Control Officer,67183.52,15860.77,1995.2,29778.78,85039.49,114818.27,2018
Gary W Orr,Traffic Survey Technician,80985.31,2885.55,0.0,30538.61,83870.86,114409.47,2018
Gary V Tran,Community Police Services Aide,72339.85,4405.82,5972.56,29935.29,82718.23,112653.52,2018
Gary Ceccarelli,Gardener,73120.09,9822.34,939.76,28710.52,83882.19,112592.71,2018
Gary Huey,Senior Collections Officer,80463.54,0.0,605.4,30008.79,81068.94,111077.73,2018
Gary R Farr,Transit Car Cleaner,69160.7,11574.73,933.66,29048.15,81669.09,110717.24,2018
Gary K Hom,Administrative Analyst,76114.03,0.0,0.0,29717.7,76114.03,105831.73,2018
Gary Waikit Auyeung,Automotive Mechanic,57848.02,13158.76,10649.52,24154.19,81656.3,105810.49,2018
Gary K. M. Wong,Hospital Eligibility Worker,49407.09,25985.84,3987.76,22354.71,79380.69,101735.4,2018
Gary M Nail,Gardener,73120.01,0.0,0.0,28458.89,73120.01,101578.9,2018
Gary L Hendershott,General Laborer,70070.5,0.0,1143.45,27960.61,71213.95,99174.56,2018
Gary Y Chan Jr,Parking Control Officer,54284.01,13147.62,2214.33,29043.58,69645.96,98689.54,2018
Gary L Scherer,"Sr Marriage, Fam & Cld Cnslr",57190.02,0.0,18801.85,19489.66,75991.87,95481.53,2018
Gary W Chen,Human Resources Analyst,68059.85,0.0,0.0,27229.35,68059.85,95289.2,2018
Gary Chen,Food Service Worker,56855.5,4945.52,1365.27,29155.5,63166.29,92321.79,2018
Gary Law,Custodian,62516.9,1106.55,624.0,27663.37,64247.45,91910.82,2018
Gary Lewis,Custodian,62516.9,1403.19,288.0,27597.45,64208.09,91805.54,2018
Gary B Bozman,Transit Operator,53277.21,9660.9,1167.74,27027.55,64105.85,91133.4,2018
Erica V Mcgary,Health Worker 2,61325.61,0.0,11.68,26904.54,61337.29,88241.83,2018
Gary D Donohoe,Truck Driver,39570.32,3501.8,3757.76,24019.29,46829.88,70849.17,2018
Gary Mcarthur,Automotive Mechanic,32357.0,0.0,17030.0,12733.65,49387.0,62120.65,2018
Gary D Brooks,Transit Operator,33744.11,1297.32,903.37,17517.34,35944.8,53462.14,2018
Gary M Nance Jr,Transit Operator,25113.0,5276.24,380.73,22354.52,30769.97,53124.49,2018
Gary L Lowman,Plumber,29603.01,0.0,2377.76,11083.25,31980.77,43064.02,2018
Gary Stephens,Community Police Services Aide,24078.18,471.07,1596.39,10321.49,26145.64,36467.13,2018
Gary Yip,Parts Storekeeper,15356.0,0.0,4145.85,7855.91,19501.85,27357.76,2018
Gary G Franzella,Manager VI,0.0,0.0,24099.67,2044.89,24099.67,26144.56,2018
Gary D Venegas,Senior Clerk,14480.46,112.22,251.88,7572.84,14844.56,22417.4,2018
Gary T Lai,Public Svc Aide-Public Works,8390.25,0.0,0.0,107.42,8390.25,8497.67,2018
Gary Lawton Jr,Public Svc Aide-Public Works,3357.75,0.0,0.0,158.33,3357.75,3516.08,2018
Gary M Poon,School Crossing Guard,3279.52,0.0,0.0,32.82,3279.52,3312.34,2018
Gary L Mitchell,Recreation Facility Assistant,2677.15,0.0,42.49,27.19,2719.64,2746.83,2018
Gary S Weiner,Junior Clerk,769.91,70.27,127.64,4.39,967.82,972.21,2018
