EmployeeName,JobTitle,BasePay,OvertimePay,OtherPay,Benefits,TotalPay,TotalPayBenefits,Year
PATRICIA JACKSON,CAPTAIN III (POLICE DEPARTMENT),99722.0,87082.62,110804.3,,297608.92,297608.92,2011
JACKSON WONG,DEPUTY DIRECTOR V,219804.34,0.0,0.0,,219804.34,219804.34,2011
DERRICK JACKSON,SERGEANT II (POLICE DEPARTMENT),128147.09,28395.71,25920.06,,182462.86,182462.86,2011
ETHAN JACKSON,"LIEUTENANT, FIRE DEPARTMENT",123105.02,17118.46,15667.93,,155891.41,155891.41,2011
DAMON JACKSON,POLICE OFFICER III,112421.46,25454.75,9889.54,,147765.75,147765.75,2011
DEBORAH JACKSON,TRANSIT SUPERVISOR,88049.31,47413.36,8568.31,,144030.98,144030.98,2011
WILLIAM JACKSON,"INSPECTOR, BUREAU OF FIRE PREVENTION AND PUBLIC SA",126968.06,0.0,15400.75,,142368.81,142368.81,2011
JENNIFER JACKSON,SERGEANT III (POLICE DEPARTMENT),130476.4,3609.95,7821.19,,141907.54,141907.54,2011
DONALD JACKSON II,POLICE OFFICER III,111083.08,6706.11,19457.37,,137246.56,137246.56,2011
JASON JACKSON,SHERIFF'S LIEUTENANT,121628.63,2933.54,10854.42,,135416.59,135416.59,2011
RONDAA JACKSON,TRANSIT OPERATOR,67609.36,59068.49,4528.18,,131206.03,131206.03,2011
JO-THERESA ELIAS-JACKSON,IS BUSINESS ANALYST - PRINCIPAL,115817.07,0.0,4506.8,,120323.87,120323.87,2011
SHAWN JACKSON,POLICE OFFICER II,109768.92,7125.0,2553.16,,119447.08,119447.08,2011
VAN JACKSON,ASSISTANT CHIEF DISTRICT ATTORNEY'S INVESTIGATOR,108486.9,3898.05,6509.65,,118894.6,118894.6,2011
BRANDI JACKSON,REGISTERED NURSE,105192.11,7483.22,4659.39,,117334.72,117334.72,2011
TORI JACKSON,DEPUTY SHERIFF,84502.01,22868.57,7000.05,,114370.63,114370.63,2011
DAVID JACKSON,CRIMINALIST II,101418.02,12812.51,7.78,,114238.31,114238.31,2011
DEMITRIS JACKSON,"STATION AGENT, MUNICIPAL RAILWAY",73457.64,38981.53,1610.56,,114049.73,114049.73,2011
RYAN JACKSON,ELECTRICIAN,85365.9,26545.23,1375.4,,113286.53,113286.53,2011
LEON JACKSON,POLICE OFFICER II,107202.88,2752.36,2873.21,,112828.45,112828.45,2011
TJADE JACKSON,MANAGER I,106715.62,0.0,0.0,,106715.62,106715.62,2011
REBECCA JACKSON,MANAGER I,106506.16,0.0,0.0,,106506.16,106506.16,2011
ANTHONY JACKSON JR,TRANSIT CAR CLEANER,56334.05,37011.08,7825.15,,101170.28,101170.28,2011
RAYMOND JACKSON,PLUMBER,90098.4,5350.04,4566.82,,100015.26,100015.26,2011
DAWN JACKSON,IS ENGINEER - SENIOR,97136.7,0.0,1978.23,,99114.93,99114.93,2011
DONALD JACKSON,DEPUTY SHERIFF,86710.99,4736.12,4849.6,,96296.71,96296.71,2011
LAURA OREILLY-JACKSON,PUBLIC SAFETY COMMUNICATIONS DISPATCHER,77934.79,7299.07,9595.4,,94829.26,94829.26,2011
CEDRIC JACKSON,SENIOR ADMINISTRATIVE ANALYST,91118.03,0.0,179.88,,91297.91,91297.91,2011
STEVE JACKSON,CONSTRUCTION INSPECTOR,90664.01,523.95,0.0,,91187.96,91187.96,2011
SHAMICA JACKSON,SENIOR ADMINISTRATIVE ANALYST,90360.03,0.0,0.0,,90360.03,90360.03,2011
TARIQ JACKSON,DEPUTY SHERIFF,80834.0,7804.33,825.36,,89463.69,89463.69,2011
KEVIN JACKSON,TREE TOPPER SUPERVISOR I,81009.07,6487.48,1484.43,,88980.98,88980.98,2011
LILLER JACKSON,"COUNSELOR, LOG CABIN RANCH",65509.79,15862.68,7257.12,,88629.59,88629.59,2011
JACKSON GEE,ASSISTANT CHIEF VICTIM/WITNESS INVESTIGATOR,87694.22,0.0,0.0,,87694.22,87694.22,2011
RAYNELL JACKSON,SENIOR PERSONNEL ANALYST,85639.02,0.0,0.0,,85639.02,85639.02,2011
FELECIA JACKSON,NURSING ASSISTANT,58530.62,20439.95,5931.83,,84902.4,84902.4,2011
EDDIE JACKSON,AUTOMOTIVE MECHANIC,75705.7,3452.79,5302.95,,84461.44,84461.44,2011
MICHAEL JACKSON,TRANSIT OPERATOR,66272.68,15969.16,1003.17,,83245.01,83245.01,2011
GLORIA JACKSON,TRANSIT OPERATOR,65396.53,16730.04,682.96,,82809.53,82809.53,2011
RICKY JACKSON JR,DEPUTY SHERIFF,73458.84,1434.1,7809.6,,82702.54,82702.54,2011
SHEILA DAVIS-JACKSON,HEALTH PROGRAM COORDINATOR II,81078.06,0.0,40.0,,81118.06,81118.06,2011
KELLY JACKSON,SENIOR ADMINISTRATIVE ANALYST,80293.43,0.0,0.0,,80293.43,80293.43,2011
JACKSON HOLLAND,PUBLIC DEFENDER'S INVESTIGATOR,79970.75,0.0,0.0,,79970.75,79970.75,2011
LAUREN JACKSON,DEPUTY SHERIFF,69946.83,5056.3,4494.83,,79497.96,79497.96,2011
BARBARA JACKSON,SENIOR CENTRAL PROCESSING AND DISTRIBUTION TECHNIC,77246.42,762.83,824.0,,78833.25,78833.25,2011
JACKSON LAU,TRANSIT OPERATOR,64956.7,10147.45,168.8,,75272.95,75272.95,2011
FLOYD JACKSON JR,TRANSIT OPERATOR,66308.74,4298.49,2922.45,,73529.68,73529.68,2011
WALTER JACKSON JR,TRANSIT OPERATOR,64057.8,7385.41,325.42,,71768.63,71768.63,2011
JON JACKSON,LIBRARIAN I,70955.44,0.0,610.72,,71566.16,71566.16,2011
DEEDRA JACKSON,COMMUNITY DEVELOPMENT SPECIALIST,71092.35,0.0,0.0,,71092.35,71092.35,2011
DERWIN JACKSON,TRANSIT OPERATOR,62960.43,6216.59,41.47,,69218.49,69218.49,2011
JENEE JACKSON,PERSONNEL ANALYST,65124.41,0.0,0.0,,65124.41,65124.41,2011
ANITHA JACKSON,X-RAY LABORATORY AIDE,59058.5,3956.64,200.0,,63215.14,63215.14,2011
ROBERT JACKSON,IS OPERATOR - SENIOR,58580.16,962.05,0.0,,59542.21,59542.21,2011
JACKSON ENG,TRANSIT OPERATOR,48689.42,10137.66,118.33,,58945.41,58945.41,2011
ADRIAN JACKSON,FINGERPRINT TECHNICIAN II,54755.81,2453.69,937.3,,58146.8,58146.8,2011
ERIKA JACKSON,PLANNER II,57109.35,0.0,0.0,,57109.35,57109.35,2011
BERNADETTE JACKSON,HUMAN SERVICES TECHNICIAN,56099.85,0.0,624.0,,56723.85,56723.85,2011
IVAN JACKSON SR,SENIOR LEGAL PROCESS CLERK,50841.27,1449.77,3517.73,,55808.77,55808.77,2011
DENNIS JACKSON,AUTOMOTIVE MECHANIC,41357.17,4706.06,7505.89,,53569.12,53569.12,2011
HARRIETTE JACKSON,SENIOR CLERK TYPIST,52915.41,0.0,624.0,,53539.41,53539.41,2011
LISA JACKSON,SENIOR CLERK TYPIST,52716.99,0.0,621.59,,53338.58,53338.58,2011
JACKSON SONG,CUSTODIAN,48472.4,1168.32,3606.47,,53247.19,53247.19,2011
CHARLENE JACKSON,PARKING CONTROL OFFICER,47258.41,4432.31,1317.01,,53007.73,53007.73,2011
NAKISHA JACKSON,ELIGIBILITY WORKER,52888.52,0.0,0.0,,52888.52,52888.52,2011
ANTHONY JACKSON,PORTER,48450.17,3274.1,682.6,,52406.87,52406.87,2011
WANDA JACKSON,TRANSIT OPERATOR,47179.75,1548.63,537.21,,49265.59,49265.59,2011
PRENTISS JACKSON,JUNIOR ADMINISTRATIVE ANALYST,48829.2,0.0,0.0,,48829.2,48829.2,2011
STEFANIE JACKSON,TRANSIT OPERATOR,39332.15,7214.2,1478.58,,48024.93,48024.93,2011
CHANETTA JACKSON,LIBRARIAN I,46518.72,0.0,1275.35,,47794.07,47794.07,2011
LEE JACKSON,HEALTH WORKER I,47055.85,456.04,0.0,,47511.89,47511.89,2011
CEDRIC JACKSON JR,SENIOR CLERK,43429.72,0.0,701.53,,44131.25,44131.25,2011
SHARON JACKSON,CHIEF DEPUTY ADULT PROBATION OFFICER,41117.1,0.0,0.0,,41117.1,41117.1,2011
GEORGIA JACKSON,HEALTH WORKER I,36585.01,0.0,0.0,,36585.01,36585.01,2011
MARION JACKSON,DISTRICT ATTORNEY'S INVESTIGATOR,35318.4,0.0,0.0,,35318.4,35318.4,2011
SUKIA JACKSON,TRANSIT OPERATOR,27648.6,2561.59,890.53,,31100.72,31100.72,2011
STEVEN JACKSON II,TRANSIT OPERATOR,30037.2,956.33,6.78,,31000.31,31000.31,2011
LINDA JACKSON,PSYCHIATRIC TECHNICIAN,23171.53,1602.12,1278.75,,26052.4,26052.4,2011
GEORGE JACKSON,RECREATION COORDINATOR,24929.42,0.0,0.0,,24929.42,24929.42,2011
BRANDI JACKSON,SPECIAL NURSE,19458.0,0.0,601.2,,20059.2,20059.2,2011
TERI JACKSON,SUPERIOR COURT JUDGE,9464.0,0.0,10009.92,,19473.92,19473.92,2011
GARFIELD JACKSON,TRANSIT OPERATOR,17594.33,867.51,926.54,,19388.38,19388.38,2011
KAVON JACKSON,UNIT CLERK,18168.66,0.0,200.0,,18368.66,18368.66,2011
EDDIE JACKSON,PLUMBER,18165.0,0.0,0.0,,18165.0,18165.0,2011
HEATHER JACKSON,REGISTERED NURSE,7078.32,1067.85,9965.59,,18111.76,18111.76,2011
JONI JACKSON,TRANSIT OPERATOR,17416.8,477.45,84.19,,17978.44,17978.44,2011
GLENN JACKSON,SENIOR ADMINISTRATIVE ANALYST,17244.0,0.0,0.0,,17244.0,17244.0,2011
DELRICCO JACKSON,PUBLIC SERVICE AIDE-HEALTH SERVICES,16148.65,0.0,0.0,,16148.65,16148.65,2011
JOHN JACKSON,LEGISLATIVE ASSISTANT,6310.0,0.0,4978.2,,11288.2,11288.2,2011
PATRICE JACKSON,"COUNSELOR, JUVENILE HALL",10869.22,0.0,266.32,,11135.54,11135.54,2011
KUZURI JACKSON,RECREATION LEADER,10667.18,0.0,139.01,,10806.19,10806.19,2011
NAJI JACKSON,RECREATION LEADER,9440.73,0.0,60.59,,9501.32,9501.32,2011
BERNADETTE JACKSON,SCHOOL CROSSING GUARD,7749.67,0.0,0.0,,7749.67,7749.67,2011
DORETHA JACKSON,SCHOOL CROSSING GUARD,7413.45,0.0,0.0,,7413.45,7413.45,2011
RENEE JACKSON,SCHOOL CROSSING GUARD,7357.21,0.0,0.0,,7357.21,7357.21,2011
JOVANA JACKSON,PUBLIC SERVICE AIDE-SPECIAL PROGRAMS,6155.24,0.0,0.0,,6155.24,6155.24,2011
DENISE JACKSON,HUMAN SERVICES TECHNICIAN,2099.0,65.59,3605.34,,5769.93,5769.93,2011
DERRICK JACKSON,PUBLIC SERVICE AIDE-SPECIAL PROGRAMS,3691.46,152.13,78.88,,3922.47,3922.47,2011
GLORIA JACKSON,HOME HEALTH AIDE,3855.0,0.0,41.12,,3896.12,3896.12,2011
GERALD JACKSON,PUBLIC SERVICE AIDE-SPECIAL PROGRAMS,3171.19,0.0,0.0,,3171.19,3171.19,2011
IVAN JACKSON JR,PUBLIC SERVICE AIDE-SPECIAL PROGRAMS,1531.47,173.31,982.57,,2687.35,2687.35,2011
SHANNON JACKSON,PUBLIC SERVICE AIDE-ASSISTANT TO PROFESSIONALS,2420.0,0.0,0.0,,2420.0,2420.0,2011
JACKSON PATTERSON,RECREATION LEADER,1821.46,0.0,109.2,,1930.66,1930.66,2011
RICHARD JACKSON,JUNIOR CLERK,1218.88,703.37,0.0,,1922.25,1922.25,2011
LINDA JACKSON,LIBRARY PAGE,1661.59,0.0,39.54,,1701.13,1701.13,2011
JERI JACKSON,RECREATION DIRECTOR,0.0,0.0,1686.4,,1686.4,1686.4,2011
JEFFREY JACKSON,JUNIOR CLERK,498.04,471.83,0.0,,969.87,969.87,2011
DEBRA JACKSON,SENIOR CLERK,0.0,0.0,277.15,,277.15,277.15,2011
DARRELL JACKSON,"COUNSELOR, JUVENILE HALL",0.0,0.0,179.56,,179.56,179.56,2011
Derrick Jackson,Sergeant 2,133534.32,55837.24,20063.84,38492.35,209435.4,247927.75,2012
Ethan Jackson,"Lieutenant, Fire Suppression",128808.89,52972.81,16101.16,43570.93,197882.86,241453.79,2012
Jennifer Jackson,Lieutenant 3,145764.01,5761.17,20630.94,39974.55,172156.12,212130.67,2012
William Jackson,"Insp, Fire Dept",132182.6,19472.03,13218.3,37121.85,164872.93,201994.78,2012
Damon Jackson,Police Officer 3,117162.68,34900.68,11132.82,35255.44,163196.18,198451.62,2012
Jason Jackson,Sheriff's Captain,136966.06,1257.4,11807.63,46722.84,150031.09,196753.93,2012
Donald Jackson II,Police Officer 3,117162.66,11237.1,11962.84,34622.97,140362.6,174985.57,2012
Shawn Jackson,Police Officer 2,114887.75,22559.74,819.55,34266.87,138267.04,172533.91,2012
Tori Jackson,Deputy Sheriff,88374.04,35008.37,10748.48,38144.22,134130.89,172275.11,2012
Jo-Theresa Elias-Jackson,IS Business Analyst-Principal,118586.0,0.0,262.8,44365.81,118848.8,163214.61,2012
Rebecca Jackson,Manager I,108640.09,0.0,3486.0,50409.65,112126.09,162535.74,2012
Van Jackson,Asst Chf Dist Atty's Invstgtor,114098.0,0.0,6845.52,39249.46,120943.52,160192.98,2012
Leon Jackson,Police Officer 2,114554.5,10496.36,819.41,34227.35,125870.27,160097.62,2012
Demitris Jackson,Transit Supervisor,77962.41,43625.2,1357.54,37041.82,122945.15,159986.97,2012
Rondaa Jackson,Transit Operator,65775.6,44261.19,5844.5,41362.26,115881.29,157243.55,2012
Ryan Jackson,Electrician,90284.1,18861.02,1638.15,39058.02,110783.27,149841.29,2012
David Jackson,Criminalist II,103766.02,3689.98,0.0,40410.09,107456.0,147866.09,2012
Laura O'Reilly-Jackson,Public SafetyComm Disp,82274.69,11769.76,9723.42,38259.0,103767.87,142026.87,2012
Anthony Jackson,Transit Car Cleaner,58233.56,33463.11,12055.83,33907.8,103752.5,137660.3,2012
Donald Jackson,Deputy Sheriff,88374.0,4219.89,6599.13,35967.74,99193.02,135160.76,2012
Tariq Jackson,Deputy Sheriff,79945.07,13330.79,6152.75,32665.43,99428.61,132094.04,2012
Raymond Jackson,Plumber,91733.26,0.0,2285.82,37406.46,94019.08,131425.54,2012
Jackson Gee,Asst Chf Victim/Wit Invstgtor,93191.52,0.0,0.0,38118.54,93191.52,131310.06,2012
Shamica Jackson,Senior Administrative Analyst,93236.02,0.0,0.0,37794.1,93236.02,131030.12,2012
Steve Jackson,Construction Inspector,92820.02,0.0,0.0,37556.24,92820.02,130376.26,2012
Cedric Jackson,Employment & Training Spec 3,90327.62,0.0,0.0,36769.0,90327.62,127096.62,2012
Kevin Jackson,Arborist Technician Supervisor,84310.34,1925.49,1226.82,37028.62,87462.65,124491.27,2012
Deborah Jackson,Transit Supervisor,56550.2,33475.68,5818.93,28380.08,95844.81,124224.89,2012
Gloria Jackson,Transit Operator,63375.3,23398.38,336.13,37029.81,87109.81,124139.62,2012
Kelly Jackson,Senior Administrative Analyst,86271.12,0.0,0.0,36441.4,86271.12,122712.52,2012
Dennis Jackson,Automotive Mechanic,71284.67,3844.59,12127.33,34919.19,87256.59,122175.78,2012
Liller Jackson,"Counselor, Log Cabin Ranch",68411.5,11511.73,7492.87,34314.09,87416.1,121730.19,2012
Jackson Holland,Public Defender's Investigator,85150.0,0.0,0.0,35881.22,85150.0,121031.22,2012
Ricky Jackson Jr,Deputy Sheriff,76401.51,3537.38,8411.91,32511.74,88350.8,120862.54,2012
Barbara Jackson,Sr Cent Proc & Dist Tech,82084.5,820.97,824.0,35241.63,83729.47,118971.1,2012
Eddie Jackson,Automotive Mechanic,75998.0,3069.16,5040.8,34817.82,84107.96,118925.78,2012
Sheila Davis-Jackson,Health Program Coordinator 2,82953.1,0.0,0.0,34905.07,82953.1,117858.17,2012
Michael Jackson,Transit Operator,64967.91,13505.12,2187.76,37029.45,80660.79,117690.24,2012
Jackson Lau,Transit Operator,65101.62,10911.57,977.56,37024.27,76990.75,114015.02,2012
Felecia Jackson,Nursing Assistant,60303.97,14401.26,6089.0,31869.23,80794.23,112663.46,2012
Walter Jackson Jr,Transit Operator,65074.74,8906.38,641.61,36302.96,74622.73,110925.69,2012
Jon Jackson,Librarian 1,76316.44,0.0,718.49,33817.4,77034.93,110852.33,2012
Deedra Jackson,Community Development Spec,75546.98,0.0,0.0,32847.9,75546.98,108394.88,2012
Jackson Wong,Dep Dir V,16908.0,0.0,80735.7,10478.56,97643.7,108122.26,2012
Derwin Jackson,Transit Operator,63557.45,6611.77,422.61,35103.6,70591.83,105695.43,2012
Jenee Jackson,Senior Personnel Analyst,73040.32,0.0,125.46,32460.61,73165.78,105626.39,2012
Adrian Jackson,Fingerprint Technician 2,61242.65,7859.2,4960.03,31429.73,74061.88,105491.61,2012
Lauren Jackson,Deputy Sheriff,61896.13,9170.27,7502.22,26722.17,78568.62,105290.79,2012
Glenn Jackson,Senior Administrative Analyst,79540.0,0.0,0.0,22554.42,79540.0,102094.42,2012
Joni Jackson,Transit Operator,63828.75,1637.08,310.73,35282.96,65776.56,101059.52,2012
Floyd Jackson,Transit Operator,66412.35,4081.06,2909.44,25157.26,73402.85,98560.11,2012
Sukia Jackson,Transit Operator,56345.21,3316.0,2220.54,33544.94,61881.75,95426.69,2012
Bernadette Jackson,Human Services Technician,59623.72,4335.88,624.0,30021.3,64583.6,94604.9,2012
Anitha Jackson,X-Ray Laboratory Aide,62167.29,1966.81,250.0,29815.82,64384.1,94199.92,2012
Nakisha Jackson,Eligibility Worker,58891.24,0.0,0.0,28392.64,58891.24,87283.88,2012
Lisa Jackson,Senior Clerk Typist,56237.12,0.0,624.0,29620.1,56861.12,86481.22,2012
Raynell Jackson,Senior Personnel Analyst,61200.55,0.0,222.95,24411.59,61423.5,85835.09,2012
Anthony Jackson,Porter,51502.9,6142.03,709.01,27327.81,58353.94,85681.75,2012
Jackson Song,Custodian,51493.54,91.97,3525.59,28577.03,55111.1,83688.13,2012
Sharon Jackson,Chief Deputy Adlt Probation Of,76684.69,0.0,0.0,6104.55,76684.69,82789.24,2012
Charlene Jackson,Parking Control Officer,49185.61,6010.92,908.11,25645.64,56104.64,81750.28,2012
Prentiss Jackson,Junior Administrative Analyst,53517.47,0.0,0.0,26471.7,53517.47,79989.17,2012
Lee Jackson,Health Worker 1,50023.0,140.32,0.0,27082.06,50163.32,77245.38,2012
Cedric Jackson Jr,Senior Clerk,48475.71,54.2,0.0,26666.75,48529.91,75196.66,2012
T'jade Jackson,Manager I,48834.78,0.0,3486.0,22055.8,52320.78,74376.58,2012
Brandi Jackson,Registered Nurse,43802.33,2011.74,9768.95,18441.44,55583.02,74024.46,2012
Eddie Jackson,Plumber,49635.87,3031.27,590.0,14839.35,53257.14,68096.49,2012
Michael Jackson,Transit Operator,37118.53,4481.67,2032.08,23188.86,43632.28,66821.14,2012
Robert Jackson,IS Operator-Senior,44828.65,45.22,0.0,21035.02,44873.87,65908.89,2012
Chanetta Jackson,Librarian 1,42741.58,0.0,1191.84,19043.48,43933.42,62976.9,2012
Georgia Jackson,Health Worker 1,40335.31,0.0,0.0,21811.61,40335.31,62146.92,2012
Kavon Jackson,Unit Clerk,40476.09,0.0,200.0,19785.37,40676.09,60461.46,2012
Erika Jackson,Planner 2,40189.07,0.0,0.0,17215.48,40189.07,57404.55,2012
Kareem Jackson,Custodian,30123.25,1124.82,1717.43,18167.39,32965.5,51132.89,2012
Jackson Eng,Transit Operator,22421.64,4289.95,8731.64,13343.93,35443.23,48787.16,2012
Wanda Jackson,Transit Operator,25873.38,3252.54,186.26,14642.88,29312.18,43955.06,2012
Marion Jackson,District Attry's Investigator,39648.0,0.0,0.0,3355.93,39648.0,43003.93,2012
Stefanie Jackson,Transit Operator,26931.69,3790.36,770.17,9783.42,31492.22,41275.64,2012
Ryan Jackson,PS Aide to Prof,25597.18,93.31,0.0,13142.61,25690.49,38833.1,2012
Teri Jackson,Superior Court Judge,9463.87,0.0,12601.84,13530.99,22065.71,35596.7,2012
Ivan Jackson,Senior Legal Process Clerk,16113.26,1810.05,4518.19,9387.33,22441.5,31828.83,2012
Derrick Jackson,Public Svc Aide-Public Works,16956.27,0.0,361.95,11418.68,17318.22,28736.9,2012
George Jackson,Recreation Coordinator,25922.68,0.0,0.0,2054.35,25922.68,27977.03,2012
Gerald Jackson,Public Svc Aide-Public Works,15782.63,0.0,0.0,10432.78,15782.63,26215.41,2012
Janet Jackson,Patient Care Assistant,18022.0,0.0,1575.76,1915.06,19597.76,21512.82,2012
Jackson Wong,Dep Dir V,18092.26,0.0,0.0,1708.2,18092.26,19800.46,2012
Naji Jackson,Recreation Leader,17915.61,0.0,71.91,1527.04,17987.52,19514.56,2012
Linda Jackson,Library Page,15737.66,0.0,366.72,1444.97,16104.38,17549.35,2012
Jackson Wong,Manager V,15495.26,0.0,0.0,1467.07,15495.26,16962.33,2012
Patrice Jackson,"Counselor, Juvenile Hall",13506.53,81.04,528.07,1185.92,14115.64,15301.56,2012
Brandi Jackson,Special Nurse,9550.95,0.0,388.06,2390.57,9939.01,12329.58,2012
Garfield Jackson,Transit Operator,7161.62,22.6,176.64,4273.93,7360.86,11634.79,2012
Doretha Jackson,School Crossing Guard,7905.66,0.0,0.0,626.8,7905.66,8532.46,2012
Renee Jackson,School Crossing Guard,7683.84,0.0,0.0,597.4,7683.84,8281.24,2012
Bernadette Jackson,School Crossing Guard,7372.93,0.0,0.0,593.24,7372.93,7966.17,2012
Harriette Jackson,Senior Clerk Typist,2104.0,0.0,3277.8,2258.96,5381.8,7640.76,2012
Kuzuri Jackson,Recreation Leader,6731.01,0.0,104.33,530.49,6835.34,7365.83,2012
Dawn Jackson,IS Engineer-Senior,1900.99,0.0,4280.1,1140.49,6181.09,7321.58,2012
Steven Jackson,Transit Operator,4017.09,278.96,16.37,2705.53,4312.42,7017.95,2012
Aeronda Jackson,Museum Guard,6259.74,0.0,0.0,485.69,6259.74,6745.43,2012
Lula Jackson,Management Assistant,0.0,0.0,3729.58,285.31,3729.58,4014.89,2012
Linda Jackson,Psychiatric Technician,0.0,0.0,17.95,3487.2,17.95,3505.15,2012
Edward Jackson,Custodian,2655.23,0.0,4.79,312.58,2660.02,2972.6,2012
Melanie Jackson,Sr Payroll & Personnel Clerk,2026.8,0.0,0.0,177.01,2026.8,2203.81,2012
Debra Jackson,Senior Clerk,0.0,0.0,1423.5,412.96,1423.5,1836.46,2012
Corey Jackson,Public Svc Aide-Public Works,1337.71,0.0,31.66,106.01,1369.37,1475.38,2012
Gloria Jackson,Home Health Aide,264.4,0.0,0.0,614.74,264.4,879.14,2012
Richard Jackson,Junior Clerk,-101.88,153.08,0.0,4.55,51.2,55.75,2012
Ethan H Jackson,"Lieutenant, Fire Suppression",134667.47,58720.02,20315.55,45711.0,213703.04,259414.04,2013
William D Jackson,"Insp, Fire Dept",139644.08,56216.51,13964.4,42595.79,209824.99,252420.78,2013
Derrick R Jackson,Sergeant 2,140724.0,50568.73,19321.94,40326.16,210614.67,250940.83,2013
Damon A Jackson,Sergeant 3,142518.01,24423.58,17160.75,40650.47,184102.34,224752.81,2013
Jennifer E Jackson,Lieutenant 3,163674.04,8171.92,4954.61,44660.89,176800.57,221461.46,2013
Jason H Jackson,Sheriff's Captain,150712.08,12883.67,12906.49,44871.96,176502.24,221374.2,2013
Donald R Jackson II,Police Officer 3,123471.13,23602.79,6742.77,37040.2,153816.69,190856.89,2013
Shawn L Jackson,Police Officer 2,121068.01,21537.21,1362.54,36571.13,143967.76,180538.89,2013
Demitris  Jackson,Transit Supervisor,88986.3,57295.54,2036.34,31864.39,148318.18,180182.57,2013
Deborah  Jackson,Transit Supervisor,90363.05,47357.67,7615.78,33020.8,145336.5,178357.3,2013
Leon F Jackson,Police Officer 2,121068.0,10460.34,1504.39,36600.6,133032.73,169633.33,2013
Rebecca E Jackson,Manager II,120530.02,0.0,0.0,45440.89,120530.02,165970.91,2013
Jo-Theresa  Elias-Jackson,IS Business Analyst-Principal,126893.55,0.0,0.0,38323.32,126893.55,165216.87,2013
Van K Jackson,Asst Chf Dist Atty's Invstgtor,121605.5,0.0,7295.52,36245.75,128901.02,165146.77,2013
Tori R Jackson,Deputy Sheriff,95123.02,23872.45,10725.82,34086.16,129721.29,163807.45,2013
David  Jackson,Criminalist III,111499.53,3711.42,0.0,35327.95,115210.95,150538.9,2013
Laura K O'Reilly-Jackson,Public SafetyComm Disp,87371.2,15200.01,10450.12,33034.85,113021.33,146056.18,2013
Ryan W Jackson,Electrician,91019.61,18940.21,1503.65,31347.94,111463.47,142811.41,2013
Donald R Jackson,Deputy Sheriff,95123.01,4303.06,7214.94,33714.24,106641.01,140355.25,2013
Ricky J Jackson Jr,Deputy Sheriff,88751.11,7388.79,11113.77,33029.62,107253.67,140283.29,2013
Steve  Jackson,Construction Inspector,99284.5,617.8,4656.33,33412.44,104558.63,137971.07,2013
Raymond A Jackson,Plumber,98528.53,1652.7,1678.0,33605.65,101859.23,135464.88,2013
Tariq L Jackson,Deputy Sheriff,84144.39,12725.06,6807.67,30138.91,103677.12,133816.03,2013
Shamica L Jackson,Senior Administrative Analyst,99770.51,0.0,0.0,33533.75,99770.51,133304.26,2013
Jackson  Gee,Asst Chf Victim/Wit Invstgtor,99603.01,0.0,0.0,33482.34,99603.01,133085.35,2013
Eddie T Jackson,Automotive Mechanic,79283.5,8269.83,11867.65,31785.77,99420.98,131206.75,2013
Liller B Jackson,"Counselor, Log Cabin Ranch",72626.86,18925.23,8026.59,29632.7,99578.68,129211.38,2013
Gloria J Jackson,Transit Operator,66871.64,29350.2,404.88,32381.45,96626.72,129008.17,2013
Kevin D Jackson,Arborist Technician Supervisor,89620.51,2752.59,858.6,31658.95,93231.7,124890.65,2013
Jackson M Holland,Public Defender's Investigator,90963.0,0.0,0.0,31752.02,90963.0,122715.02,2013
Jackson K Lau,Transit Operator,67169.79,18451.54,3667.58,33379.42,89288.91,122668.33,2013
Barbara  Jackson,Sr Cent Proc & Dist Tech,87696.0,998.69,848.0,31225.21,89542.69,120767.9,2013
Sheila  Davis-Jackson,Health Program Coordinator 2,88758.51,0.0,0.0,31331.65,88758.51,120090.16,2013
Deedra R Jackson,Sr. Community Devl Spc 1,88047.09,0.0,0.0,31182.18,88047.09,119229.27,2013
Rondaa  Jackson,Transit Operator,66915.05,13674.63,4190.74,33412.53,84780.42,118192.95,2013
Michael E Jackson,Transit Operator,66867.22,10894.49,4828.86,33584.47,82590.57,116175.04,2013
Jon A Jackson,Librarian 1,82116.72,0.0,706.8,30091.48,82823.52,112915.0,2013
Stefanie  Jackson,Transit Operator,66950.2,11403.73,1300.33,32648.94,79654.26,112303.2,2013
Sukia  Jackson,Transit Operator,67387.77,5098.4,2479.74,33990.31,74965.91,108956.22,2013
Dennis  Jackson,Automotive Mechanic,66296.37,6164.48,9361.89,26496.49,81822.74,108319.23,2013
Glenn I Jackson,Senior Administrative Analyst,85987.46,0.0,0.0,19478.32,85987.46,105465.78,2013
Felecia A Jackson,Nursing Assistant,66227.49,4133.52,6361.98,27597.59,76722.99,104320.58,2013
Walter B Jackson Jr,Transit Operator,66536.26,4073.4,510.26,32942.6,71119.92,104062.52,2013
Adrian C Jackson,Fingerprint Technician 2,65448.0,6204.85,3518.69,27317.0,75171.54,102488.54,2013
Prentiss A Jackson,Employment & Training Spec 3,73201.44,0.0,0.0,28059.47,73201.44,101260.91,2013
Michael L Jackson,Transit Operator,62218.97,4747.42,3078.7,30543.86,70045.09,100588.95,2013
Bernadette  Jackson,Human Services Technician,63720.0,7202.82,648.0,26423.68,71570.82,97994.5,2013
Joni M Jackson,Transit Operator,63373.25,3384.33,375.73,30675.68,67133.31,97808.99,2013
Anitha F Jackson,X-Ray Laboratory Aide,66081.4,1469.41,200.0,26760.86,67750.81,94511.67,2013
Floyd  Jackson,Transit Operator,67914.28,1595.71,2327.51,20518.9,71837.5,92356.4,2013
Krishna S Jackson,Eligibility Worker,58785.29,3403.4,1537.76,26240.47,63726.45,89966.92,2013
Jackson G Song,Custodian,55026.0,2272.24,4007.68,25329.78,61305.92,86635.7,2013
Charlene D Jackson,Parking Control Officer,58363.41,2326.98,682.02,25168.18,61372.41,86540.59,2013
Lisa J Jackson,Senior Clerk Typist,59587.07,0.0,642.44,25484.25,60229.51,85713.76,2013
Chanetta V Jackson,Librarian 1,61016.23,0.0,1742.01,22528.27,62758.24,85286.51,2013
Anthony  Jackson,Porter,55026.0,3410.11,735.52,24644.27,59171.63,83815.9,2013
Derwin W Jackson,Transit Operator,52547.36,2391.19,565.53,25868.03,55504.08,81372.11,2013
Kareem D Jackson,Custodian,48048.6,1786.98,4283.99,26086.31,54119.57,80205.88,2013
Cedric V Jackson Jr,Senior Clerk,53987.05,226.25,200.0,25521.7,54413.3,79935.0,2013
Jackson S Yip,IS Engineer-Journey,58938.52,0.0,0.0,19680.63,58938.52,78619.15,2013
Lee A Jackson,Health Worker 1,53460.0,0.0,0.0,24959.41,53460.0,78419.41,2013
Nakisha L Jackson,Eligibility Worker,53984.36,0.0,0.0,21858.19,53984.36,75842.55,2013
Sharon C Jackson,Chief Deputy Adlt Probation Of,69257.89,0.0,0.0,692.6,69257.89,69950.49,2013
Georgia M Jackson,Health Worker 1,47272.5,0.0,0.0,22089.36,47272.5,69361.86,2013
Jackson J Wong,Dep Dir V,68632.25,0.0,0.0,686.34,68632.25,69318.59,2013
Jabari  Jackson,Police Officer,50913.3,0.0,0.0,18323.88,50913.3,69237.18,2013
Jenee D Jackson,Senior Personnel Analyst,44268.02,0.0,7500.66,15274.38,51768.68,67043.06,2013
Shante K Jackson,Employment & Training Spec 3,52111.96,0.0,0.0,13703.83,52111.96,65815.79,2013
Anthony E Jackson,Transit Car Cleaner,36593.89,5609.2,4643.56,16663.53,46846.65,63510.18,2013
Ryan C Jackson,PS Aide to Prof,40203.02,0.0,0.0,23179.9,40203.02,63382.92,2013
Steven W Jackson,Transit Operator,36114.22,3099.52,875.83,19937.87,40089.57,60027.44,2013
Erika S Jackson,Planner 2,43758.93,0.0,0.0,15569.25,43758.93,59328.18,2013
Wanda R Jackson,Transit Operator,35674.91,3563.46,424.78,17189.37,39663.15,56852.52,2013
Avery L Jackson,Truck Driver,49149.0,2816.56,89.75,3376.76,52055.31,55432.07,2013
T'jade D Jackson,Manager I,38862.35,0.0,0.0,14854.39,38862.35,53716.74,2013
Daryl B Jackson,Dist Atty Investigator (SFERS),34994.5,586.5,2099.67,8772.7,37680.67,46453.37,2013
Cheryll A Jackson,Principal Clerk,31954.23,0.0,0.0,14369.34,31954.23,46323.57,2013
Corey W Jackson,Environmental Service Worker,36789.5,730.65,1136.49,5672.11,38656.64,44328.75,2013
Cedric V Jackson,Employment & Training Spec 3,20522.43,0.0,9458.41,7248.39,29980.84,37229.23,2013
Teri L Jackson,Superior Court Judge,9827.56,0.0,12918.56,13535.55,22746.12,36281.67,2013
George J Jackson,Recreation Coordinator,28311.33,0.0,0.0,0.0,28311.33,28311.33,2013
Jackson J Wong,Manager V,24899.83,0.0,0.0,249.0,24899.83,25148.83,2013
Naji A Jackson,Recreation Leader,18095.63,0.0,499.95,185.93,18595.58,18781.51,2013
Linda R Jackson,Library Page,15454.69,0.0,355.67,158.17,15810.36,15968.53,2013
Patrice H Jackson,"Counselor, Juvenile Hall",13173.21,0.0,618.93,0.0,13792.14,13792.14,2013
Kuzuri B Jackson,Recreation Leader,13439.45,0.0,90.75,135.31,13530.2,13665.51,2013
Jackson  Torres,Clerk,9642.0,421.84,0.0,3135.76,10063.84,13199.6,2013
Lakeevia A Oladapo Jackson,StdntDsgn Train2/Arch/Eng/Plng,11030.0,0.0,0.0,110.3,11030.0,11140.3,2013
Aeronda Y Jackson,Museum Guard,10740.76,0.0,0.0,107.39,10740.76,10848.15,2013
Bernadette C Jackson,School Crossing Guard,9289.43,0.0,0.0,0.0,9289.43,9289.43,2013
Doretha J Jackson,School Crossing Guard,8554.7,0.0,0.0,0.0,8554.7,8554.7,2013
Gloria M Jackson,Home Health Aide,,0.0,0.0,8152.46,0.0,8152.46,2013
Maiyio  Jackson,Recreation Director,,0.0,0.0,7959.18,0.0,7959.18,2013
Brandon  Jackson,Recreation Leader,5775.44,0.0,332.09,61.06,6107.53,6168.59,2013
Renee A Jackson,School Crossing Guard,5983.21,0.0,0.0,59.84,5983.21,6043.05,2013
Jadara C Jackson,Public Svc Aide-Public Works,4353.36,0.0,95.92,44.5,4449.28,4493.78,2013
Jermaine  Jackson Jr,Public Svc Aide-Public Works,4445.15,0.0,0.0,44.45,4445.15,4489.6,2013
Charles R Jackson,School Crossing Guard,3503.5,0.0,0.0,26.95,3503.5,3530.45,2013
Marion D Jackson,District Attry's Investigator,3292.05,0.0,0.0,0.0,3292.05,3292.05,2013
Courtney B Jackson,Publ Svc Aide-Asst to Prof,2943.16,0.0,0.0,29.41,2943.16,2972.57,2013
Shronda G Jackson,School Crossing Guard,2858.24,0.0,0.0,28.59,2858.24,2886.83,2013
Steven  Jackson II,Transit Operator,1190.84,16.83,3.12,571.86,1210.79,1782.65,2013
Jeffrey M Jackson,Junior Clerk,323.09,270.01,0.0,5.93,593.1,599.03,2013
Kavon Y Jackson,Unit Clerk,246.85,0.0,0.0,177.44,246.85,424.29,2013
Robert R Jackson,IS Operator-Senior,,0.0,72.04,0.0,72.04,72.04,2013
Damon A Jackson,Sergeant 3,137982.03,46545.12,27156.14,42824.89,211683.29,254508.18,2014
William D Jackson,"Insp, Fire Dept",134472.03,56500.95,13447.2,44737.65,204420.18,249157.83,2014
Ethan H Jackson,"Lieutenant, Fire Suppression",130961.02,44790.54,18610.18,48153.81,194361.74,242515.55,2014
Jennifer E Jackson,Lieutenant 3,157612.02,10977.96,2763.64,47250.61,171353.62,218604.23,2014
Jason H Jackson,Sheriff's Captain,149685.09,273.73,12925.09,47986.26,162883.91,210870.17,2014
Donald R Jackson Ii,Police Officer 3,118898.09,31217.86,19318.42,38839.62,169434.37,208273.99,2014
Derrick R Jackson,Sergeant 2,135512.0,19044.24,10002.21,42360.54,164558.45,206918.99,2014
Demitris Jackson,Transit Supervisor,89703.08,69363.45,2746.86,34257.51,161813.39,196070.9,2014
David Jackson,Criminalist III,121470.04,14771.67,1507.3,39809.69,137749.01,177558.7,2014
Leon F Jackson,Police Officer 3,118453.14,14250.12,3928.66,39003.57,136631.92,175635.49,2014
Rebecca E Jackson,Manager II,122992.05,0.0,0.0,48845.97,122992.05,171838.02,2014
Shawn L Jackson,Police Officer 2,116584.01,10434.07,3622.4,38350.39,130640.48,168990.87,2014
Van K Jackson,Asst Chf Dist Atty's Invstgtor,120825.0,0.0,7249.48,38802.14,128074.48,166876.62,2014
Laura K O'Reilly-Jackson,Public SafetyComm Disp,88517.0,29702.39,8400.98,34992.85,126620.37,161613.22,2014
Jackson S Yip,IS Engineer-Journey,116200.01,0.0,0.0,39844.81,116200.01,156044.82,2014
Ricky J Jackson Jr,Deputy Sheriff,92320.01,14608.01,9616.88,35751.16,116544.9,152296.06,2014
Tariq L Jackson,Deputy Sheriff,85118.81,23553.72,6889.92,33004.87,115562.45,148567.32,2014
Jo-Theresa Elias-Jackson,IS Business Analyst-Principal,111999.49,0.0,0.0,36219.04,111999.49,148218.53,2014
Raymond A Jackson,Plumber,96022.91,10135.68,2043.11,35066.7,108201.7,143268.4,2014
Donald R Jackson,Deputy Sheriff,94191.02,5713.76,6601.35,35602.22,106506.13,142108.35,2014
Daryl B Jackson,Dist Atty Investigator (SFERS),103757.07,972.32,6225.44,26646.14,110954.83,137600.97,2014
Jackson Gee,Asst Chf Victim/Wit Invstgtor,98985.0,0.0,0.0,35496.06,98985.0,134481.06,2014
Shamica L Jackson,Senior Administrative Analyst,98753.0,0.0,0.0,35445.1,98753.0,134198.1,2014
Jabari Jackson,Police Officer,88414.97,10093.49,1614.24,34051.9,100122.7,134174.6,2014
Steve Jackson,Construction Inspector,98271.01,0.0,329.79,35339.77,98600.8,133940.57,2014
Gloria J Jackson,Transit Operator,64678.41,31025.39,556.89,33610.1,96260.69,129870.79,2014
Ryan W Jackson,Electrician,87701.62,6075.27,2228.0,32439.11,96004.89,128444.0,2014
Deedra R Jackson,Sr. Community Devl Spc 1,92553.07,0.0,0.0,34092.15,92553.07,126645.22,2014
Kevin D Jackson,Arborist Technician Supervisor,89048.3,2465.33,831.6,33507.81,92345.23,125853.04,2014
Jackson M Holland,Public Defender's Investigator,90435.0,0.0,0.0,33627.51,90435.0,124062.51,2014
Barbara Jackson,Sr Cent Proc & Dist Tech,87200.01,2929.73,824.0,33056.83,90953.74,124010.57,2014
Liller B Jackson,"Counselor, Log Cabin Ranch",72176.94,12774.26,7679.35,31300.38,92630.55,123930.93,2014
Jackson K Lau,Transit Operator,64612.21,18058.37,4186.72,34642.09,86857.3,121499.39,2014
Sheila Davis-Jackson,Health Program Coordinator 2,87842.03,0.0,0.0,33060.63,87842.03,120902.66,2014
Michael E Jackson,Transit Operator,65135.27,13168.35,5256.45,35234.94,83560.07,118795.01,2014
Felecia A Jackson,Nursing Assistant,64701.23,15736.38,6699.65,28744.32,87137.26,115881.58,2014
Glenn I Jackson,Senior Administrative Analyst,92842.54,0.0,0.0,22727.08,92842.54,115569.62,2014
Jon A Jackson,Librarian 1,81797.07,0.0,624.0,31876.11,82421.07,114297.18,2014
Michael L Jackson,Transit Operator,66714.45,12236.27,2019.68,32479.74,80970.4,113450.14,2014
Eddie T Jackson,Automotive Mechanic,66027.84,6562.71,11939.5,28755.31,84530.05,113285.36,2014
Walter B Jackson Jr,Transit Supervisor,69096.88,6132.23,2353.48,32957.84,77582.59,110540.43,2014
Tori R Jackson,Deputy Sheriff,73160.01,2587.32,7081.53,27022.37,82828.86,109851.23,2014
Sukia Jackson,Transit Operator,65297.01,4029.95,2867.66,35324.22,72194.62,107518.84,2014
Steven W Jackson,Transit Operator,62710.77,9303.92,2143.86,32492.61,74158.55,106651.16,2014
Bernadette Jackson,Human Services Technician,63332.01,14295.11,624.0,27840.53,78251.12,106091.65,2014
Prentiss A Jackson,Employment & Training Spec 3,74266.08,0.0,974.59,29946.02,75240.67,105186.69,2014
Adrian C Jackson,Fingerprint Technician 2,65055.0,4667.98,4860.51,29142.62,74583.49,103726.11,2014
Dennis Jackson,Automotive Mechanic,62191.85,6417.01,7407.77,26211.53,76016.63,102228.16,2014
Anitha F Jackson,X-Ray Laboratory Aide,65542.79,5140.17,250.0,28154.97,70932.96,99087.93,2014
Shante K Jackson,Employment & Training Spec 3,69332.34,0.0,0.0,29712.36,69332.34,99044.7,2014
Erika S Jackson,Planner 2,71704.35,0.0,0.0,27207.1,71704.35,98911.45,2014
Rondaa Jackson,Transit Operator,52775.15,10061.82,4963.58,28709.09,67800.55,96509.64,2014
Jackson G Song,Custodian,54703.0,12017.34,2323.5,26325.52,69043.84,95369.36,2014
Floyd Jackson,Transit Operator,64094.7,3219.89,2440.88,20995.46,69755.47,90750.93,2014
Cheryll A Jackson,Principal Clerk,60699.4,1807.05,29.71,27760.66,62536.16,90296.82,2014
Charlene D Jackson,Parking Control Officer,58802.56,2947.64,754.45,26676.0,62504.65,89180.65,2014
Ryan C Jackson,Senior Management Assistant,58796.5,0.0,0.0,28192.59,58796.5,86989.09,2014
Anthony Jackson,Porter,54703.01,4714.33,712.98,25917.4,60130.32,86047.72,2014
Lisa J Jackson,Senior Clerk Typist,56466.4,0.0,589.5,25583.73,57055.9,82639.63,2014
Krishna S Jackson,Eligibility Worker,45836.97,9846.24,3935.29,21802.11,59618.5,81420.61,2014
Steven Jackson Ii,Parking Control Officer,49560.23,6608.83,1279.79,23258.87,57448.85,80707.72,2014
Jackson Torres,Clerk,43599.81,12774.5,1400.0,22856.18,57774.31,80630.49,2014
Chanetta V Jackson,Librarian 1,56862.17,0.0,1359.09,22353.09,58221.26,80574.35,2014
Lee A Jackson,Health Worker 1,53121.0,0.0,200.0,26334.54,53321.0,79655.54,2014
Georgia M Jackson,Health Worker 1,53121.09,0.0,0.0,26332.27,53121.09,79453.36,2014
Anthony E Jackson,Transit Car Cleaner,41213.99,10064.51,5500.81,19691.48,56779.31,76470.79,2014
Kareem D Jackson,Custodial Assistant Supervisor,46324.02,625.35,3236.11,25748.27,50185.48,75933.75,2014
Stefanie Jackson,Transit Operator,43069.6,6250.06,1684.46,22767.91,51004.12,73772.03,2014
Corey W Jackson,Environmental Service Worker,45961.29,1716.62,81.53,25522.58,47759.44,73282.02,2014
Nakisha L Jackson,HSA Sr Eligibility Worker,47226.04,0.0,4368.0,20966.26,51594.04,72560.3,2014
Wanda R Jackson,Transit Operator,40653.19,3734.47,627.07,21156.98,45014.73,66171.71,2014
Sharon C Jackson,Chief Deputy Adlt Probation Of,56660.18,0.0,0.0,566.61,56660.18,57226.79,2014
Cedric V Jackson Jr,Senior Clerk,33665.26,116.64,200.0,16450.21,33981.9,50432.11,2014
Kenneth W Jackson,Environmental Service Worker,35260.5,205.32,2552.76,5220.37,38018.58,43238.95,2014
Naji A Jackson,Recreation Specialist,23488.08,0.0,395.55,11977.9,23883.63,35861.53,2014
Avery L Jackson,Truck Driver,28275.0,1420.42,166.22,3690.13,29861.64,33551.77,2014
Jackson J Wong,Manager V,31652.58,0.0,0.0,316.52,31652.58,31969.1,2014
Linda R Jackson,Library Page,19688.36,0.0,338.1,10190.69,20026.46,30217.15,2014
George J Jackson,Recreation Coordinator,25303.65,0.0,0.0,0.0,25303.65,25303.65,2014
Jackson J Wong,Dep Dir V,21804.98,0.0,0.0,218.04,21804.98,22023.02,2014
Deborah Jackson,Transit Supervisor,10730.01,6255.44,556.2,4110.77,17541.65,21652.42,2014
Joni M Jackson,Transit Operator,14169.6,0.0,69.24,7282.9,14238.84,21521.74,2014
Derwin W Jackson,Transit Operator,12333.46,0.0,46.16,6474.76,12379.62,18854.38,2014
Courtney B Jackson,Publ Svc Aide-Asst to Prof,15706.85,0.0,0.0,157.09,15706.85,15863.94,2014
Jermaine Jackson Jr,Public Svc Aide-Public Works,13105.17,0.0,681.46,1050.31,13786.63,14836.94,2014
Aeronda Y Jackson,Museum Guard,13717.47,0.0,0.0,137.17,13717.47,13854.64,2014
Kuzuri B Jackson,Recreation Leader,13232.74,0.0,18.17,132.53,13250.91,13383.44,2014
Shronda G Jackson,School Crossing Guard,7560.61,0.0,0.0,2889.16,7560.61,10449.77,2014
Randolph Jackson,Public Svc Aide-Public Works,10062.83,0.0,112.4,101.74,10175.23,10276.97,2014
Jabari R Jackson,Public Svc Aide-Public Works,9763.77,0.0,272.66,100.36,10036.43,10136.79,2014
Patrice H Jackson,"Counselor, Juvenile Hall",9448.88,0.0,546.91,0.0,9995.79,9995.79,2014
Naji A Jackson,Recreation Leader,7574.78,0.0,144.96,1726.92,7719.74,9446.66,2014
Bernadette C Jackson,School Crossing Guard,8913.4,0.0,0.0,0.0,8913.4,8913.4,2014
Doretha J Jackson,School Crossing Guard,8500.97,0.0,0.0,0.0,8500.97,8500.97,2014
Charles R Jackson,School Crossing Guard,7651.05,0.0,0.0,76.53,7651.05,7727.58,2014
Gloria M Jackson,Home Health Aide,0.0,0.0,2848.6,4659.36,2848.6,7507.96,2014
Renee A Jackson,School Crossing Guard,6421.89,0.0,0.0,64.24,6421.89,6486.13,2014
Tyrell Dushawn Jackson,Social Worker,4904.15,0.0,45.49,44.86,4949.64,4994.5,2014
Maurice V Jackson,Public Svc Aide-Public Works,3278.45,0.0,0.0,32.78,3278.45,3311.23,2014
Pepito R Jackson,Public Svc Aide-Public Works,2789.48,0.0,23.17,28.13,2812.65,2840.78,2014
Jeffrey M Jackson,Junior Clerk,820.44,607.78,0.0,14.29,1428.22,1442.51,2014
Teresa Jackson,Junior Clerk,841.19,396.14,0.0,12.38,1237.33,1249.71,2014
Brandon Jackson,Recreation Leader,1046.2,0.0,79.55,11.27,1125.75,1137.02,2014
Derrick R Jackson,Sergeant 2,135835.8,51976.81,7654.49,40088.63,195467.1,235555.73,2015
Ethan H Jackson,"Lieutenant, Fire Suppression",130557.84,40165.99,17992.99,43886.59,188716.82,232603.41,2015
William D Jackson,"Insp, Fire Dept",135115.51,41168.21,13511.55,41568.44,189795.27,231363.71,2015
Damon A Jackson,Sergeant 3,138104.55,33882.53,18553.31,40469.53,190540.39,231009.92,2015
Jason H Jackson,Sheriff's Captain,156528.02,4205.11,13472.24,55200.16,174205.37,229405.53,2015
Jennifer E Jackson,Lieutenant 3,160748.71,1941.5,4870.13,45796.4,167560.34,213356.74,2015
Donald R Jackson Ii,Sergeant 3,124466.83,24537.61,16270.24,37900.46,165274.68,203175.14,2015
Demitris Jackson,Transit Supervisor,92349.92,66948.84,2836.5,33880.66,162135.26,196015.92,2015
David Jackson,Criminalist III,132121.52,18239.94,0.0,39419.87,150361.46,189781.33,2015
Leon F Jackson,Police Officer 3,118409.4,31654.07,808.53,36334.64,150872.0,187206.64,2015
Ricky J Jackson Jr,Deputy Sheriff,97763.63,38616.31,8769.46,40309.85,145149.4,185459.25,2015
Van K Jackson,Asst Chf Dist Atty's Invstgtor,126833.02,0.0,7609.98,44479.94,134443.0,178922.94,2015
Tori R Jackson,Deputy Sheriff,97772.3,29902.71,10781.71,40258.04,138456.72,178714.76,2015
Laura K O'Reilly-Jackson,Public SafetyComm Disp,93269.62,43409.93,7457.42,33853.09,144136.97,177990.06,2015
Rebecca E Jackson,Manager II,130151.04,0.0,0.0,41893.04,130151.04,172044.08,2015
Jo-Theresa Elias-Jackson,IS Business Analyst-Principal,129827.14,0.0,0.0,39013.21,129827.14,168840.35,2015
Tariq L Jackson,Deputy Sheriff,89569.31,31261.42,7330.25,37748.96,128160.98,165909.94,2015
Shawn L Jackson,Police Officer 2,117140.97,11489.9,820.04,36403.84,129450.91,165854.75,2015
Jackson S Yip,IS Engineer-Journey,120111.06,0.0,0.0,38229.5,120111.06,158340.56,2015
Donald R Jackson,Deputy Sheriff,97670.74,6191.97,6809.4,39826.95,110672.11,150499.06,2015
Steve Jackson,Senior Const Inspector,103978.0,873.23,10721.26,34154.22,115572.49,149726.71,2015
Eddie T Jackson,Automotive Mechanic,81757.0,13429.32,16675.29,34722.57,111861.61,146584.18,2015
Daryl B Jackson,Dist Atty Investigator (SFERS),109563.0,0.0,6573.78,26409.99,116136.78,142546.77,2015
Jabari Jackson,Police Officer,94721.99,11827.29,146.53,33758.58,106695.81,140454.39,2015
Jackson Gee,Asst Chf Victim/Wit Invstgtor,102290.02,0.0,0.0,34268.07,102290.02,136558.09,2015
Shamica L Jackson,Senior Administrative Analyst,100459.4,0.0,0.0,33337.73,100459.4,133797.13,2015
Liller B Jackson,"Counselor, Log Cabin Ranch",74685.0,18066.4,8507.53,30246.9,101258.93,131505.83,2015
Kevin D Jackson,Arborist Technician Supervisor,91761.6,5173.25,891.0,32034.01,97825.85,129859.86,2015
Deedra R Jackson,Sr. Community Devl Spc 1,95968.0,0.0,0.0,32948.79,95968.0,128916.79,2015
Raymond A Jackson,Plumber,92818.64,0.0,1991.55,33858.88,94810.19,128669.07,2015
Barbara Jackson,Sr Cent Proc & Dist Tech,90151.0,4779.37,824.0,31856.07,95754.37,127610.44,2015
Walter B Jackson Jr,Transit Supervisor,79440.76,11856.85,3244.87,31960.51,94542.48,126502.99,2015
Jackson M Holland,Public Defender's Investigator,93499.0,0.0,0.0,32430.59,93499.0,125929.59,2015
Gloria J Jackson,Transit Operator,66413.2,26512.32,583.76,31774.88,93509.28,125284.16,2015
Ryan W Jackson,Electrician,87899.29,4383.15,1315.9,31653.25,93598.34,125251.59,2015
Sheila Davis-Jackson,Health Program Coordinator 2,90775.02,0.0,0.0,31461.86,90775.02,122236.88,2015
Glenn I Jackson,Senior Administrative Analyst,98149.55,0.0,0.0,22910.29,98149.55,121059.84,2015
Michael E Jackson,Transit Operator,66503.63,13886.91,5225.13,33082.45,85615.67,118698.12,2015
Prentiss A Jackson,Employment & Training Spec 5,86609.81,0.0,0.0,30959.92,86609.81,117569.73,2015
Erika S Jackson,Planner 2,86967.02,0.0,0.0,30289.37,86967.02,117256.39,2015
Anitha F Jackson,Diagnostic Imaging Assistant,67839.17,21471.68,250.0,27028.58,89560.85,116589.43,2015
Jackson K Lau,Transit Operator,66279.13,12971.81,4073.09,32599.66,83324.03,115923.69,2015
Jon A Jackson,Librarian 1,84599.06,0.0,624.0,30690.28,85223.06,115913.34,2015
Cynthia Jennifer Jackson,Principal Environ Specialist,85400.95,0.0,0.0,29624.29,85400.95,115025.24,2015
Bernadette Jackson,Human Services Technician,65452.0,19151.26,943.56,26728.61,85546.82,112275.43,2015
Steven W Jackson,Transit Operator,68231.4,7881.3,2191.61,30626.27,78304.31,108930.58,2015
Ryan C Jackson,Senior Management Assistant,78040.01,0.0,0.0,29934.04,78040.01,107974.05,2015
Adrian C Jackson,Fingerprint Technician 2,67261.0,6769.36,5332.24,28045.22,79362.6,107407.82,2015
Steven J Jackson,Traffic Signal Electrician,73328.5,7051.82,40.0,26709.58,80420.32,107129.9,2015
Jackson G Song,Custodian,56531.0,20499.8,2927.38,25276.27,79958.18,105234.45,2015
Stefanie Jackson,Transit Operator,61575.96,10857.68,2641.24,30083.9,75074.88,105158.78,2015
Shante K Jackson,Employment & Training Spec 3,75209.4,0.0,0.0,29327.7,75209.4,104537.1,2015
Michael L Jackson,Transit Operator,67717.96,3074.29,2626.95,30411.0,73419.2,103830.2,2015
Cheryll A Jackson,Principal Clerk,65882.4,10191.81,0.0,27358.43,76074.21,103432.64,2015
Floyd Jackson Jr,Transit Operator,65256.83,9410.06,3548.13,20371.57,78215.02,98586.59,2015
Nakisha L Jackson,HSA Sr Eligibility Worker,70161.17,0.0,0.0,26806.14,70161.17,96967.31,2015
Kareem D Jackson,Custodial Assistant Supervisor,56727.9,8506.82,2863.18,27026.68,68097.9,95124.58,2015
Kevin E Jackson,Truck Driver,68337.8,282.86,6357.28,20130.39,74977.94,95108.33,2015
Felecia A Jackson,Nursing Assistant,57521.39,6051.64,5318.09,24094.6,68891.12,92985.72,2015
Charlene D Jackson,Parking Control Officer,61642.04,4052.73,918.04,25909.24,66612.81,92522.05,2015
Anthony E Jackson,Transit Car Cleaner,49234.06,12039.45,7241.78,21910.19,68515.29,90425.48,2015
Lisa J Jackson,Senior Clerk Typist,61230.93,0.0,618.93,25677.19,61849.86,87527.05,2015
Anthony Jackson,Porter,56531.01,5340.21,680.7,24773.8,62551.92,87325.72,2015
Georgia M Jackson,Health Worker 3,56294.66,0.0,0.0,25550.76,56294.66,81845.42,2015
Lee A Jackson,Health Worker 1,54909.0,0.0,0.0,25295.29,54909.0,80204.29,2015
Sukia Jackson,Transit Operator,49216.9,805.75,1260.19,28493.07,51282.84,79775.91,2015
Cedric V Jackson Jr,Senior Clerk,54083.33,232.23,200.0,25156.59,54515.56,79672.15,2015
Kenneth W Jackson,Environmental Service Worker,49518.99,2774.01,1007.52,25398.56,53300.52,78699.08,2015
Jackson Torres,Clerk,47278.22,1964.32,900.0,25024.29,50142.54,75166.83,2015
Dennis Jackson,Automotive Mechanic,42821.42,1095.3,4564.19,19610.74,48480.91,68091.65,2015
Corey W Jackson,General Laborer,44108.2,76.77,3004.72,19741.6,47189.69,66931.29,2015
Chauncey L Jackson,Asst General Services Manager,45319.99,0.0,17.59,20933.73,45337.58,66271.31,2015
Damon O Jackson,Track Maintenance Worker,41051.8,4271.98,2107.41,17585.69,47431.19,65016.88,2015
Chanetta V Jackson,Librarian 1,46721.37,0.0,1140.73,17115.13,47862.1,64977.23,2015
Deborah Jackson,Transit Supervisor,31816.72,9510.2,6876.22,13725.93,48203.14,61929.07,2015
Derwin W Jackson,Clerk,41710.0,0.0,250.0,18773.42,41960.0,60733.42,2015
John Jackson Jr,Transit Operator,30014.24,4425.47,858.09,18075.42,35297.8,53373.22,2015
Sharon C Jackson,Chief Deputy Adlt Probation Of,51174.44,0.0,0.0,511.75,51174.44,51686.19,2015
Steven Jackson Ii,Parking Control Officer,30453.79,366.71,260.63,18923.04,31081.13,50004.17,2015
Eeon K Jackson,Transit Operator,27834.77,3154.55,1406.01,16528.29,32395.33,48923.62,2015
Naji A Jackson,Recreation Specialist,28295.07,0.0,440.94,14559.85,28736.01,43295.86,2015
Kavon Y Jackson,Unit Clerk,27738.99,0.0,200.0,13742.57,27938.99,41681.56,2015
Jermaine Jackson Jr,Environmental Service Worker,27537.83,54.77,1276.49,11376.21,28869.09,40245.3,2015
Timothy Jackson,Transit Operator,21018.59,3400.73,341.2,12095.69,24760.52,36856.21,2015
Rondaa Jackson,Transit Operator,16075.9,3035.54,1624.19,13915.79,20735.63,34651.42,2015
Linda R Jackson,Library Page,21937.9,0.0,347.65,12252.63,22285.55,34538.18,2015
Jackson J Wong,Manager V,32006.17,0.0,0.0,320.04,32006.17,32326.21,2015
George J Jackson,Recreation Coordinator,29145.79,0.0,0.0,0.0,29145.79,29145.79,2015
Wanda R Jackson,Transit Operator,8243.2,1138.45,353.62,16778.4,9735.27,26513.67,2015
Eric L Jackson,Transit Supervisor,14504.0,0.0,296.93,5505.19,14800.93,20306.12,2015
Moses B Jackson,Public Svc Aide-Public Works,17939.72,0.0,0.0,1066.63,17939.72,19006.35,2015
Maurice V Jackson,Public Svc Aide-Public Works,13524.99,0.0,0.0,5210.72,13524.99,18735.71,2015
Reginauld W Jackson,Health Program Planner,12026.0,0.0,0.0,4110.95,12026.0,16136.95,2015
Aisha N Jackson,Transit Operator,9722.71,473.54,52.98,5481.23,10249.23,15730.46,2015
Randolph Jackson,Public Service Trainee,11901.6,165.3,1317.7,2227.64,13384.6,15612.24,2015
Charles R Jackson,School Crossing Guard,14638.83,122.63,0.0,147.62,14761.46,14909.08,2015
Kuzuri B Jackson,Recreation Leader,14631.88,0.0,0.0,146.3,14631.88,14778.18,2015
Jackson J Wong,Dep Dir V,14135.72,0.0,0.0,141.35,14135.72,14277.07,2015
Aeronda Y Jackson,Museum Guard,12941.65,0.0,0.0,129.42,12941.65,13071.07,2015
Courtney B Jackson,Publ Svc Aide-Asst to Prof,12653.15,0.0,0.0,126.53,12653.15,12779.68,2015
Maiyio Jackson,Recreation Director,0.0,0.0,3631.28,8638.56,3631.28,12269.84,2015
Shronda G Jackson,Library Page,9475.57,0.0,185.45,2170.24,9661.02,11831.26,2015
Chauncy Jackson,Public Svc Aide-Public Works,11309.49,0.0,0.0,186.15,11309.49,11495.64,2015
Marquise J Jackson,Transit Operator,6402.25,1639.12,44.22,1901.93,8085.59,9987.52,2015
Jai A Jackson,"StdntDsgnTrain3, Arch/Eng/Plng",9844.63,0.0,0.0,98.43,9844.63,9943.06,2015
Doretha J Jackson,School Crossing Guard,8791.03,61.31,0.0,0.0,8852.34,8852.34,2015
Bernadette C Jackson,School Crossing Guard,8453.17,61.31,0.0,0.0,8514.48,8514.48,2015
Patrice H Jackson,"Counselor, Juvenile Hall",5558.1,0.0,302.54,0.0,5860.64,5860.64,2015
Joni M Jackson,Transit Operator,0.0,0.0,250.0,5576.22,250.0,5826.22,2015
Patrick C Jackson,Communications Dispatcher 2,5485.23,40.33,149.62,56.75,5675.18,5731.93,2015
Janet T Jackson,School Crossing Guard,3912.15,0.0,0.0,64.54,3912.15,3976.69,2015
Renee A Jackson,School Crossing Guard,3776.85,49.05,38.1,38.26,3864.0,3902.26,2015
Johnny R Jackson,Public Svc Aide-Public Works,2702.76,0.0,0.0,933.71,2702.76,3636.47,2015
Marques D Jackson,Public Svc Aide-Public Works,3271.75,0.0,101.57,46.98,3373.32,3420.3,2015
Philip R Jackson,Media Production Tech,2279.7,0.0,38.0,454.5,2317.7,2772.2,2015
Avery L Jackson,Truck Driver,2149.35,0.0,0.0,479.73,2149.35,2629.08,2015
Jackson M Litle,Public Service Trainee,2462.25,0.0,14.7,24.78,2476.95,2501.73,2015
Veronica Jackson,Transit Operator,1585.42,0.0,0.0,390.91,1585.42,1976.33,2015
Alexandria B Jackson,Camp Assistant,1232.79,0.0,13.29,12.45,1246.08,1258.53,2015
Jackson P La Belle,Public Service Trainee,1010.63,0.0,5.88,10.17,1016.51,1026.68,2015
Teresa A Jackson,Junior Clerk,605.63,370.95,0.0,9.77,976.58,986.35,2015
Jaree A Jackson,Public Service Trainee,910.4,0.0,0.0,9.1,910.4,919.5,2015
Chantel J Jackson,Public Service Trainee,853.5,0.0,0.0,8.54,853.5,862.04,2015
Miesha S Jackson,Publ Svc Aide-Asst to Prof,344.13,0.0,0.0,3.44,344.13,347.57,2015
Damon A Jackson,Sergeant 3,141053.48,58087.82,12248.0,38955.83,211389.3,250345.13,2016
William D Jackson,"Insp, Fire Dept",137085.01,58029.18,13708.5,39894.68,208822.69,248717.37,2016
Jason H Jackson,Sheriff's Captain,163034.12,3810.37,20114.11,61193.93,186958.6,248152.53,2016
Ethan H Jackson,"Lieutenant, Fire Suppression",132238.77,39305.86,17866.12,42358.1,189410.75,231768.85,2016
Donald R Jackson Ii,Sergeant 3,141283.58,26064.03,19854.93,39390.54,187202.54,226593.08,2016
Tori R Jackson,Deputy Sheriff,102547.01,60805.78,12256.67,45668.25,175609.46,221277.71,2016
Jennifer E Jackson,Lieutenant 3,162914.0,13897.55,851.32,43489.74,177662.87,221152.61,2016
Derrick R Jackson,Sergeant 3,138232.5,33243.07,6175.44,38378.67,177651.01,216029.68,2016
Leon F Jackson,Police Officer 3,121209.65,39175.56,831.08,35427.62,161216.29,196643.91,2016
David Jackson,Criminalist III,144012.64,10982.08,0.0,39227.64,154994.72,194222.36,2016
Laura K O'Reilly-Jackson,Public SafetyComm Disp,97068.01,53341.1,8425.26,32561.37,158834.37,191395.74,2016
Rebecca E Jackson,Manager II,143252.66,0.0,0.0,40064.3,143252.66,183316.96,2016
Jackson S Yip,IS Engineer-Senior,138109.12,0.0,0.0,39363.83,138109.12,177472.95,2016
Van K Jackson,Asst Chf Dist Atty's Invstgtor,108535.07,0.0,29736.61,39120.53,138271.68,177392.21,2016
Demitris Jackson,Trasnprt Controller Trainee,96051.9,42650.82,3881.62,33949.39,142584.34,176533.73,2016
Ricky J Jackson Jr,Deputy Sheriff,102535.48,18103.13,9152.85,44195.05,129791.46,173986.51,2016
Tariq L Jackson,Deputy Sheriff,101946.37,20066.91,7764.31,43654.18,129777.59,173431.77,2016
Jo-Theresa Elias-Jackson,IS Business Analyst-Principal,135364.68,0.0,0.0,37654.64,135364.68,173019.32,2016
Shawn L Jackson,Police Officer 2,118846.08,9262.25,821.84,34979.2,128930.17,163909.37,2016
Kamau J. Jackson,Police Officer 2,105962.6,21914.16,923.65,34827.23,128800.41,163627.64,2016
Donald R Jackson,Deputy Sheriff,102559.7,5931.49,7103.59,43680.4,115594.78,159275.18,2016
Ryan W Jackson,Electrician,102213.41,19297.88,1166.0,34143.7,122677.29,156820.99,2016
Daryl B Jackson,Dist Atty Investigator (SFERS),114031.56,0.0,6841.89,35523.89,120873.45,156397.34,2016
Steve Jackson,Senior Const Inspector,116570.5,0.0,5009.4,34451.89,121579.9,156031.79,2016
Eddie T Jackson,Automotive Mechanic,84805.7,14580.15,17747.03,34418.5,117132.88,151551.38,2016
Raymond A Jackson,Plumber,105372.81,0.0,2177.0,36369.3,107549.81,143919.11,2016
Kevin D Jackson,Arborist Technician Supervisor,100246.59,7103.5,4669.69,30806.82,112019.78,142826.6,2016
Eric L Jackson,Transit Supervisor,80640.8,25475.52,4124.34,32060.99,110240.66,142301.65,2016
Jackson Gee,Asst Chf Victim/Wit Invstgtor,106484.8,0.0,0.0,32749.67,106484.8,139234.47,2016
Shamica L Jackson,Senior Administrative Analyst,106264.7,0.0,0.0,32802.74,106264.7,139067.44,2016
Glenn I Jackson,Senior Administrative Analyst,105340.39,0.0,0.0,33446.93,105340.39,138787.32,2016
Cynthia Jennifer Jackson,Principal Environ Specialist,104502.81,0.0,0.0,33389.41,104502.81,137892.22,2016
Liller B Jackson,"Counselor, Log Cabin Ranch",77582.43,21390.09,7953.48,28772.72,106926.0,135698.72,2016
Jackson M Holland,Sr Public Defenders Invstgtor,102213.78,0.0,0.0,31984.8,102213.78,134198.58,2016
Jackson K Lau,Transit Operator,71094.25,24533.43,4751.08,31558.19,100378.76,131936.95,2016
Deedra R Jackson,Sr. Community Devl Spc 1,99964.2,0.0,0.0,31537.27,99964.2,131501.47,2016
Gloria J Jackson,Transit Operator,69670.17,27599.2,686.22,30008.57,97955.59,127964.16,2016
Prentiss A Jackson,Employment & Training Spec 5,95407.11,0.0,0.0,30676.82,95407.11,126083.93,2016
Sheila Davis-Jackson,Health Program Coordinator 2,94497.5,0.0,0.0,30578.49,94497.5,125075.99,2016
Erika S Jackson,Planner 2,93105.67,0.0,0.0,30315.46,93105.67,123421.13,2016
Walter B Jackson Jr,Transit Supervisor,85437.0,538.75,3327.94,32164.01,89303.69,121467.7,2016
Reginauld W Jackson,Health Program Planner,90560.91,0.0,0.0,30448.57,90560.91,121009.48,2016
Michael E Jackson,Transit Operator,70059.63,14187.55,5025.15,31154.79,89272.33,120427.12,2016
Bernadette Jackson,Human Services Technician,68148.4,18203.21,5699.55,26679.15,92051.16,118730.31,2016
Jon A Jackson,Librarian 1,88080.93,0.0,624.0,29405.53,88704.93,118110.46,2016
Jackson G Song,Custodian,58863.3,30810.29,2341.88,24228.28,92015.47,116243.75,2016
Floyd Jackson Jr,Transit Operator,68735.43,11057.26,2324.05,29945.16,82116.74,112061.9,2016
Steven W Jackson,Transit Operator,72127.51,7931.67,1616.94,29776.38,81676.12,111452.5,2016
Shante K Jackson,Employment & Training Spec 3,81919.41,0.0,0.0,28795.36,81919.41,110714.77,2016
Michael L Jackson,Transit Operator,69895.03,7582.25,3615.0,29279.47,81092.28,110371.75,2016
Cheryll A Jackson,Principal Clerk,71982.85,10941.38,0.0,26965.64,82924.23,109889.87,2016
Wanda R Jackson,Transit Operator,65556.47,11068.49,4225.84,29022.67,80850.8,109873.47,2016
Jessie M Jackson,Parking Control Officer,65538.12,13619.81,1467.83,25780.84,80625.76,106406.6,2016
Anitha F Jackson,Diagnostic Imaging Assistant,70643.58,9003.63,250.0,25986.63,79897.21,105883.84,2016
Shalane S Jackson,Police Officer,72991.8,3252.81,808.23,26224.81,77052.84,103277.65,2016
Charlene D Jackson,Parking Control Officer,65354.49,10472.02,926.04,25612.88,76752.55,102365.43,2016
Corey W Jackson,General Laborer,66518.01,2712.21,5071.28,25854.27,74301.5,100155.77,2016
Chauncey L Jackson,Asst General Services Manager,71505.62,0.0,2.82,28072.56,71508.44,99581.0,2016
Philip R Jackson,Media Production Tech,66563.42,2361.64,1801.48,27890.95,70726.54,98617.49,2016
Damon O Jackson,Track Maintenance Worker,57947.9,10000.7,2715.2,24837.48,70663.8,95501.28,2016
Nakisha L Jackson,HSA Sr Eligibility Worker,69381.04,0.0,160.0,24050.09,69541.04,93591.13,2016
Rondaa Jackson,Transit Operator,52700.32,11769.09,3272.54,24859.92,67741.95,92601.87,2016
Dennis Jackson,Automotive Mechanic,64575.95,1639.59,878.6,25199.54,67094.14,92293.68,2016
Kareem D Jackson,Custodial Assistant Supervisor,62020.4,1123.07,2842.95,25463.25,65986.42,91449.67,2016
Anthony Jackson,Porter,58856.01,6821.13,754.53,23865.32,66431.67,90296.99,2016
Lisa J Jackson,Senior Clerk Typist,64028.17,13.76,621.7,24804.18,64663.63,89467.81,2016
Georgia M Jackson,Health Worker 3,64220.82,128.03,0.0,24769.87,64348.85,89118.72,2016
Kenneth W Jackson,General Laborer,57161.65,787.79,5376.84,24535.78,63326.28,87862.06,2016
Eeon K Jackson,Transit Operator,49660.07,6727.83,3290.25,26881.79,59678.15,86559.94,2016
Cedric V Jackson Jr,Principal Clerk,60599.61,62.3,8.86,24426.3,60670.77,85097.07,2016
Jackson Torres,HSA Sr Eligibility Worker,54852.61,2654.44,1060.0,25342.22,58567.05,83909.27,2016
Barbara Jackson,Sr Cent Proc & Dist Tech,51048.97,1339.88,13891.01,17065.26,66279.86,83345.12,2016
Lee A Jackson,Health Worker 1,57163.0,558.89,624.0,23550.27,58345.89,81896.16,2016
Timothy Jackson,Transit Operator,48034.39,5360.04,1756.61,25905.26,55151.04,81056.3,2016
Derwin W Jackson,Clerk,56336.91,0.0,0.0,23772.39,56336.91,80109.3,2016
John Jackson Jr,Transit Operator,45935.23,3608.01,569.56,24911.25,50112.8,75024.05,2016
Derrick D Jackson,Health Worker 2,52419.02,0.0,242.15,18421.12,52661.17,71082.29,2016
Veronica Jackson,Transit Operator,41658.35,4825.75,719.04,23144.68,47203.14,70347.82,2016
Anthony E Jackson,Transit Car Cleaner,35650.46,8693.12,4804.88,20551.32,49148.46,69699.78,2016
Jermaine Jackson Jr,Environmental Service Worker,42637.54,3072.43,1312.2,20314.45,47022.17,67336.62,2016
Chanetta V Jackson,Librarian 1,46052.26,0.0,849.88,15473.61,46902.14,62375.75,2016
Felecia A Jackson,Nursing Assistant,37004.28,5822.73,3837.01,14168.65,46664.02,60832.67,2016
Seslie M Jackson,Senior Clerk,40280.54,34.18,0.0,19642.05,40314.72,59956.77,2016
Deilia A Jackson Darby,Coord of Citizen Involvement,45649.3,0.0,0.0,13798.74,45649.3,59448.04,2016
Kevin E Jackson,Truck Driver,35713.7,0.0,3991.37,19016.52,39705.07,58721.59,2016
Aisha N Jackson,Transit Operator,35352.46,2041.03,780.15,19065.77,38173.64,57239.41,2016
Jai A Jackson,"StdntDsgnTrain3, Arch/Eng/Plng",37336.65,0.0,0.0,11039.54,37336.65,48376.19,2016
Sharon C Jackson,Chief Deputy Adlt Probation Of,43121.59,0.0,0.0,2323.2,43121.59,45444.79,2016
Jackson Muhirwe,Technology Expert I,35249.5,0.0,0.0,9866.97,35249.5,45116.47,2016
Jackson Chan,Deputy Sheriff 1,23355.0,8180.68,1414.79,9949.42,32950.47,42899.89,2016
Steven Jackson Ii,Parking Control Officer,22900.57,3401.41,425.07,15574.95,26727.05,42302.0,2016
Tarmail R Jackson,Registered Nurse,30360.0,0.0,765.34,8994.43,31125.34,40119.77,2016
Sukia Jackson,Transit Operator,25268.79,246.35,808.59,13785.66,26323.73,40109.39,2016
Kavon Y Jackson,Unit Clerk,26512.49,0.0,200.0,12535.85,26712.49,39248.34,2016
Kuzuri B Jackson,Recreation Facility Assistant,24631.94,0.0,333.16,11776.91,24965.1,36742.01,2016
Linda R Jackson,Library Page,23846.77,0.0,352.99,11947.5,24199.76,36147.26,2016
Patrick C Jackson,Communications Dispatcher 2,27871.4,102.14,1138.7,6452.97,29112.24,35565.21,2016
George J Jackson,Recreation Coordinator,29587.15,0.0,0.0,5684.69,29587.15,35271.84,2016
Shronda G Jackson,Library Page,21898.34,0.0,408.57,11392.0,22306.91,33698.91,2016
Jaree A Jackson,Public Service Trainee,22319.94,0.0,0.0,11284.21,22319.94,33604.15,2016
Jacqueline Jackson,Medical Evaluations Assistant,17201.86,0.0,0.0,8004.68,17201.86,25206.54,2016
Adrian C Jackson,Fingerprint Technician 2,15924.0,0.0,2671.6,6190.71,18595.6,24786.31,2016
Miesha S Jackson,Publ Svc Aide-Asst to Prof,15370.3,0.0,0.0,5089.88,15370.3,20460.18,2016
Courtney B Jackson,Publ Svc Aide-Asst to Prof,14368.34,0.0,0.0,4719.4,14368.34,19087.74,2016
Marquise J Jackson,Transit Operator,11621.98,1060.79,131.14,6257.73,12813.91,19071.64,2016
Troy D Jackson,Transit Operator,11659.54,478.42,180.48,6282.93,12318.44,18601.37,2016
Joni M Jackson,Transit Operator,2918.56,0.0,7794.07,5835.78,10712.63,16548.41,2016
Stefanie Jackson,Transit Operator,11099.22,0.0,250.0,4794.09,11349.22,16143.31,2016
Chauncy Jackson,Public Svc Aide-Public Works,9350.26,0.0,804.57,5334.55,10154.83,15489.38,2016
Ryan C Jackson,Senior Management Assistant,4773.14,0.0,8982.75,1668.12,13755.89,15424.01,2016
Jackson J Wong,Manager V,14553.79,0.0,0.0,699.02,14553.79,15252.81,2016
Marques D Jackson,Public Svc Aide-Public Works,8761.18,149.36,239.42,3593.13,9149.96,12743.09,2016
Doretha J Jackson,School Crossing Guard,9092.4,0.0,0.0,3351.0,9092.4,12443.4,2016
Bernadette C Jackson,School Crossing Guard,8614.02,0.0,0.0,3173.49,8614.02,11787.51,2016
Janet T Jackson,School Crossing Guard,8108.65,0.0,0.0,3131.13,8108.65,11239.78,2016
Kuzuri B Jackson,Recreation Leader,7092.98,0.0,0.0,3670.14,7092.98,10763.12,2016
Jackson M Litle,Pool Lifeguard,6848.13,0.0,58.99,2250.64,6907.12,9157.76,2016
Johnny R Jackson,Public Svc Aide-Public Works,4971.64,0.0,0.0,2051.32,4971.64,7022.96,2016
Jackson P La Belle,Public Service Trainee,3981.13,0.0,7.1,1963.04,3988.23,5951.27,2016
Charles R Jackson,School Crossing Guard,4161.94,0.0,34.96,1592.3,4196.9,5789.2,2016
Danita E Jackson,Public Service Trainee,3734.07,0.0,0.0,1647.24,3734.07,5381.31,2016
Jackson J Wong,Dep Dir V,4644.65,0.0,0.0,163.76,4644.65,4808.41,2016
Jackson P Henley,Public Service Trainee,3138.25,0.0,7.28,1522.87,3145.53,4668.4,2016
Laron M Jackson,Public Svc Aide-Public Works,1968.13,0.0,59.93,778.88,2028.06,2806.94,2016
Lynn A Jackson,Transit Operator,1585.42,0.0,0.0,898.73,1585.42,2484.15,2016
Moses B Jackson,Public Svc Aide-Public Works,1166.45,0.0,753.93,542.99,1920.38,2463.37,2016
Chantel J Jackson,Public Service Trainee,1678.56,0.0,0.0,740.7,1678.56,2419.26,2016
Jennifer R Jackson,Public Service Trainee,1642.99,0.0,0.0,725.24,1642.99,2368.23,2016
Teresa A Jackson,Junior Clerk,860.94,691.84,0.0,269.12,1552.78,1821.9,2016
Aeronda Y Jackson,Museum Guard,940.25,0.0,0.0,219.21,940.25,1159.46,2016
Naji A Jackson,Recreation Leader,714.86,0.0,0.0,339.44,714.86,1054.3,2016
Ameere R Jackson,Public Svc Aide-Public Works,28.45,0.0,0.0,11.48,28.45,39.93,2016
Jason H Jackson,Sheriff's Captain,168120.02,56951.32,14399.6,64161.39,239470.94,303632.33,2017
Damon A Jackson,Sergeant 3,144287.52,57636.46,32361.76,41502.29,234285.74,275788.03,2017
Tori R Jackson,Deputy Sheriff,106349.0,88177.16,24103.5,50403.7,218629.66,269033.36,2017
William D Jackson,"Insp, Fire Dept",139812.06,68138.36,13981.2,42392.4,221931.62,264324.02,2017
Derrick R Jackson,Lieutenant 3,147561.63,40618.32,8551.68,42057.85,196731.63,238789.48,2017
Jennifer E Jackson,Lieutenant 3,171523.48,14878.68,855.51,48623.86,187257.67,235881.53,2017
Ethan H Jackson,"Lieutenant, Fire Suppression",143336.88,19444.38,23113.72,47238.74,185894.98,233133.72,2017
Donald R Jackson Ii,Sergeant 3,144332.11,19313.78,17084.56,41816.34,180730.45,222546.79,2017
Jackson Muhirwe,Dep Dir III,160985.38,0.0,0.0,49115.76,160985.38,210101.14,2017
Leon F Jackson,Police Officer 3,123614.17,45486.49,820.04,37467.96,169920.7,207388.66,2017
Ryan W Jackson,Electrician Supervisor 1,118511.93,33387.28,3428.65,38946.34,155327.86,194274.2,2017
Jackson S Yip,IS Engineer-Senior,142954.02,0.0,7205.94,42089.06,150159.96,192249.02,2017
Demitris Jackson,Trasnprt Controller Trainee,100177.1,47510.89,7612.26,36636.18,155300.25,191936.43,2017
Tariq L Jackson,Deputy Sheriff,96659.12,46454.02,7510.88,40842.4,150624.02,191466.42,2017
Tarmail R Jackson,Registered Nurse,133053.29,1413.65,3941.09,42777.03,138408.03,181185.06,2017
Jo-Theresa Elias-Jackson,IS Business Analyst-Principal,139526.04,0.0,0.0,40475.01,139526.04,180001.05,2017
Donald R Jackson,Deputy Sheriff,106349.0,11244.45,7349.66,44829.93,124943.11,169773.04,2017
Kamau J. Jackson,Police Officer 2,114433.25,14398.96,1092.21,37472.58,129924.42,167397.0,2017
Ricky J Jackson Jr,Deputy Sheriff,106349.0,5616.61,9457.92,45670.11,121423.53,167093.64,2017
Shawn L Jackson,Police Officer 2,121224.0,3534.84,2983.6,37265.57,127742.44,165008.01,2017
Shalane S Jackson,Police Officer,83194.92,44577.73,4211.67,31452.96,131984.32,163437.28,2017
Jackson Chan,Deputy Sheriff 1,73771.9,51481.84,5501.7,31409.55,130755.44,162164.99,2017
Deilia A Jackson Darby,Coord of Citizen Involvement,120464.01,0.0,3310.66,37985.32,123774.67,161759.99,2017
Jackson Gee,Manager I,115496.22,0.0,0.0,44609.08,115496.22,160105.3,2017
Steve Jackson,Senior Const Inspector,120230.0,0.0,2822.12,36804.76,123052.12,159856.88,2017
Rebecca E Jackson,Manager II,105241.04,0.0,27194.68,25134.03,132435.72,157569.75,2017
Raymond A Jackson,Plumber,108232.04,5934.85,2768.0,38550.36,116934.89,155485.25,2017
Cynthia Jennifer Jackson,Principal Environ Specialist,113386.37,0.0,0.0,36808.19,113386.37,150194.56,2017
Daryl B Jackson,Dist Atty Investigator (SFERS),117516.08,0.0,7050.96,25530.5,124567.04,150097.54,2017
Shamica L Jackson,Senior Administrative Analyst,111097.04,0.0,0.0,35522.44,111097.04,146619.48,2017
Eddie T Jackson,Automotive Mechanic,81503.82,13569.67,16608.77,33733.37,111682.26,145415.63,2017
Jackson M Holland,Sr Public Defenders Invstgtor,109050.01,0.0,0.0,35356.36,109050.01,144406.37,2017
Kevin D Jackson,Arborist Technician Supv II,103348.68,3594.08,2873.75,33833.6,109816.51,143650.11,2017
Liller B Jackson,"Counselor, Log Cabin Ranch",80158.01,21650.2,8045.58,31367.1,109853.79,141220.89,2017
Gloria J Jackson,Transit Operator,75327.17,33426.69,674.07,29717.1,109427.93,139145.03,2017
Deedra R Jackson,Sr. Community Devl Spc 1,103064.01,0.0,0.0,34214.54,103064.01,137278.55,2017
Michael E Jackson,Transit Operator,76049.28,22902.06,5547.77,30911.39,104499.11,135410.5,2017
Walter B Jackson Jr,Transit Supervisor,93166.8,1891.7,3367.18,34671.05,98425.68,133096.73,2017
Glenn I Jackson,Senior Administrative Analyst,109423.54,0.0,0.0,23277.25,109423.54,132700.79,2017
Reginauld W Jackson,Health Program Planner,98168.04,0.0,0.0,33895.47,98168.04,132063.51,2017
Jackson K Lau,Transit Operator,75521.1,21173.02,4393.64,30460.21,101087.76,131547.97,2017
Sheila Davis-Jackson,Health Program Coordinator 2,97428.15,0.0,0.0,32991.08,97428.15,130419.23,2017
Rondaa Jackson,Transit Operator,75730.2,17997.4,4445.2,30554.69,98172.8,128727.49,2017
Jon A Jackson,Librarian 1,90832.06,0.0,624.0,31966.98,91456.06,123423.04,2017
Dennis Jackson,Automotive Mechanic,87753.05,2279.02,0.0,32862.1,90032.07,122894.17,2017
Bernadette Jackson,Human Services Technician,70276.0,21361.82,2088.57,28323.23,93726.39,122049.62,2017
Erika S Jackson,Planner 3,90516.57,0.0,0.0,30693.94,90516.57,121210.51,2017
Jackson G Song,Custodian,60706.0,31677.54,2116.13,26508.64,94499.67,121008.31,2017
Shante K Jackson,Employment & Training Spec 3,88630.05,0.0,0.0,31929.34,88630.05,120559.39,2017
Steven W Jackson,Transit Operator,76844.55,9481.57,1330.26,30812.07,87656.38,118468.45,2017
Michael L Jackson,Transit Operator,76369.23,4574.31,2787.86,30867.35,83731.4,114598.75,2017
Chauncey L Jackson,Asst General Services Manager,79515.07,0.0,292.68,32837.39,79807.75,112645.14,2017
Cheryll A Jackson,Principal Clerk,77904.06,3884.63,0.0,29857.75,81788.69,111646.44,2017
Damon O Jackson,Track Maintenance Worker,62721.51,15321.06,2651.2,27834.39,80693.77,108528.16,2017
Jessie M Jackson,Parking Control Officer,67588.0,11051.14,1511.7,27993.76,80150.84,108144.6,2017
Marquise J Jackson,Transit Operator,50503.73,25751.68,1672.02,27352.62,77927.43,105280.05,2017
Wanda R Jackson,Transit Operator,60667.88,13496.27,4676.23,24674.47,78840.38,103514.85,2017
Floyd Jackson Jr,Transit Operator,74630.89,9627.54,2138.99,16273.14,86397.42,102670.56,2017
Anitha F Jackson,Diagnostic Imaging Assistant,72777.96,1029.07,250.0,28328.75,74057.03,102385.78,2017
Corey W Jackson,General Laborer,68588.0,2514.16,3147.42,27949.63,74249.58,102199.21,2017
Anthony Jackson,Porter,60706.0,9459.5,769.76,26129.92,70935.26,97065.18,2017
Jackson Torres,HSA Sr Eligibility Worker,59346.6,8073.76,1520.0,27261.62,68940.36,96201.98,2017
Cedric V Jackson Jr,Principal Clerk,67403.62,0.0,0.0,27725.86,67403.62,95129.48,2017
Eeon K Jackson,Transit Operator,57628.01,6909.05,2701.75,27443.27,67238.81,94682.08,2017
Lisa J Jackson,Senior Clerk Typist,66264.02,0.0,624.0,27190.72,66888.02,94078.74,2017
David Jackson,Criminalist III,65556.62,7142.57,2374.21,18056.63,75073.4,93130.03,2017
Timothy Jackson,Transit Operator,58059.84,4396.97,1513.19,27556.72,63970.0,91526.72,2017
John Jackson Jr,Transit Operator,58325.33,5186.62,563.88,27107.43,64075.83,91183.26,2017
Veronica Jackson,Transit Operator,54954.32,6962.44,894.12,27751.92,62810.88,90562.8,2017
Aisha N Jackson,Transit Operator,55669.57,3369.4,1042.85,27677.39,60081.82,87759.21,2017
Krishna S Jackson,Hospital Eligibility Worker,61407.87,637.7,125.0,24962.89,62170.57,87133.46,2017
Nakisha L Jackson,HSA Sr Eligibility Worker,59483.6,0.0,755.0,25147.61,60238.6,85386.21,2017
Lee A Jackson,Health Worker 1,58940.0,0.0,624.0,25766.88,59564.0,85330.88,2017
Derwin W Jackson,Clerk,58096.07,0.0,0.0,26771.99,58096.07,84868.06,2017
Derrick D Jackson,Health Worker 2,56945.4,0.0,0.0,27252.02,56945.4,84197.42,2017
Kareem D Jackson,Custodial Assistant Supervisor,54242.25,1384.93,1982.99,22843.01,57610.17,80453.18,2017
Troy D Jackson,Transit Operator,49002.37,3529.31,1003.71,26220.24,53535.39,79755.63,2017
Kenneth W Jackson,General Laborer,53496.4,0.0,212.5,23363.32,53708.9,77072.22,2017
Georgia M Jackson,Health Worker 3,52643.91,0.0,0.0,21082.25,52643.91,73726.16,2017
Charlene D Jackson,Parking Control Officer,41895.81,4186.26,797.4,17422.12,46879.47,64301.59,2017
Ebony D Jackson,"Counselor,Log Cabin Rnch SFERS",41596.33,3059.87,965.4,17539.41,45621.6,63161.01,2017
Philip R Jackson,Media Production Tech,38688.44,24.51,837.48,16380.13,39550.43,55930.56,2017
Vanessa M Jackson,Protective Services Worker,40203.0,0.0,0.0,8274.01,40203.0,48477.01,2017
Chanetta V Jackson,Librarian 1,25802.0,0.0,13028.65,9048.65,38830.65,47879.3,2017
Prentiss A Jackson,Employment & Training Spec 5,26996.8,0.0,9342.94,8958.28,36339.74,45298.02,2017
Anthony E Jackson,Transit Car Cleaner,28149.49,6888.59,3598.89,6339.78,38636.97,44976.75,2017
Laura K O'Reilly-Jackson,Public SafetyComm Disp,16213.77,2886.97,19784.18,5647.67,38884.92,44532.59,2017
Frederick C Jackson Jr,Transit Operator,23974.43,2390.25,847.81,13317.6,27212.49,40530.09,2017
Kavon Y Jackson,Senior Clerk,25263.16,361.92,668.54,14197.31,26293.62,40490.93,2017
Linda R Jackson,Library Page,25976.88,0.0,388.07,13399.59,26364.95,39764.54,2017
Sharraine Jackson,Public SafetyComm Disp,27472.0,606.0,614.09,10407.58,28692.09,39099.67,2017
Stefanie Jackson,Transit Operator,30354.39,1529.97,376.26,6610.34,32260.62,38870.96,2017
Seslie M Jackson,Senior Clerk,25581.65,0.0,90.36,12793.7,25672.01,38465.71,2017
Steven Jackson Ii,Parking Control Officer,19002.13,547.18,132.35,18718.32,19681.66,38399.98,2017
Kuzuri B Jackson,Recreation Facility Assistant,29684.14,0.0,261.78,7855.66,29945.92,37801.58,2017
Shronda G Jackson,Library Page,23353.42,0.0,443.94,12470.89,23797.36,36268.25,2017
Eric L Jackson,Transit Supervisor,19248.0,4514.26,5039.79,7429.1,28802.05,36231.15,2017
Jai A Jackson,"StdntDsgnTrain3, Arch/Eng/Plng",29049.71,0.0,0.0,5924.84,29049.71,34974.55,2017
George J Jackson,Recreation Coordinator,30555.6,0.0,0.0,114.45,30555.6,30670.05,2017
Jackson J Wong,Manager V,28266.89,0.0,0.0,282.66,28266.89,28549.55,2017
Janet T Jackson,Patient Care Assistant,19992.62,1180.54,1887.96,4318.79,23061.12,27379.91,2017
Jackson West,Public Service Trainee,16167.37,0.0,0.0,7574.84,16167.37,23742.21,2017
Rodney L Jackson,Public Svc Aide-Public Works,16165.63,0.0,0.0,7240.45,16165.63,23406.08,2017
Jeffrey P Jackson,StdntDsgn Train2/Arch/Eng/Plng,20737.03,0.0,0.0,207.36,20737.03,20944.39,2017
Patrick C Jackson,Communications Dispatcher 2,15587.27,520.82,751.66,2297.17,16859.75,19156.92,2017
Maurice V Jackson,Environmental Service Worker,17190.23,0.0,1659.84,236.06,18850.07,19086.13,2017
Jasmine J Jackson,Public Service Trainee,13375.0,181.5,565.9,201.45,14122.4,14323.85,2017
Laron M Jackson,Public Svc Aide-Public Works,12892.71,191.23,484.44,188.2,13568.38,13756.58,2017
Kevin E Jackson,Truck Driver,2726.1,0.0,296.61,10553.23,3022.71,13575.94,2017
Ameere R Jackson,Public Svc Aide-Public Works,9290.32,0.0,0.0,4122.66,9290.32,13412.98,2017
Tarmail R Jackson,Special Nurse,10592.06,0.0,516.55,1962.75,11108.61,13071.36,2017
Courtney B Jackson,Publ Svc Aide-Asst to Prof,12367.33,0.0,0.0,123.74,12367.33,12491.07,2017
Mariya L Jackson,Public Service Trainee,10134.34,0.0,0.0,170.18,10134.34,10304.52,2017
Colin V Jackson,PS Aide Health Services,9315.19,0.0,0.0,93.16,9315.19,9408.35,2017
Doretha J Jackson,School Crossing Guard,9045.95,0.0,0.0,32.21,9045.95,9078.16,2017
Bernadette C Jackson,School Crossing Guard,8797.58,0.0,0.0,31.25,8797.58,8828.83,2017
Jackson J Wong,Dep Dir V,6928.5,0.0,0.0,69.28,6928.5,6997.78,2017
Lauren H Jackson,Special Nurse,6066.22,0.0,683.41,67.5,6749.63,6817.13,2017
Janet T Jackson,School Crossing Guard,5053.41,0.0,0.0,973.41,5053.41,6026.82,2017
Kuzuri B Jackson,Recreation Leader,4404.39,0.0,29.88,1009.62,4434.27,5443.89,2017
Jackson P La Belle,Recreation Leader,3982.69,0.0,8.17,39.93,3990.86,4030.79,2017
Jackson B Heather,Public Service Trainee,2887.5,0.0,0.0,28.88,2887.5,2916.38,2017
Chaiyia T Taylor-Jackson,Public Service Trainee,2619.0,0.0,0.0,26.19,2619.0,2645.19,2017
Jackson P Henley,Public Service Trainee,2489.0,0.0,2.08,24.91,2491.08,2515.99,2017
Maiyio J Taylor-Jackson,Public Service Trainee,2359.0,0.0,0.0,23.59,2359.0,2382.59,2017
Jackson T Rose,Public Service Trainee,1969.5,0.0,0.0,19.7,1969.5,1989.2,2017
Aeronda Y Jackson,Museum Guard,1821.89,0.0,0.0,18.22,1821.89,1840.11,2017
Corey D Jackson,Testing Technician,1098.11,277.72,0.0,13.76,1375.83,1389.59,2017
Jackson M Litle,Pool Lifeguard,919.2,0.0,22.98,9.42,942.18,951.6,2017
Richard L Jackson,Custodian,934.52,0.0,0.0,9.35,934.52,943.87,2017
Jaree A Jackson,Public Service Trainee,0.0,0.0,909.89,0.0,909.89,909.89,2017
Pepito R Jackson,Public Svc Aide-Public Works,716.02,0.0,0.0,0.0,716.02,716.02,2017
Jason H Jackson,Sheriff's Captain,173158.04,32215.72,14802.64,76607.11,220176.4,296783.51,2018
Tori R Jackson,Deputy Sheriff,109842.03,92145.48,22950.84,59708.83,224938.35,284647.18,2018
Derrick R Jackson,Lieutenant 3,169162.73,37899.25,16568.79,49536.38,223630.77,273167.15,2018
Damon A Jackson,Sergeant 3,148420.0,35606.99,26497.47,44084.2,210524.46,254608.66,2018
Demitris Jackson,Transportation Controller,110035.2,91259.28,7838.32,40154.13,209132.8,249286.93,2018
Ethan H Jackson,"Captain, Fire Suppression",159305.82,15115.54,19913.1,51074.37,194334.46,245408.83,2018
Leon F Jackson,Police Officer 3,126756.6,68175.59,946.23,39491.93,195878.42,235370.35,2018
Donald R Jackson Ii,Sergeant 3,148183.38,22615.29,18013.77,43755.09,188812.44,232567.53,2018
Jennifer E Jackson,Lieutenant 3,171945.78,2575.46,3893.6,51657.15,178414.84,230071.99,2018
William D Jackson,"Insp, Fire Dept",142994.32,23509.85,14299.4,44471.17,180803.57,225274.74,2018
Jackson S Yip,IS Engineer-Senior,147252.04,0.0,10825.47,44132.4,158077.51,202209.91,2018
Shalane S Jackson,Police Officer,89674.6,71982.85,4886.47,34099.64,166543.92,200643.56,2018
Tariq L Jackson,Deputy Sheriff,84407.42,65751.35,7631.55,42200.04,157790.32,199990.36,2018
Ryan W Jackson,Electrician Supervisor 1,121762.02,29905.89,2655.98,40728.08,154323.89,195051.97,2018
Tarmail R Jackson,Registered Nurse,141409.26,0.0,3975.08,45506.26,145384.34,190890.6,2018
Jackson Chan,Deputy Sheriff (SFERS),90587.71,53901.86,6299.97,35199.14,150789.54,185988.68,2018
Kamau J. Jackson,Police Officer 2,122768.5,16687.2,1599.42,39901.1,141055.12,180956.22,2018
Donald R Jackson,Deputy Sheriff,109829.51,5515.14,7539.73,52444.06,122884.38,175328.44,2018
Shawn L Jackson,Police Officer 3,124768.26,7728.27,3483.5,39247.79,135980.03,175227.82,2018
Raymond A Jackson,Plumber,115196.63,6145.18,4977.99,40995.7,126319.8,167315.5,2018
Jo-Theresa Elias-Jackson,IS Business Analyst-Principal,128329.16,0.0,0.0,38662.26,128329.16,166991.42,2018
Deilia A Jackson Darby,Coord of Citizen Involvement,121650.02,0.0,3325.18,38700.23,124975.2,163675.43,2018
Cynthia Jennifer Jackson,Principal Environ Specialist,122589.07,0.0,0.0,39432.5,122589.07,162021.57,2018
Eddie T Jackson,Automotive Mechanic,90380.03,15110.35,18271.07,37862.67,123761.45,161624.12,2018
Ricky J Jackson Jr,Deputy Sheriff,101609.04,1160.17,9078.67,49054.01,111847.88,160901.89,2018
Shamica L Jackson,Senior Administrative Analyst,121017.33,0.0,0.0,38918.89,121017.33,159936.22,2018
Gloria J Jackson,Transit Operator,78056.75,40391.8,2136.75,31888.88,120585.3,152474.18,2018
Jackson Gee,Manager I,125744.67,0.0,0.0,26171.74,125744.67,151916.41,2018
Jackson M Holland,Sr Public Defenders Invstgtor,112322.0,0.0,0.0,37323.57,112322.0,149645.57,2018
Ryan C Jackson,Regulatory Specialist,112042.43,0.0,0.0,36556.83,112042.43,148599.26,2018
Kevin D Jackson,Arborist Technician Supv II,106440.17,0.0,4983.12,35279.84,111423.29,146703.13,2018
Erika S Jackson,Planner 3,107076.89,0.0,0.0,36069.69,107076.89,143146.58,2018
Deedra R Jackson,Sr. Community Devl Spc 1,106154.01,0.0,0.0,35457.85,106154.01,141611.86,2018
Glenn I Jackson,Senior Administrative Analyst,112382.14,0.0,0.0,24373.85,112382.14,136755.99,2018
Liller B Jackson,"Counselor, Log Cabin Rch PERS",79956.89,15921.74,8257.04,31789.58,104135.67,135925.25,2018
Sheila Davis-Jackson,Health Program Coordinator 2,100339.55,0.0,40.0,34777.57,100379.55,135157.12,2018
Damon O Jackson,Track Maintenance Worker,67452.82,34604.95,2565.53,29448.67,104623.3,134071.97,2018
Michael E Jackson,Transit Operator,77926.95,13112.53,6029.66,32444.08,97069.14,129513.22,2018
Sharraine Jackson,Public SafetyComm Disp,79378.69,8613.94,9996.18,30458.37,97988.81,128447.18,2018
Shante K Jackson,Employment & Training Spec 3,92572.01,0.0,0.0,34894.39,92572.01,127466.4,2018
Jon A Jackson,Librarian 1,93546.02,0.0,624.0,33066.08,94170.02,127236.1,2018
Chauncey L Jackson,Manager I,97220.14,0.0,0.73,28855.29,97220.87,126076.16,2018
Walter B Jackson Jr,Transit Supervisor,88966.81,82.77,3193.3,32888.94,92242.88,125131.82,2018
Steven W Jackson,Transit Operator,77677.53,14209.08,1135.64,31744.44,93022.25,124766.69,2018
Michael L Jackson,Transit Operator,78459.6,6411.76,4534.74,32668.17,89406.1,122074.27,2018
Anthony E Jackson,Transit Car Cleaner,68738.29,11909.82,10156.4,30695.66,90804.51,121500.17,2018
Bernadette Jackson,Human Services Technician,72380.0,16932.7,2083.72,29625.74,91396.42,121022.16,2018
Jackson G Song,Custodian,62524.0,24480.86,2248.52,28134.81,89253.38,117388.19,2018
Jessie M Jackson,Parking Control Officer,69580.02,15252.8,1740.17,29873.65,86572.99,116446.64,2018
Cheryll A Jackson,Principal Clerk,81950.06,685.2,0.0,31546.97,82635.26,114182.23,2018
Kareem D Jackson,General Laborer Supervisor 1,72470.0,6720.9,2282.96,29163.53,81473.86,110637.39,2018
Marquise J Jackson,Transit Operator,55970.75,22634.52,2547.67,29184.09,81152.94,110337.03,2018
Anitha F Jackson,Diagnostic Imaging Assistant,74987.8,3755.92,657.64,30848.6,79401.36,110249.96,2018
Krishna S Jackson,Hospital Eligibility Worker,68972.47,6445.49,1636.17,28071.44,77054.13,105125.57,2018
Vanessa M Jackson,Protective Services Worker,86922.0,0.0,0.0,17906.8,86922.0,104828.8,2018
Cedric V Jackson Jr,Health Program Coordinator 3,73939.2,0.0,0.0,29766.61,73939.2,103705.81,2018
Timothy Jackson,Transit Operator,66466.2,6098.02,1094.76,29298.7,73658.98,102957.68,2018
Floyd Jackson Jr,Transit Operator,76467.22,6901.57,2121.68,17036.8,85490.47,102527.27,2018
Veronica Jackson,Transit Operator,63465.84,6046.97,1074.52,29953.67,70587.33,100541.0,2018
Kenneth W Jackson,General Laborer,70640.0,828.0,0.0,28237.49,71468.0,99705.49,2018
Corey W Jackson,General Laborer Supervisor 1,66218.42,2154.43,2418.12,26686.62,70790.97,97477.59,2018
Daryl B Jackson,Dist Atty Investigator (SFERS),48503.0,0.0,31779.45,17188.82,80282.45,97471.27,2018
Jackson Torres,HSA Sr Eligibility Worker,65761.9,695.51,1520.0,28342.39,67977.41,96319.8,2018
Anthony Jackson,Porter,62524.0,4785.63,829.5,28178.65,68139.13,96317.78,2018
Troy D Jackson,Transit Operator,56294.43,9288.79,1087.64,28796.16,66670.86,95467.02,2018
Josephine M Jackson,Senior Personnel Clerk,64743.65,0.0,0.0,25166.71,64743.65,89910.36,2018
Eeon K Jackson,Transit Operator,57731.55,3233.01,2369.63,25618.02,63334.19,88952.21,2018
Derrick D Jackson,Health Worker 2,61568.75,0.0,0.0,27023.25,61568.75,88592.0,2018
Derwin W Jackson,Clerk,59835.6,0.0,0.0,28388.36,59835.6,88223.96,2018
Lee A Jackson,Health Worker 1,60655.62,0.0,898.48,25618.13,61554.1,87172.23,2018
Frederick C Jackson Jr,Transit Operator,52596.9,4250.06,1346.91,28457.86,58193.87,86651.73,2018
Nakisha L Jackson,HSA Sr Eligibility Worker,61649.65,0.0,520.0,23109.84,62169.65,85279.49,2018
Annamma K Mathai-Jackson,Attorney (Civil/Criminal),67167.0,0.0,0.0,13369.83,67167.0,80536.83,2018
Lisa J Jackson,Senior Clerk Typist,51869.99,0.0,476.6,21833.77,52346.59,74180.36,2018
Rondaa Jackson,Transit Operator,42521.25,10451.46,3435.99,17708.41,56408.7,74117.11,2018
Georgia M Jackson,Health Worker 3,50531.46,0.0,0.0,20293.59,50531.46,70825.05,2018
Reginauld W Jackson,Health Program Coordinator 3,47944.52,0.0,2282.83,16616.62,50227.35,66843.97,2018
Patrick C Jackson,Communications Dispatcher 1,45954.55,1770.57,1004.24,15324.35,48729.36,64053.71,2018
Janet T Jackson,Patient Care Assistant,46419.94,1252.74,4261.76,12105.93,51934.44,64040.37,2018
John Jackson Jr,Transit Operator,42550.4,1603.32,459.65,18518.03,44613.37,63131.4,2018
Drew R Jackson,Police Officer,43517.0,0.0,0.0,16067.24,43517.0,59584.24,2018
Jackson K Lau,Transit Operator,34333.03,8476.75,2047.18,14108.95,44856.96,58965.91,2018
Dennis Jackson,Automotive Mechanic,40874.98,255.46,137.52,15613.38,41267.96,56881.34,2018
Aisha N Jackson,Transit Operator,34640.84,1884.38,605.35,15606.27,37130.57,52736.84,2018
Kevin E Jackson,Truck Driver,27210.84,4008.0,8.86,16616.66,31227.7,47844.36,2018
Linda R Jackson,Library Page,29144.6,0.0,431.65,14646.46,29576.25,44222.71,2018
Steven Jackson Ii,Parking Control Officer,28454.47,1874.42,523.31,12304.55,30852.2,43156.75,2018
Jai A Jackson,Planner Technician,29765.42,0.0,0.0,8850.88,29765.42,38616.3,2018
Kuzuri B Jackson,Recreation Leader,29654.65,106.31,192.74,7000.71,29953.7,36954.41,2018
Jackson J Wong,Manager V,35222.43,0.0,0.0,352.19,35222.43,35574.62,2018
Alexander E Jackson,Manager III,29008.0,0.0,0.0,6046.58,29008.0,35054.58,2018
Stefanie Jackson,Transit Operator,24195.5,2052.22,478.88,5531.94,26726.6,32258.54,2018
Laura K O'Reilly-Jackson,Communications Dispatcher 2,29221.27,897.95,1345.39,314.65,31464.61,31779.26,2018
George J Jackson,Recreation Coordinator,31413.15,0.0,0.0,194.31,31413.15,31607.46,2018
Jocelyne M Jackson,Mayoral Staff IV,24660.0,0.0,0.0,6366.96,24660.0,31026.96,2018
Joe M Jackson,Gardener,21023.55,411.81,264.24,4993.45,21699.6,26693.05,2018
Kuzuri B Jackson,Recreation Facility Assistant,14852.94,273.92,261.68,3685.63,15388.54,19074.17,2018
Steve Jackson,Senior Const Inspector,7192.64,0.0,192.03,10777.48,7384.67,18162.15,2018
Charlene D Jackson,Parking Control Officer,12147.61,0.0,260.54,5239.67,12408.15,17647.82,2018
Jackson Muhirwe,Dep Dir III,6735.0,0.0,8686.47,1427.97,15421.47,16849.44,2018
Rebecca E Jackson,Manager II,15790.94,0.0,0.0,78.96,15790.94,15869.9,2018
Rodney L Jackson,Public Svc Aide-Public Works,8712.0,0.0,962.56,5894.65,9674.56,15569.21,2018
Jasmine J Jackson,Public Service Trainee,11755.15,0.0,1420.05,2377.44,13175.2,15552.64,2018
Tarmail R Jackson,Special Nurse,10371.67,0.0,509.0,1998.54,10880.67,12879.21,2018
Jeffrey P Jackson,StdntDsgn Train2/Arch/Eng/Plng,10979.73,0.0,1224.41,263.52,12204.14,12467.66,2018
Lauren H Jackson,Special Nurse,9641.26,0.0,1210.99,108.52,10852.25,10960.77,2018
Doretha J Jackson,School Crossing Guard,9744.13,0.0,0.0,58.61,9744.13,9802.74,2018
Jackson K Ratima,Recreation Leader,9380.56,0.0,19.13,94.02,9399.69,9493.71,2018
Bernadette C Jackson,School Crossing Guard,9297.93,0.0,0.0,56.17,9297.93,9354.1,2018
Jackson J Wong,Dep Dir V,7106.4,0.0,0.0,71.06,7106.4,7177.46,2018
Shirley J Jackson,Child Care Specialist,6935.48,0.0,0.0,69.36,6935.48,7004.84,2018
Ebony D Jackson,"Counselor,Log Cabin Rnch SFERS",448.08,0.0,1762.99,4246.46,2211.07,6457.53,2018
Colin V Jackson,PS Aide Health Services,6142.96,0.0,0.0,61.45,6142.96,6204.41,2018
Aeronda Y Jackson,Museum Guard,5204.86,0.0,0.0,52.01,5204.86,5256.87,2018
Jackson West,Public Service Trainee,2601.5,0.0,0.0,2448.98,2601.5,5050.48,2018
Wanda R Jackson,Transit Operator,2914.1,165.6,298.64,1179.23,3378.34,4557.57,2018
Maiyio J Taylor-Jackson,Camp Assistant,3720.0,0.0,22.8,37.43,3742.8,3780.23,2018
Dont'E A Jackson,Camp Assistant,3422.0,0.0,31.2,34.53,3453.2,3487.73,2018
Liller B Jackson,"Counselor, Juvenile Hall PERS",2399.2,0.0,233.92,445.86,2633.12,3078.98,2018
Kavon Y Jackson,Senior Clerk,0.0,0.0,184.06,2817.3,184.06,3001.36,2018
Courtney B Jackson,Publ Svc Aide-Asst to Prof,1932.12,0.0,711.27,19.32,2643.39,2662.71,2018
Jackson B Heather,Public Service Trainee,2533.0,0.0,1.12,25.34,2534.12,2559.46,2018
Jackson P Henley,Public Service Trainee,2052.0,0.0,1.12,20.53,2053.12,2073.65,2018
Teresa A Jackson,Junior Clerk,1127.09,791.96,0.0,19.19,1919.05,1938.24,2018
Corey D Jackson,Testing Technician,1386.39,108.49,0.0,14.95,1494.88,1509.83,2018
Donald A Jackson,Public Svc Aide-Public Works,249.2,0.0,7.94,2.57,257.14,259.71,2018
Janet T Jackson,School Crossing Guard,0.0,0.0,32.61,7.47,32.61,40.08,2018
