EmployeeName,JobTitle,BasePay,OvertimePay,OtherPay,Benefits,TotalPay,TotalPayBenefits,Year
GARY JIMENEZ,CAPTAIN III (POLICE DEPARTMENT),155966.02,245131.88,137811.38,,538909.28,538909.28,2011
JOSE JIMENEZ,POLICE OFFICER III,112380.64,5954.06,14558.73,,132893.43,132893.43,2011
JODY JIMENEZ,FIREFIGHTER,106270.6,5763.59,8320.96,,120355.15,120355.15,2011
JOSE JIMENEZ,SWITCH REPAIRER,61538.4,46386.77,3586.21,,111511.38,111511.38,2011
FERNANDO JIMENEZ,WATER SERVICE INSPECTOR,89315.84,699.05,15984.69,,105999.58,105999.58,2011
RICARDO JIMENEZ,TRANSIT SUPERVISOR,84246.55,17556.42,3913.56,,105716.53,105716.53,2011
JORGE JIMENEZ,TRANSIT OPERATOR,65526.14,23256.39,1892.43,,90674.96,90674.96,2011
DINAH JIMENEZ,BIOLOGIST I/II,87619.02,0.0,0.0,,87619.02,87619.02,2011
ERNESTO JIMENEZ JR,TRUCK DRIVER,73775.01,2282.42,9590.0,,85647.43,85647.43,2011
SARAH JIMENEZ,PROTECTIVE SERVICES WORKER,83883.68,0.0,0.0,,83883.68,83883.68,2011
MARIBEL JIMENEZ,HOSPITAL ELIGIBILITY WORKER,65822.35,1708.6,1185.0,,68715.95,68715.95,2011
CARLOS JIMENEZ,PARKING CONTROL OFFICER,54997.45,6829.39,946.69,,62773.53,62773.53,2011
ARACELI JIMENEZ,TRANSIT OPERATOR,53852.12,2936.78,962.99,,57751.89,57751.89,2011
MARIO JIMENEZ,HEALTH WORKER II,52015.24,0.0,0.0,,52015.24,52015.24,2011
MARISSA JIMENEZ,LEGAL PROCESS CLERK,42941.2,0.0,1000.0,,43941.2,43941.2,2011
URIEL JIMENEZ,TRANSIT OPERATOR,29333.44,7440.93,675.2,,37449.57,37449.57,2011
JOSE BERNAL JIMENEZ,SHERIFF'S CADET,16697.17,422.51,988.46,,18108.14,18108.14,2011
OSCAR JIMENEZ,RECREATION SUPERVISOR,2881.2,0.0,12725.0,,15606.2,15606.2,2011
PABLO JIMENEZ,RECREATION LEADER,12538.48,0.0,131.64,,12670.12,12670.12,2011
FRANCISCO JIMENEZ,RECREATION LEADER,10002.16,0.0,126.02,,10128.18,10128.18,2011
JUAN LOPEZ JIMENEZ,RECREATION LEADER,7836.97,0.0,6.4,,7843.37,7843.37,2011
TERESA JIMENEZ,RECREATION LEADER,6851.56,0.0,36.0,,6887.56,6887.56,2011
YENIA JIMENEZ,PUBLIC SERVICE AIDE-SPECIAL PROGRAMS,3617.14,0.0,0.0,,3617.14,3617.14,2011
ELMER JIMENEZ,PUBLIC SERVICE AIDE-ASSISTANT TO PROFESSIONALS,3176.38,0.0,154.0,,3330.38,3330.38,2011
Jose Jimenez,Police Officer 3,117162.66,16602.06,15369.59,35043.06,149134.31,184177.37,2012
Jody Jimenez,Firefighter,110847.14,11845.39,13741.15,36685.78,136433.68,173119.46,2012
Fernando Jimenez,Water Service Inspector,92800.44,10624.68,16493.26,40625.19,119918.38,160543.57,2012
Jose Jimenez,Switch Repairer,62058.6,53117.4,2030.57,33695.98,117206.57,150902.55,2012
Jorge Jimenez,Transit Operator,65581.93,24450.1,4107.2,40256.92,94139.23,134396.15,2012
Dinah Jimenez,Biologist I/II,89648.04,0.0,5610.56,37173.77,95258.6,132432.37,2012
Sarah Jimenez,Protective Services Worker,89146.89,0.0,0.0,37494.34,89146.89,126641.23,2012
Ernesto Jimenez Jr,Truck Driver,74070.1,2495.43,9502.02,34797.84,86067.55,120865.39,2012
Ricardo Jimenez,Transit Supervisor,72936.93,8078.04,3701.18,31355.9,84716.15,116072.05,2012
Maribel Jimenez,Hospital Eligiblity Worker,69995.89,1848.69,1125.0,31809.94,72969.58,104779.52,2012
Araceli Jimenez,Transit Operator,62332.89,3671.29,743.8,35095.85,66747.98,101843.83,2012
Carlos Jimenez,Parking Control Officer,56006.8,7381.24,964.82,28520.98,64352.86,92873.84,2012
Mario Jimenez,Health Worker 2,55549.79,0.0,0.0,28107.9,55549.79,83657.69,2012
Marissa Jimenez,Legal Process Clerk,47803.03,0.0,1040.0,26920.96,48843.03,75763.99,2012
Uriel Jimenez,Transit Operator,35860.9,5721.89,832.26,20386.48,42415.05,62801.53,2012
Aimee Jimenez,Eligibility Worker,21934.01,0.0,520.0,11521.39,22454.01,33975.4,2012
Octavio Jimenez,Med Examiner's Investigator I,25485.19,1483.19,502.15,2326.39,27470.53,29796.92,2012
Francisco Jimenez,Recreation Leader,8763.12,0.0,86.31,686.95,8849.43,9536.38,2012
Juan Lopez Jimenez,Recreation Leader,8275.51,0.0,3.6,641.41,8279.11,8920.52,2012
Yenia Jimenez,Public Svc Aide-Public Works,5732.3,0.0,0.0,586.71,5732.3,6319.01,2012
Angel Jimenez,Public Service Trainee,2042.88,0.0,0.0,202.83,2042.88,2245.71,2012
Francisco Morazan Jimenez,Swimming Instructor,752.29,0.0,10.13,59.38,762.42,821.8,2012
Francisco Morazan Jimenez,Pool Lifeguard,507.56,0.0,0.0,39.52,507.56,547.08,2012
Pablo Jimenez,Recreation Leader,486.13,0.0,11.45,45.68,497.58,543.26,2012
Jose Bernal Jimenez,Sheriff's Cadet,0.0,0.0,46.06,3.53,46.06,49.59,2012
Jody R Jimenez,Firefighter,116956.7,26337.87,17493.86,40145.93,160788.43,200934.36,2013
Jose  Jimenez,Police Officer 3,123471.05,15748.24,17880.21,37115.47,157099.5,194214.97,2013
Fernando A Jimenez,Water Service Inspector,97251.7,11444.89,17109.71,34231.58,125806.3,160037.88,2013
Jose G Jimenez,Switch Repairer,66882.0,62976.28,2274.75,27386.08,132133.03,159519.11,2013
Dinah G Jimenez,Biologist I/II,95961.56,0.0,7232.22,32772.86,103193.78,135966.64,2013
Jorge  Jimenez,Transit Operator,69639.17,25695.54,4458.02,34804.58,99792.73,134597.31,2013
Ernesto  Jimenez Jr,Truck Driver,80052.0,3848.42,10185.2,31574.48,94085.62,125660.1,2013
Sarah A Jimenez,Protective Services Worker,81517.83,0.0,0.0,27728.9,81517.83,109246.73,2013
Maribel  Jimenez,Hospital Eligiblity Worker,74682.9,2309.15,1475.69,28694.95,78467.74,107162.69,2013
Araceli  Jimenez,Transit Operator,66722.6,3485.07,1042.26,33151.49,71249.93,104401.42,2013
Carlos J Jimenez,Parking Control Officer,59203.5,9647.58,859.55,25567.13,69710.63,95277.76,2013
Mario  Jimenez,Health Worker 2,59805.0,0.0,0.0,25512.24,59805.0,85317.24,2013
Aimee G Jimenez,Eligibility Worker,55028.01,0.0,1540.0,25444.96,56568.01,82012.97,2013
Marissa E Jimenez,Legal Process Clerk,53249.37,0.0,1040.0,25562.91,54289.37,79852.28,2013
Octavio  Jimenez,Med Examiner's Investigator I,53069.64,2221.99,0.0,7781.96,55291.63,63073.59,2013
Uriel  Jimenez,Transit Operator,32797.31,8641.56,266.33,16352.32,41705.2,58057.52,2013
Ricardo  Jimenez,Transit Supervisor,24725.1,2650.33,676.78,9004.89,28052.21,37057.1,2013
Liliana E Guerrero-Jimenez,"StdntDsgnTrain1, Arch/Eng/Plng",14418.74,0.0,0.0,144.18,14418.74,14562.92,2013
Dante B Jimenez,Lighting Fixture Maint Worker,12337.0,39.61,811.2,131.88,13187.81,13319.69,2013
Jose G Jimenez,"StdntDsgnTrain1, Arch/Eng/Plng",11829.2,678.48,0.0,125.06,12507.68,12632.74,2013
Ana M Jimenez,Legal Secretary 1,8650.76,0.0,0.0,86.51,8650.76,8737.27,2013
Juan L Lopez Jimenez,Recreation Leader,7515.0,0.0,9.9,75.26,7524.9,7600.16,2013
Francisco G Jimenez,Recreation Leader,3431.52,0.0,125.53,35.58,3557.05,3592.63,2013
Jody R Jimenez,Firefighter,112703.74,35773.23,17515.07,41991.41,165992.04,207983.45,2014
Jose Jimenez,Police Officer 3,118898.02,19404.87,13016.1,38831.72,151318.99,190150.71,2014
Fernando A Jimenez,Water Service Inspector,96995.61,16823.0,16576.49,36585.57,130395.1,166980.67,2014
Jose G Jimenez,Switch Repairer,66190.0,66068.12,3924.0,29187.12,136182.12,165369.24,2014
Ricardo Jimenez,Transit Supervisor,89128.98,14206.09,2677.35,33912.52,106012.42,139924.94,2014
Dinah G Jimenez,Biologist,94984.01,0.0,8158.87,34621.44,103142.88,137764.32,2014
Glenda M Jimenez,Airport Communications Disp,81344.33,15313.75,1730.74,32979.85,98388.82,131368.67,2014
Jorge Jimenez,Transit Operator,66996.38,23799.4,4106.17,35856.42,94901.95,130758.37,2014
Sarah A Jimenez,Contract Compliance Officer 1,95141.04,0.0,0.0,34660.7,95141.04,129801.74,2014
Ernesto Jimenez Jr,Truck Driver,79281.0,129.19,10046.74,33385.56,89456.93,122842.49,2014
Maribel Jimenez,Hospital Eligiblity Worker,74171.0,2375.13,2005.55,30406.68,78551.68,108958.36,2014
Araceli Jimenez,Transit Operator,63624.23,2179.81,960.26,33853.53,66764.3,100617.83,2014
Carlos J Jimenez,Parking Control Officer,59555.2,6765.57,758.52,27019.29,67079.29,94098.58,2014
Aimee G Jimenez,HSA Sr Eligibility Worker,57547.22,4576.94,1709.5,27457.94,63833.66,91291.6,2014
Octavio Jimenez,Cement Mason,67400.36,4136.43,10.0,19602.67,71546.79,91149.46,2014
Ana M Jimenez,Legal Secretary 1,62390.6,0.0,0.0,23021.9,62390.6,85412.5,2014
Mario Jimenez,Health Worker 2,56744.24,0.0,1834.53,26000.99,58578.77,84579.76,2014
Octavio Jimenez,Med Examiner's Investigator I,49762.39,1228.75,0.0,21625.82,50991.14,72616.96,2014
Marissa E Jimenez,Legal Process Clerk,46959.14,0.0,800.0,22558.49,47759.14,70317.63,2014
Uriel Jimenez,Transit Operator,32285.13,8189.05,172.93,16600.58,40647.11,57247.69,2014
Martha Jimenez,Eligibility Worker,19924.86,11045.63,1710.86,10670.63,32681.35,43351.98,2014
Yenia I Jimenez,PS Aide Health Services,21498.15,13.3,760.0,837.45,22271.45,23108.9,2014
Liliana E Guerrero-Jimenez,StdntDsgn Train2/Arch/Eng/Plng,20993.58,0.0,0.0,209.96,20993.58,21203.54,2014
Dante B Jimenez,Lighting Fixture Maint Worker,7157.2,0.0,580.04,77.38,7737.24,7814.62,2014
Juan L Lopez Jimenez,Recreation Leader,4891.85,0.0,0.0,48.91,4891.85,4940.76,2014
Francisco G Jimenez,Recreation Leader,3000.32,0.0,102.47,31.02,3102.79,3133.81,2014
Fredizminda L Jimenez,Senior Clerk,1765.0,0.0,0.0,473.02,1765.0,2238.02,2014
Joseph C C Jimenez,Transit Operator,595.12,0.0,0.0,162.59,595.12,757.71,2014
Jody R Jimenez,Firefighter,111879.76,15364.3,16896.08,38358.26,144140.14,182498.4,2015
Jose Jimenez,Police Officer 3,120548.51,14197.02,8096.08,37573.34,142841.61,180414.95,2015
Fernando A Jimenez,Water Service Inspector,101733.0,14750.58,14737.12,37920.9,131220.7,169141.6,2015
Jose G Jimenez,Switch Repairer,68394.0,47149.96,5002.8,27975.01,120546.76,148521.77,2015
Glenda M Jimenez,Airport Communications Disp,84157.09,22354.08,1136.31,31790.66,107647.48,139438.14,2015
Dinah G Jimenez,Biologist,98157.03,0.0,7610.38,33009.3,105767.41,138776.71,2015
Sarah A Jimenez,Protective Services Worker,97934.03,0.0,4896.7,34382.54,102830.73,137213.27,2015
Jorge Jimenez,Transit Operator,68134.39,29222.47,4535.44,33699.71,101892.3,135592.01,2015
Ricardo Jimenez,Transit Supervisor,89623.29,8757.5,2556.0,32716.82,100936.79,133653.61,2015
Ernesto Jimenez Jr,Truck Driver,81942.01,0.0,10277.26,33565.31,92219.27,125784.58,2015
Maribel Jimenez,Sen Hospital Eligibility Wrkr,76317.66,7226.46,2022.91,29086.21,85567.03,114653.24,2015
Araceli Jimenez,Transit Operator,65983.71,9918.04,2226.9,32724.06,78128.65,110852.71,2015
Octavio Jimenez,Cement Mason,74619.93,2643.76,680.0,30083.0,77943.69,108026.69,2015
Ana M Jimenez,Legal Secretary 1,68721.21,0.0,0.0,27902.92,68721.21,96624.13,2015
Carlos J Jimenez,Parking Control Officer,62468.8,6593.02,1093.57,26283.56,70155.39,96438.95,2015
Aimee G Jimenez,HSA Sr Eligibility Worker,62453.83,4891.94,1380.0,26851.0,68725.77,95576.77,2015
Mario Jimenez,Health Worker 2,60520.06,0.0,614.95,25455.13,61135.01,86590.14,2015
Marissa E Jimenez,Citizens Complaint Officer,57149.33,0.0,880.0,24881.99,58029.33,82911.32,2015
Elmer F Jimenez,Park Patrol Officer,47756.5,9258.18,426.31,24008.8,57440.99,81449.79,2015
Uriel Jimenez,Transit Operator,41449.44,9142.72,551.45,25767.74,51143.61,76911.35,2015
Fredizminda L Jimenez,Senior Clerk,46180.0,66.19,0.0,24513.81,46246.19,70760.0,2015
Martha Jimenez,Hospital Eligibility Worker,37014.85,12601.6,2166.41,17463.59,51782.86,69246.45,2015
Robert Jimenez,Harbor Security Officer (OCII),42031.0,1306.31,2942.17,21082.21,46279.48,67361.69,2015
Octavio Jimenez,Med Examiner's Investigator I,43740.25,99.98,0.0,17889.88,43840.23,61730.11,2015
Sylvia M Jimenez,Planner 3,52185.08,0.0,0.0,9359.33,52185.08,61544.41,2015
Yenia I Jimenez,PS Aide Health Services,28087.3,0.0,1040.0,7421.81,29127.3,36549.11,2015
Erik Jimenez,"StdntDsgnTrain3, Arch/Eng/Plng",8310.84,0.0,0.0,83.09,8310.84,8393.93,2015
Jocelyn C Jimenez,Licensed Vocational Nurse,7499.6,0.0,0.0,75.01,7499.6,7574.61,2015
Juan L Lopez Jimenez,Recreation Leader,3855.81,0.0,0.0,38.56,3855.81,3894.37,2015
Francisco G Jimenez,Recreation Leader,3555.37,0.0,112.55,36.69,3667.92,3704.61,2015
Liliana E Guerrero-Jimenez,StdntDsgn Train2/Arch/Eng/Plng,1481.57,0.0,0.0,14.82,1481.57,1496.39,2015
Jose Jimenez,Police Officer 3,121288.32,32869.5,11666.42,35430.44,165824.24,201254.68,2016
Jody R Jimenez,Firefighter,113353.11,26567.75,22478.48,37859.84,162399.34,200259.18,2016
Fernando A Jimenez,Water Service Inspector,105990.83,20795.94,17586.27,37713.04,144373.04,182086.08,2016
Jose G Jimenez,Switch Repairer,71240.6,72859.75,5489.28,26259.47,149589.63,175849.1,2016
Glenda M Jimenez,Airport Communications Disp,87560.88,44447.04,3488.81,31094.74,135496.73,166591.47,2016
Dinah G Jimenez,Biologist,102210.58,1161.9,9679.95,32049.05,113052.43,145101.48,2016
Jorge Jimenez,Transit Operator,72770.11,34721.93,5111.74,32344.87,112603.78,144948.65,2016
Ricardo Jimenez,Transit Supervisor,97131.01,10767.28,2572.5,33947.81,110470.79,144418.6,2016
Ernesto Jimenez Jr,Truck Driver,85354.6,2064.45,10630.46,32519.59,98049.51,130569.1,2016
Sylvia M Jimenez,Planner 3,92899.02,0.0,0.0,30989.84,92899.02,123888.86,2016
Maribel Jimenez,Sen Hospital Eligibility Wrkr,79907.18,9733.61,1886.43,28029.17,91527.22,119556.39,2016
Octavio Jimenez,Cement Mason,78480.16,539.18,1170.0,31325.49,80189.34,111514.83,2016
Sarah A Jimenez,Protective Services Worker,66049.34,0.0,23110.35,21393.31,89159.69,110553.0,2016
Aimee G Jimenez,HSA Sr Eligibility Worker,76169.38,1158.99,1380.0,27965.24,78708.37,106673.61,2016
Ana M Jimenez,Legal Secretary 1,75121.44,0.0,0.0,27495.72,75121.44,102617.16,2016
Marissa E Jimenez,Citizens Complaint Officer,69514.26,0.0,1040.0,26586.18,70554.26,97140.44,2016
Carlos J Jimenez,Parking Control Officer,65538.11,2778.53,1813.23,25833.1,70129.87,95962.97,2016
Elmer F Jimenez,Park Patrol Officer,56546.41,9053.51,12.91,24911.76,65612.83,90524.59,2016
Mario Jimenez,Health Worker 2,63230.67,0.0,616.94,24541.84,63847.61,88389.45,2016
Robert Jimenez,Harbor Security Officer (OCII),54151.06,1678.19,3775.22,25257.76,59604.47,84862.23,2016
Fredizminda L Jimenez,Senior Clerk,50567.42,185.15,960.0,24304.77,51712.57,76017.34,2016
Angelina Jimenez,Special Nurse,50005.1,4427.88,7363.57,5083.9,61796.55,66880.45,2016
Martha Jimenez,Hospital Eligibility Worker,43243.9,0.0,1082.52,17593.79,44326.42,61920.21,2016
Uriel Jimenez,Transit Operator,26888.14,7670.55,365.4,22681.57,34924.09,57605.66,2016
Araceli Jimenez Williams,Transit Operator,31136.36,4931.91,2171.16,18789.95,38239.43,57029.38,2016
Marc A Jimenez,Sheriff's Cadet,26329.1,8008.88,250.0,13770.84,34587.98,48358.82,2016
Elvira D Flores Jimenez,Sheriff's Cadet,18238.0,11151.31,1680.46,9810.09,31069.77,40879.86,2016
Yenia I Jimenez,Publ Svc Aide-Asst to Prof,22291.03,0.0,203.72,12403.94,22494.75,34898.69,2016
Gabriel E Jimenez,Custodian,18950.0,461.91,1080.15,5098.35,20492.06,25590.41,2016
Octavio Jimenez,Med Examiner's Investigator I,10222.22,0.0,0.0,7677.75,10222.22,17899.97,2016
Ariel H Jimenez,Registered Nurse,11385.0,0.0,487.03,3418.57,11872.03,15290.6,2016
Erik Jimenez,"StdntDsgnTrain3, Arch/Eng/Plng",11771.57,0.0,0.0,2578.54,11771.57,14350.11,2016
Elizabeth M Jimenez,Public Svc Aide-Public Works,8357.22,0.0,0.0,3294.87,8357.22,11652.09,2016
Erika G Calzada-Jimenez,Police Cadet,8507.79,0.0,0.0,2569.74,8507.79,11077.53,2016
Edgar U Jimenez,Police Officer,7663.2,0.0,0.0,2722.32,7663.2,10385.52,2016
Jocelyn C Jimenez,Licensed Vocational Nurse,6480.79,0.0,0.0,1335.82,6480.79,7816.61,2016
Isidro A Jimenez,Attorney (Civil/Criminal),5885.0,0.0,0.0,1637.17,5885.0,7522.17,2016
Juan L Lopez Jimenez,Recreation Leader,3701.0,0.0,0.0,930.67,3701.0,4631.67,2016
Flora J Reyes-Jimenez,IS Engineer-Journey,2220.0,0.0,0.0,659.9,2220.0,2879.9,2016
Francisco G Jimenez,Recreation Leader,1571.44,0.0,61.39,529.56,1632.83,2162.39,2016
Jody R Jimenez,Firefighter,122852.79,34318.39,25968.51,47678.73,183139.69,230818.42,2017
Jose Jimenez,Police Officer 3,124269.92,28549.74,9123.57,38049.7,161943.23,199992.93,2017
Isidro A Jimenez,Attorney (Civil/Criminal),153964.22,0.0,0.0,45262.92,153964.22,199227.14,2017
Fernando A Jimenez,Water Service Inspector,109258.02,16405.24,18256.44,39967.12,143919.7,183886.82,2017
Ariel H Jimenez,Registered Nurse,119514.36,260.91,5455.67,40553.67,125230.94,165784.61,2017
Glenda M Jimenez,Airport Communications Disp,90312.01,29594.09,5906.51,33445.65,125812.61,159258.26,2017
Flora J Reyes-Jimenez,IS Engineer-Journey,115481.5,0.0,0.0,36288.48,115481.5,151769.98,2017
Dinah G Jimenez,Biologist,105388.13,0.0,11052.1,34575.67,116440.23,151015.9,2017
Jorge Jimenez,Transit Operator,79368.28,34605.74,4462.67,32029.02,118436.69,150465.71,2017
Jose G Jimenez,Switch Repairer,73444.0,41692.21,4719.1,29906.03,119855.31,149761.34,2017
Ricardo Jimenez,Transit Supervisor,100900.5,8531.81,2838.0,35989.91,112270.31,148260.22,2017
Sylvia M Jimenez,Planner 3,101344.84,0.0,0.0,34402.0,101344.84,135746.84,2017
Ernesto Jimenez Jr,Truck Driver,88014.04,0.0,10464.38,34272.19,98478.42,132750.61,2017
Octavio Jimenez,Cement Mason,82091.42,0.0,4984.22,34449.6,87075.64,121525.24,2017
Ana M Jimenez,Legal Secretary 1,81328.94,0.0,0.0,30518.63,81328.94,111847.57,2017
Aimee G Jimenez,HSA Sr Eligibility Worker,77477.03,0.0,1440.0,30034.35,78917.03,108951.38,2017
Marissa E Jimenez,Citizens Complaint Officer,75264.84,0.0,1040.0,29505.91,76304.84,105810.75,2017
Maribel Jimenez,Sen Hospital Eligibility Wrkr,68451.13,4589.59,1560.12,26517.56,74600.84,101118.4,2017
Carlos J Jimenez,Parking Control Officer,67588.0,0.0,1393.32,27925.53,68981.32,96906.85,2017
Robert Jimenez,Marina Assistant,62831.0,1250.46,4398.17,28086.51,68479.63,96566.14,2017
Elmer F Jimenez,Park Patrol Officer,61205.6,4298.0,486.64,26612.59,65990.24,92602.83,2017
Marc A Jimenez,Sheriff's Cadet,45035.8,20367.47,500.0,24849.09,65903.27,90752.36,2017
Elvira D Flores Jimenez,Sheriff's Cadet,44632.0,16673.13,3657.61,25435.53,64962.74,90398.27,2017
Jason S Jimenez,Senior Human Resources Analyst,66828.55,0.0,0.0,21658.87,66828.55,88487.42,2017
Fredizminda L Jimenez,Senior Clerk,54732.22,816.39,1160.0,27002.79,56708.61,83711.4,2017
Angelina Jimenez,Registered Nurse,58781.09,2002.4,6131.3,16128.48,66914.79,83043.27,2017
Uriel Jimenez,Transit Operator,44736.01,12299.93,452.34,24373.21,57488.28,81861.49,2017
Gabriel E Jimenez,Custodian,50888.67,936.64,2874.28,24877.35,54699.59,79576.94,2017
Angelina Jimenez,Special Nurse,39994.0,2888.29,7694.65,10010.95,50576.94,60587.89,2017
Juan C Jimenez-Almanza,Police Officer,42277.0,0.0,0.0,15707.22,42277.0,57984.22,2017
Araceli Jimenez Williams,Transit Operator,28577.15,3727.85,898.51,22083.56,33203.51,55287.07,2017
Carlos L Jimenez,Public Service Trainee,26597.75,13360.66,262.47,6410.69,40220.88,46631.57,2017
Veronica M Jimenez,Medical Evaluations Assistant,28293.21,60.95,290.0,13867.72,28644.16,42511.88,2017
Edgar U Jimenez,Police Officer,24266.8,0.0,0.0,8865.44,24266.8,33132.24,2017
Erika G Calzada-Jimenez,Police Cadet,27766.85,0.0,0.0,3354.89,27766.85,31121.74,2017
Elizabeth M Jimenez,Public Svc Aide-Public Works,6281.15,0.0,109.9,2881.2,6391.05,9272.25,2017
Elsa Jimenez,Public SafetyComm Disp,6464.0,363.6,0.0,2429.48,6827.6,9257.08,2017
Mario Jimenez,Health Worker 2,0.0,0.0,5378.8,255.7,5378.8,5634.5,2017
Juan L Lopez Jimenez,Recreation Leader,4170.17,0.0,0.0,41.71,4170.17,4211.88,2017
Octavio Jimenez,Med Examiner's Investigator I,0.0,0.0,74.58,1062.28,74.58,1136.86,2017
Jose Jimenez,Police Officer 3,127661.69,53593.08,10448.76,40227.72,191703.53,231931.25,2018
Isidro A Jimenez,Attorney (Civil/Criminal),169542.05,0.0,0.0,49565.35,169542.05,219107.4,2018
Jody R Jimenez,Firefighter,118251.96,34604.0,20392.01,42415.78,173247.97,215663.75,2018
Jose G Jimenez,Switch Repairer,75652.0,63831.08,5180.4,31496.02,144663.48,176159.5,2018
Angelina Jimenez,Registered Nurse,102662.4,11032.83,19019.58,38244.25,132714.81,170959.06,2018
Glenda M Jimenez,Airport Communications Disp,93015.41,32434.99,4402.78,34447.36,129853.18,164300.54,2018
Jorge Jimenez,Transit Operator,82911.93,38285.84,5935.76,34583.56,127133.53,161717.09,2018
Jason S Jimenez,Senior Human Resources Analyst,122256.44,0.0,0.0,38538.0,122256.44,160794.44,2018
Fernando A Jimenez,Water Service Inspector,101449.57,3930.9,14098.45,37809.83,119478.92,157288.75,2018
Dinah G Jimenez,Biologist,108556.1,0.0,11964.85,36498.77,120520.95,157019.72,2018
Sylvia M Jimenez,Planner 3,109588.21,0.0,0.0,37050.71,109588.21,146638.92,2018
Ernesto Jimenez Jr,Truck Driver,90650.04,90.84,11267.5,36100.58,102008.38,138108.96,2018
Maribel Jimenez,Sen Hospital Eligibility Wrkr,84059.16,10079.09,1800.57,32657.19,95938.82,128596.01,2018
Flora J Reyes-Jimenez,IS Engineer-Journey,90185.81,0.0,4337.39,28477.57,94523.2,123000.77,2018
Ana M Jimenez,Legal Secretary 1,87352.08,0.0,0.0,32022.7,87352.08,119374.78,2018
Aimee G Jimenez,HSA Social Worker,84436.86,0.0,1540.0,31495.11,85976.86,117471.97,2018
Octavio Jimenez,Cement Mason,82537.65,543.38,810.0,33071.11,83891.03,116962.14,2018
Marissa E Jimenez,Citizens Complaint Officer,81317.85,0.0,1060.0,30985.49,82377.85,113363.34,2018
Elsa Jimenez,Public SafetyComm Disp,75199.31,3427.94,2501.02,28449.58,81128.27,109577.85,2018
Elmer F Jimenez,Park Ranger,66184.01,10611.71,300.15,28080.97,77095.87,105176.84,2018
Robert Jimenez,Marina Assistant,68450.2,0.0,4735.35,29458.77,73185.55,102644.32,2018
Carlos J Jimenez,Parking Control Officer,69614.01,0.0,1643.97,29776.89,71257.98,101034.87,2018
Marc A Jimenez,Sheriff's Cadet,48680.41,24035.18,500.0,26816.0,73215.59,100031.59,2018
Fredizminda L Jimenez,Senior Clerk,59264.62,9525.35,960.0,29198.17,69749.97,98948.14,2018
Natasha E Jimenez Sasyk,Technology Expert I,69858.0,0.0,160.0,22288.52,70018.0,92306.52,2018
Juan C Jimenez-Almanza,Police Officer,66399.0,0.0,0.0,24787.54,66399.0,91186.54,2018
Ricardo Jimenez,Transit Supervisor,61286.0,2780.3,1417.5,22218.57,65483.8,87702.37,2018
Veronica M Jimenez,Medical Evaluations Assistant,57543.31,54.49,1470.0,28455.81,59067.8,87523.61,2018
Gabriel E Jimenez,Custodian,55073.0,494.89,2973.19,28804.63,58541.08,87345.71,2018
Nicole K De La Fuente Chavez Jimenez,Permit and Citation Clerk,44458.96,4.81,0.0,19419.51,44463.77,63883.28,2018
Elvira D Flores Jimenez,Public Service Trainee,40039.98,0.0,3244.53,17811.97,43284.51,61096.48,2018
Carlos L Jimenez,Public Service Trainee,37300.11,12767.4,415.59,9196.89,50483.1,59679.99,2018
Edgar U Jimenez,Police Officer,42175.0,0.0,0.0,15572.42,42175.0,57747.42,2018
Uriel Jimenez,Transit Operator,21586.25,6925.34,342.32,8750.11,28853.91,37604.02,2018
Erika G Calzada-Jimenez,Police Cadet,27319.76,0.0,0.0,6564.72,27319.76,33884.48,2018
Araceli Jimenez Williams,Transit Operator,18974.2,2629.87,1104.3,7940.49,22708.37,30648.86,2018
Esther Soria-Jimenez,HSA Sr Eligibility Worker,18936.02,0.0,0.0,9547.68,18936.02,28483.7,2018
Lorena R Jimenez,Police Cadet,8692.74,0.0,0.0,133.05,8692.74,8825.79,2018
Juan L Lopez Jimenez,Recreation Leader,3819.38,0.0,0.0,38.2,3819.38,3857.58,2018
Angelina I Jimenez,Public Service Trainee,3314.0,0.0,1.12,33.15,3315.12,3348.27,2018
David J Jimenez,Police Officer,1954.2,0.0,0.0,386.34,1954.2,2340.54,2018
Angelina Jimenez,Special Nurse,19.2,819.22,122.27,170.07,960.69,1130.76,2018
