[
    {
        "EmployeeName": "GARY JIMENEZ",
        "JobTitle": "CAPTAIN III (POLICE DEPARTMENT)",
        "BasePay": 155966.02,
        "OvertimePay": 245131.88,
        "OtherPay": 137811.38,
        "Benefits": null,
        "TotalPay": 538909.28,
        "TotalPayBenefits": 538909.28,
        "Year": 2011
    },
    {
        "EmployeeName": "JOSE JIMENEZ",
        "JobTitle": "POLICE OFFICER III",
        "BasePay": 112380.64,
        "OvertimePay": 5954.06,
        "OtherPay": 14558.73,
        "Benefits": null,
        "TotalPay": 132893.43,
        "TotalPayBenefits": 132893.43,
        "Year": 2011
    },
    {
        "EmployeeName": "JODY JIMENEZ",
        "JobTitle": "FIREFIGHTER",
        "BasePay": 106270.6,
        "OvertimePay": 5763.59,
        "OtherPay": 8320.96,
        "Benefits": null,
        "TotalPay": 120355.15,
        "TotalPayBenefits": 120355.15,
        "Year": 2011
    },
    {
        "EmployeeName": "JOSE JIMENEZ",
        "JobTitle": "SWITCH REPAIRER",
        "BasePay": 61538.4,
        "OvertimePay": 46386.77,
        "OtherPay": 3586.21,
        "Benefits": null,
        "TotalPay": 111511.38,
        "TotalPayBenefits": 111511.38,
        "Year": 2011
    },
    {
        "EmployeeName": "FERNANDO JIMENEZ",
        "JobTitle": "WATER SERVICE INSPECTOR",
        "BasePay": 89315.84,
        "OvertimePay": 699.05,
        "OtherPay": 15984.69,
        "Benefits": null,
        "TotalPay": 105999.58,
        "TotalPayBenefits": 105999.58,
        "Year": 2011
    },
    {
        "EmployeeName": "RICARDO JIMENEZ",
        "JobTitle": "TRANSIT SUPERVISOR",
        "BasePay": 84246.55,
        "OvertimePay": 17556.42,
        "OtherPay": 3913.56,
        "Benefits": null,
        "TotalPay": 105716.53,
        "TotalPayBenefits": 105716.53,
        "Year": 2011
    },
    {
        "EmployeeName": "JORGE JIMENEZ",
        "JobTitle": "TRANSIT OPERATOR",
        "BasePay": 65526.14,
        "OvertimePay": 23256.39,
        "OtherPay": 1892.43,
        "Benefits": null,
        "TotalPay": 90674.96,
        "TotalPayBenefits": 90674.96,
        "Year": 2011
    },
    {
        "EmployeeName": "DINAH JIMENEZ",
        "JobTitle": "BIOLOGIST I/II",
        "BasePay": 87619.02,
        "OvertimePay": 0.0,
        "OtherPay": 0.0,
        "Benefits": null,
        "TotalPay": 87619.02,
        "TotalPayBenefits": 87619.02,
        "Year": 2011
    },
    {
        "EmployeeName": "ERNESTO JIMENEZ JR",
        "JobTitle": "TRUCK DRIVER",
        "BasePay": 73775.01,
        "OvertimePay": 2282.42,
        "OtherPay": 9590.0,
        "Benefits": null,
        "TotalPay": 85647.43,
        "TotalPayBenefits": 85647.43,
        "Year": 2011
    },
    {
        "EmployeeName": "SARAH JIMENEZ",
        "JobTitle": "PROTECTIVE SERVICES WORKER",
        "BasePay": 83883.68,
        "OvertimePay": 0.0,
        "OtherPay": 0.0,
        "Benefits": null,
        "TotalPay": 83883.68,
        "TotalPayBenefits": 83883.68,
        "Year": 2011
    },
    {
        "EmployeeName": "MARIBEL JIMENEZ",
        "JobTitle": "HOSPITAL ELIGIBILITY WORKER",
        "BasePay": 65822.35,
        "OvertimePay": 1708.6,
        "OtherPay": 1185.0,
        "Benefits": null,
        "TotalPay": 68715.95,
        "TotalPayBenefits": 68715.95,
        "Year": 2011
    },
    {
        "EmployeeName": "CARLOS JIMENEZ",
        "JobTitle": "PARKING CONTROL OFFICER",
        "BasePay": 54997.45,
        "OvertimePay": 6829.39,
        "OtherPay": 946.69,
        "Benefits": null,
        "TotalPay": 62773.53,
        "TotalPayBenefits": 62773.53,
        "Year": 2011
    },
    {
        "EmployeeName": "ARACELI JIMENEZ",
        "JobTitle": "TRANSIT OPERATOR",
        "BasePay": 53852.12,
        "OvertimePay": 2936.78,
        "OtherPay": 962.99,
        "Benefits": null,
        "TotalPay": 57751.89,
        "TotalPayBenefits": 57751.89,
        "Year": 2011
    },
    {
        "EmployeeName": "MARIO JIMENEZ",
        "JobTitle": "HEALTH WORKER II",
        "BasePay": 52015.24,
        "OvertimePay": 0.0,
        "OtherPay": 0.0,
        "Benefits": null,
        "TotalPay": 52015.24,
        "TotalPayBenefits": 52015.24,
        "Year": 2011
    },
    {
        "EmployeeName": "MARISSA JIMENEZ",
        "JobTitle": "LEGAL PROCESS CLERK",
        "BasePay": 42941.2,
        "OvertimePay": 0.0,
        "OtherPay": 1000.0,
        "Benefits": null,
        "TotalPay": 43941.2,
        "TotalPayBenefits": 43941.2,
        "Year": 2011
    },
    {
        "EmployeeName": "URIEL JIMENEZ",
        "JobTitle": "TRANSIT OPERATOR",
        "BasePay": 29333.44,
        "OvertimePay": 7440.93,
        "OtherPay": 675.2,
        "Benefits": null,
        "TotalPay": 37449.57,
        "TotalPayBenefits": 37449.57,
        "Year": 2011
    },
    {
        "EmployeeName": "JOSE BERNAL JIMENEZ",
        "JobTitle": "SHERIFF'S CADET",
        "BasePay": 16697.17,
        "OvertimePay": 422.51,
        "OtherPay": 988.46,
        "Benefits": null,
        "TotalPay": 18108.14,
        "TotalPayBenefits": 18108.14,
        "Year": 2011
    },
    {
        "EmployeeName": "OSCAR JIMENEZ",
        "JobTitle": "RECREATION SUPERVISOR",
        "BasePay": 2881.2,
        "OvertimePay": 0.0,
        "OtherPay": 12725.0,
        "Benefits": null,
        "TotalPay": 15606.2,
        "TotalPayBenefits": 15606.2,
        "Year": 2011
    },
    {
        "EmployeeName": "PABLO JIMENEZ",
        "JobTitle": "RECREATION LEADER",
        "BasePay": 12538.48,
        "OvertimePay": 0.0,
        "OtherPay": 131.64,
        "Benefits": null,
        "TotalPay": 12670.12,
        "TotalPayBenefits": 12670.12,
        "Year": 2011
    },
    {
        "EmployeeName": "FRANCISCO JIMENEZ",
        "JobTitle": "RECREATION LEADER",
        "BasePay": 10002.16,
        "OvertimePay": 0.0,
        "OtherPay": 126.02,
        "Benefits": null,
        "TotalPay": 10128.18,
        "TotalPayBenefits": 10128.18,
        "Year": 2011
    },
    {
        "EmployeeName": "JUAN LOPEZ JIMENEZ",
        "JobTitle": "RECREATION LEADER",
        "BasePay": 7836.97,
        "OvertimePay": 0.0,
        "OtherPay": 6.4,
        "Benefits": null,
        "TotalPay": 7843.37,
        "TotalPayBenefits": 7843.37,
        "Year": 2011
    },
    {
        "EmployeeName": "TERESA JIMENEZ",
        "JobTitle": "RECREATION LEADER",
        "BasePay": 6851.56,
        "OvertimePay": 0.0,
        "OtherPay": 36.0,
        "Benefits": null,
        "TotalPay": 6887.56,
        "TotalPayBenefits": 6887.56,
        "Year": 2011
    },
    {
        "EmployeeName": "YENIA JIMENEZ",
        "JobTitle": "PUBLIC SERVICE AIDE-SPECIAL PROGRAMS",
        "BasePay": 3617.14,
        "OvertimePay": 0.0,
        "OtherPay": 0.0,
        "Benefits": null,
        "TotalPay": 3617.14,
        "TotalPayBenefits": 3617.14,
        "Year": 2011
    },
    {
        "EmployeeName": "ELMER JIMENEZ",
        "JobTitle": "PUBLIC SERVICE AIDE-ASSISTANT TO PROFESSIONALS",
        "BasePay": 3176.38,
        "OvertimePay": 0.0,
        "OtherPay": 154.0,
        "Benefits": null,
        "TotalPay": 3330.38,
        "TotalPayBenefits": 3330.38,
        "Year": 2011
    },
    {
        "EmployeeName": "Jose Jimenez",
        "JobTitle": "Police Officer 3",
        "BasePay": 117162.66,
        "OvertimePay": 16602.06,
        "OtherPay": 15369.59,
        "Benefits": 35043.06,
        "TotalPay": 149134.31,
        "TotalPayBenefits": 184177.37,
        "Year": 2012
    },
    {
        "EmployeeName": "Jody Jimenez",
        "JobTitle": "Firefighter",
        "BasePay": 110847.14,
        "OvertimePay": 11845.39,
        "OtherPay": 13741.15,
        "Benefits": 36685.78,
        "TotalPay": 136433.68,
        "TotalPayBenefits": 173119.46,
        "Year": 2012
    },
    {
        "EmployeeName": "Fernando Jimenez",
        "JobTitle": "Water Service Inspector",
        "BasePay": 92800.44,
        "OvertimePay": 10624.68,
        "OtherPay": 16493.26,
        "Benefits": 40625.19,
        "TotalPay": 119918.38,
        "TotalPayBenefits": 160543.57,
        "Year": 2012
    },
    {
        "EmployeeName": "Jose Jimenez",
        "JobTitle": "Switch Repairer",
        "BasePay": 62058.6,
        "OvertimePay": 53117.4,
        "OtherPay": 2030.57,
        "Benefits": 33695.98,
        "TotalPay": 117206.57,
        "TotalPayBenefits": 150902.55,
        "Year": 2012
    },
    {
        "EmployeeName": "Jorge Jimenez",
        "JobTitle": "Transit Operator",
        "BasePay": 65581.93,
        "OvertimePay": 24450.1,
        "OtherPay": 4107.2,
        "Benefits": 40256.92,
        "TotalPay": 94139.23,
        "TotalPayBenefits": 134396.15,
        "Year": 2012
    },
    {
        "EmployeeName": "Dinah Jimenez",
        "JobTitle": "Biologist I/II",
        "BasePay": 89648.04,
        "OvertimePay": 0.0,
        "OtherPay": 5610.56,
        "Benefits": 37173.77,
        "TotalPay": 95258.6,
        "TotalPayBenefits": 132432.37,
        "Year": 2012
    },
    {
        "EmployeeName": "Sarah Jimenez",
        "JobTitle": "Protective Services Worker",
        "BasePay": 89146.89,
        "OvertimePay": 0.0,
        "OtherPay": 0.0,
        "Benefits": 37494.34,
        "TotalPay": 89146.89,
        "TotalPayBenefits": 126641.23,
        "Year": 2012
    },
    {
        "EmployeeName": "Ernesto Jimenez Jr",
        "JobTitle": "Truck Driver",
        "BasePay": 74070.1,
        "OvertimePay": 2495.43,
        "OtherPay": 9502.02,
        "Benefits": 34797.84,
        "TotalPay": 86067.55,
        "TotalPayBenefits": 120865.39,
        "Year": 2012
    },
    {
        "EmployeeName": "Ricardo Jimenez",
        "JobTitle": "Transit Supervisor",
        "BasePay": 72936.93,
        "OvertimePay": 8078.04,
        "OtherPay": 3701.18,
        "Benefits": 31355.9,
        "TotalPay": 84716.15,
        "TotalPayBenefits": 116072.05,
        "Year": 2012
    },
    {
        "EmployeeName": "Maribel Jimenez",
        "JobTitle": "Hospital Eligiblity Worker",
        "BasePay": 69995.89,
        "OvertimePay": 1848.69,
        "OtherPay": 1125.0,
        "Benefits": 31809.94,
        "TotalPay": 72969.58,
        "TotalPayBenefits": 104779.52,
        "Year": 2012
    },
    {
        "EmployeeName": "Araceli Jimenez",
        "JobTitle": "Transit Operator",
        "BasePay": 62332.89,
        "OvertimePay": 3671.29,
        "OtherPay": 743.8,
        "Benefits": 35095.85,
        "TotalPay": 66747.98,
        "TotalPayBenefits": 101843.83,
        "Year": 2012
    },
    {
        "EmployeeName": "Carlos Jimenez",
        "JobTitle": "Parking Control Officer",
        "BasePay": 56006.8,
        "OvertimePay": 7381.24,
        "OtherPay": 964.82,
        "Benefits": 28520.98,
        "TotalPay": 64352.86,
        "TotalPayBenefits": 92873.84,
        "Year": 2012
    },
    {
        "EmployeeName": "Mario Jimenez",
        "JobTitle": "Health Worker 2",
        "BasePay": 55549.79,
        "OvertimePay": 0.0,
        "OtherPay": 0.0,
        "Benefits": 28107.9,
        "TotalPay": 55549.79,
        "TotalPayBenefits": 83657.69,
        "Year": 2012
    },
    {
        "EmployeeName": "Marissa Jimenez",
        "JobTitle": "Legal Process Clerk",
        "BasePay": 47803.03,
        "OvertimePay": 0.0,
        "OtherPay": 1040.0,
        "Benefits": 26920.96,
        "TotalPay": 48843.03,
        "TotalPayBenefits": 75763.99,
        "Year": 2012
    },
    {
        "EmployeeName": "Uriel Jimenez",
        "JobTitle": "Transit Operator",
        "BasePay": 35860.9,
        "OvertimePay": 5721.89,
        "OtherPay": 832.26,
        "Benefits": 20386.48,
        "TotalPay": 42415.05,
        "TotalPayBenefits": 62801.53,
        "Year": 2012
    },
    {
        "EmployeeName": "Aimee Jimenez",
        "JobTitle": "Eligibility Worker",
        "BasePay": 21934.01,
        "OvertimePay": 0.0,
        "OtherPay": 520.0,
        "Benefits": 11521.39,
        "TotalPay": 22454.01,
        "TotalPayBenefits": 33975.4,
        "Year": 2012
    },
    {
        "EmployeeName": "Octavio Jimenez",
        "JobTitle": "Med Examiner's Investigator I",
        "BasePay": 25485.19,
        "OvertimePay": 1483.19,
        "OtherPay": 502.15,
        "Benefits": 2326.39,
        "TotalPay": 27470.53,
        "TotalPayBenefits": 29796.92,
        "Year": 2012
    },
    {
        "EmployeeName": "Francisco Jimenez",
        "JobTitle": "Recreation Leader",
        "BasePay": 8763.12,
        "OvertimePay": 0.0,
        "OtherPay": 86.31,
        "Benefits": 686.95,
        "TotalPay": 8849.43,
        "TotalPayBenefits": 9536.38,
        "Year": 2012
    },
    {
        "EmployeeName": "Juan Lopez Jimenez",
        "JobTitle": "Recreation Leader",
        "BasePay": 8275.51,
        "OvertimePay": 0.0,
        "OtherPay": 3.6,
        "Benefits": 641.41,
        "TotalPay": 8279.11,
        "TotalPayBenefits": 8920.52,
        "Year": 2012
    },
    {
        "EmployeeName": "Yenia Jimenez",
        "JobTitle": "Public Svc Aide-Public Works",
        "BasePay": 5732.3,
        "OvertimePay": 0.0,
        "OtherPay": 0.0,
        "Benefits": 586.71,
        "TotalPay": 5732.3,
        "TotalPayBenefits": 6319.01,
        "Year": 2012
    },
    {
        "EmployeeName": "Angel Jimenez",
        "JobTitle": "Public Service Trainee",
        "BasePay": 2042.88,
        "OvertimePay": 0.0,
        "OtherPay": 0.0,
        "Benefits": 202.83,
        "TotalPay": 2042.88,
        "TotalPayBenefits": 2245.71,
        "Year": 2012
    },
    {
        "EmployeeName": "Francisco Morazan Jimenez",
        "JobTitle": "Swimming Instructor",
        "BasePay": 752.29,
        "OvertimePay": 0.0,
        "OtherPay": 10.13,
        "Benefits": 59.38,
        "TotalPay": 762.42,
        "TotalPayBenefits": 821.8,
        "Year": 2012
    },
    {
        "EmployeeName": "Francisco Morazan Jimenez",
        "JobTitle": "Pool Lifeguard",
        "BasePay": 507.56,
        "OvertimePay": 0.0,
        "OtherPay": 0.0,
        "Benefits": 39.52,
        "TotalPay": 507.56,
        "TotalPayBenefits": 547.08,
        "Year": 2012
    },
    {
        "EmployeeName": "Pablo Jimenez",
        "JobTitle": "Recreation Leader",
        "BasePay": 486.13,
        "OvertimePay": 0.0,
        "OtherPay": 11.45,
        "Benefits": 45.68,
        "TotalPay": 497.58,
        "TotalPayBenefits": 543.26,
        "Year": 2012
    },
    {
        "EmployeeName": "Jose Bernal Jimenez",
        "JobTitle": "Sheriff's Cadet",
        "BasePay": 0.0,
        "OvertimePay": 0.0,
        "OtherPay": 46.06,
        "Benefits": 3.53,
        "TotalPay": 46.06,
        "TotalPayBenefits": 49.59,
        "Year": 2012
    },
    {
        "EmployeeName": "Jody R Jimenez",
        "JobTitle": "Firefighter",
        "BasePay": 116956.7,
        "OvertimePay": 26337.87,
        "OtherPay": 17493.86,
        "Benefits": 40145.93,
        "TotalPay": 160788.43,
        "TotalPayBenefits": 200934.36,
        "Year": 2013
    },
    {
        "EmployeeName": "Jose  Jimenez",
        "JobTitle": "Police Officer 3",
        "BasePay": 123471.05,
        "OvertimePay": 15748.24,
        "OtherPay": 17880.21,
        "Benefits": 37115.47,
        "TotalPay": 157099.5,
        "TotalPayBenefits": 194214.97,
        "Year": 2013
    },
    {
        "EmployeeName": "Fernando A Jimenez",
        "JobTitle": "Water Service Inspector",
        "BasePay": 97251.7,
        "OvertimePay": 11444.89,
        "OtherPay": 17109.71,
        "Benefits": 34231.58,
        "TotalPay": 125806.3,
        "TotalPayBenefits": 160037.88,
        "Year": 2013
    },
    {
        "EmployeeName": "Jose G Jimenez",
        "JobTitle": "Switch Repairer",
        "BasePay": 66882.0,
        "OvertimePay": 62976.28,
        "OtherPay": 2274.75,
        "Benefits": 27386.08,
        "TotalPay": 132133.03,
        "TotalPayBenefits": 159519.11,
        "Year": 2013
    },
    {
        "EmployeeName": "Dinah G Jimenez",
        "JobTitle": "Biologist I/II",
        "BasePay": 95961.56,
        "OvertimePay": 0.0,
        "OtherPay": 7232.22,
        "Benefits": 32772.86,
        "TotalPay": 103193.78,
        "TotalPayBenefits": 135966.64,
        "Year": 2013
    },
    {
        "EmployeeName": "Jorge  Jimenez",
        "JobTitle": "Transit Operator",
        "BasePay": 69639.17,
        "OvertimePay": 25695.54,
        "OtherPay": 4458.02,
        "Benefits": 34804.58,
        "TotalPay": 99792.73,
        "TotalPayBenefits": 134597.31,
        "Year": 2013
    },
    {
        "EmployeeName": "Ernesto  Jimenez Jr",
        "JobTitle": "Truck Driver",
        "BasePay": 80052.0,
        "OvertimePay": 3848.42,
        "OtherPay": 10185.2,
        "Benefits": 31574.48,
        "TotalPay": 94085.62,
        "TotalPayBenefits": 125660.1,
        "Year": 2013
    },
    {
        "EmployeeName": "Sarah A Jimenez",
        "JobTitle": "Protective Services Worker",
        "BasePay": 81517.83,
        "OvertimePay": 0.0,
        "OtherPay": 0.0,
        "Benefits": 27728.9,
        "TotalPay": 81517.83,
        "TotalPayBenefits": 109246.73,
        "Year": 2013
    },
    {
        "EmployeeName": "Maribel  Jimenez",
        "JobTitle": "Hospital Eligiblity Worker",
        "BasePay": 74682.9,
        "OvertimePay": 2309.15,
        "OtherPay": 1475.69,
        "Benefits": 28694.95,
        "TotalPay": 78467.74,
        "TotalPayBenefits": 107162.69,
        "Year": 2013
    },
    {
        "EmployeeName": "Araceli  Jimenez",
        "JobTitle": "Transit Operator",
        "BasePay": 66722.6,
        "OvertimePay": 3485.07,
        "OtherPay": 1042.26,
        "Benefits": 33151.49,
        "TotalPay": 71249.93,
        "TotalPayBenefits": 104401.42,
        "Year": 2013
    },
    {
        "EmployeeName": "Carlos J Jimenez",
        "JobTitle": "Parking Control Officer",
        "BasePay": 59203.5,
        "OvertimePay": 9647.58,
        "OtherPay": 859.55,
        "Benefits": 25567.13,
        "TotalPay": 69710.63,
        "TotalPayBenefits": 95277.76,
        "Year": 2013
    },
    {
        "EmployeeName": "Mario  Jimenez",
        "JobTitle": "Health Worker 2",
        "BasePay": 59805.0,
        "OvertimePay": 0.0,
        "OtherPay": 0.0,
        "Benefits": 25512.24,
        "TotalPay": 59805.0,
        "TotalPayBenefits": 85317.24,
        "Year": 2013
    },
    {
        "EmployeeName": "Aimee G Jimenez",
        "JobTitle": "Eligibility Worker",
        "BasePay": 55028.01,
        "OvertimePay": 0.0,
        "OtherPay": 1540.0,
        "Benefits": 25444.96,
        "TotalPay": 56568.01,
        "TotalPayBenefits": 82012.97,
        "Year": 2013
    },
    {
        "EmployeeName": "Marissa E Jimenez",
        "JobTitle": "Legal Process Clerk",
        "BasePay": 53249.37,
        "OvertimePay": 0.0,
        "OtherPay": 1040.0,
        "Benefits": 25562.91,
        "TotalPay": 54289.37,
        "TotalPayBenefits": 79852.28,
        "Year": 2013
    },
    {
        "EmployeeName": "Octavio  Jimenez",
        "JobTitle": "Med Examiner's Investigator I",
        "BasePay": 53069.64,
        "OvertimePay": 2221.99,
        "OtherPay": 0.0,
        "Benefits": 7781.96,
        "TotalPay": 55291.63,
        "TotalPayBenefits": 63073.59,
        "Year": 2013
    },
    {
        "EmployeeName": "Uriel  Jimenez",
        "JobTitle": "Transit Operator",
        "BasePay": 32797.31,
        "OvertimePay": 8641.56,
        "OtherPay": 266.33,
        "Benefits": 16352.32,
        "TotalPay": 41705.2,
        "TotalPayBenefits": 58057.52,
        "Year": 2013
    },
    {
        "EmployeeName": "Ricardo  Jimenez",
        "JobTitle": "Transit Supervisor",
        "BasePay": 24725.1,
        "OvertimePay": 2650.33,
        "OtherPay": 676.78,
        "Benefits": 9004.89,
        "TotalPay": 28052.21,
        "TotalPayBenefits": 37057.1,
        "Year": 2013
    },
    {
        "EmployeeName": "Liliana E Guerrero-Jimenez",
        "JobTitle": "StdntDsgnTrain1, Arch/Eng/Plng",
        "BasePay": 14418.74,
        "OvertimePay": 0.0,
        "OtherPay": 0.0,
        "Benefits": 144.18,
        "TotalPay": 14418.74,
        "TotalPayBenefits": 14562.92,
        "Year": 2013
    },
    {
        "EmployeeName": "Dante B Jimenez",
        "JobTitle": "Lighting Fixture Maint Worker",
        "BasePay": 12337.0,
        "OvertimePay": 39.61,
        "OtherPay": 811.2,
        "Benefits": 131.88,
        "TotalPay": 13187.81,
        "TotalPayBenefits": 13319.69,
        "Year": 2013
    },
    {
        "EmployeeName": "Jose G Jimenez",
        "JobTitle": "StdntDsgnTrain1, Arch/Eng/Plng",
        "BasePay": 11829.2,
        "OvertimePay": 678.48,
        "OtherPay": 0.0,
        "Benefits": 125.06,
        "TotalPay": 12507.68,
        "TotalPayBenefits": 12632.74,
        "Year": 2013
    },
    {
        "EmployeeName": "Ana M Jimenez",
        "JobTitle": "Legal Secretary 1",
        "BasePay": 8650.76,
        "OvertimePay": 0.0,
        "OtherPay": 0.0,
        "Benefits": 86.51,
        "TotalPay": 8650.76,
        "TotalPayBenefits": 8737.27,
        "Year": 2013
    },
    {
        "EmployeeName": "Juan L Lopez Jimenez",
        "JobTitle": "Recreation Leader",
        "BasePay": 7515.0,
        "OvertimePay": 0.0,
        "OtherPay": 9.9,
        "Benefits": 75.26,
        "TotalPay": 7524.9,
        "TotalPayBenefits": 7600.16,
        "Year": 2013
    },
    {
        "EmployeeName": "Francisco G Jimenez",
        "JobTitle": "Recreation Leader",
        "BasePay": 3431.52,
        "OvertimePay": 0.0,
        "OtherPay": 125.53,
        "Benefits": 35.58,
        "TotalPay": 3557.05,
        "TotalPayBenefits": 3592.63,
        "Year": 2013
    },
    {
        "EmployeeName": "Jody R Jimenez",
        "JobTitle": "Firefighter",
        "BasePay": 112703.74,
        "OvertimePay": 35773.23,
        "OtherPay": 17515.07,
        "Benefits": 41991.41,
        "TotalPay": 165992.04,
        "TotalPayBenefits": 207983.45,
        "Year": 2014
    },
    {
        "EmployeeName": "Jose Jimenez",
        "JobTitle": "Police Officer 3",
        "BasePay": 118898.02,
        "OvertimePay": 19404.87,
        "OtherPay": 13016.1,
        "Benefits": 38831.72,
        "TotalPay": 151318.99,
        "TotalPayBenefits": 190150.71,
        "Year": 2014
    },
    {
        "EmployeeName": "Fernando A Jimenez",
        "JobTitle": "Water Service Inspector",
        "BasePay": 96995.61,
        "OvertimePay": 16823.0,
        "OtherPay": 16576.49,
        "Benefits": 36585.57,
        "TotalPay": 130395.1,
        "TotalPayBenefits": 166980.67,
        "Year": 2014
    },
    {
        "EmployeeName": "Jose G Jimenez",
        "JobTitle": "Switch Repairer",
        "BasePay": 66190.0,
        "OvertimePay": 66068.12,
        "OtherPay": 3924.0,
        "Benefits": 29187.12,
        "TotalPay": 136182.12,
        "TotalPayBenefits": 165369.24,
        "Year": 2014
    },
    {
        "EmployeeName": "Ricardo Jimenez",
        "JobTitle": "Transit Supervisor",
        "BasePay": 89128.98,
        "OvertimePay": 14206.09,
        "OtherPay": 2677.35,
        "Benefits": 33912.52,
        "TotalPay": 106012.42,
        "TotalPayBenefits": 139924.94,
        "Year": 2014
    },
    {
        "EmployeeName": "Dinah G Jimenez",
        "JobTitle": "Biologist",
        "BasePay": 94984.01,
        "OvertimePay": 0.0,
        "OtherPay": 8158.87,
        "Benefits": 34621.44,
        "TotalPay": 103142.88,
        "TotalPayBenefits": 137764.32,
        "Year": 2014
    },
    {
        "EmployeeName": "Glenda M Jimenez",
        "JobTitle": "Airport Communications Disp",
        "BasePay": 81344.33,
        "OvertimePay": 15313.75,
        "OtherPay": 1730.74,
        "Benefits": 32979.85,
        "TotalPay": 98388.82,
        "TotalPayBenefits": 131368.67,
        "Year": 2014
    },
    {
        "EmployeeName": "Jorge Jimenez",
        "JobTitle": "Transit Operator",
        "BasePay": 66996.38,
        "OvertimePay": 23799.4,
        "OtherPay": 4106.17,
        "Benefits": 35856.42,
        "TotalPay": 94901.95,
        "TotalPayBenefits": 130758.37,
        "Year": 2014
    },
    {
        "EmployeeName": "Sarah A Jimenez",
        "JobTitle": "Contract Compliance Officer 1",
        "BasePay": 95141.04,
        "OvertimePay": 0.0,
        "OtherPay": 0.0,
        "Benefits": 34660.7,
        "TotalPay": 95141.04,
        "TotalPayBenefits": 129801.74,
        "Year": 2014
    },
    {
        "EmployeeName": "Ernesto Jimenez Jr",
        "JobTitle": "Truck Driver",
        "BasePay": 79281.0,
        "OvertimePay": 129.19,
        "OtherPay": 10046.74,
        "Benefits": 33385.56,
        "TotalPay": 89456.93,
        "TotalPayBenefits": 122842.49,
        "Year": 2014
    },
    {
        "EmployeeName": "Maribel Jimenez",
        "JobTitle": "Hospital Eligiblity Worker",
        "BasePay": 74171.0,
        "OvertimePay": 2375.13,
        "OtherPay": 2005.55,
        "Benefits": 30406.68,
        "TotalPay": 78551.68,
        "TotalPayBenefits": 108958.36,
        "Year": 2014
    },
    {
        "EmployeeName": "Araceli Jimenez",
        "JobTitle": "Transit Operator",
        "BasePay": 63624.23,
        "OvertimePay": 2179.81,
        "OtherPay": 960.26,
        "Benefits": 33853.53,
        "TotalPay": 66764.3,
        "TotalPayBenefits": 100617.83,
        "Year": 2014
    },
    {
        "EmployeeName": "Carlos J Jimenez",
        "JobTitle": "Parking Control Officer",
        "BasePay": 59555.2,
        "OvertimePay": 6765.57,
        "OtherPay": 758.52,
        "Benefits": 27019.29,
        "TotalPay": 67079.29,
        "TotalPayBenefits": 94098.58,
        "Year": 2014
    },
    {
        "EmployeeName": "Aimee G Jimenez",
        "JobTitle": "HSA Sr Eligibility Worker",
        "BasePay": 57547.22,
        "OvertimePay": 4576.94,
        "OtherPay": 1709.5,
        "Benefits": 27457.94,
        "TotalPay": 63833.66,
        "TotalPayBenefits": 91291.6,
        "Year": 2014
    },
    {
        "EmployeeName": "Octavio Jimenez",
        "JobTitle": "Cement Mason",
        "BasePay": 67400.36,
        "OvertimePay": 4136.43,
        "OtherPay": 10.0,
        "Benefits": 19602.67,
        "TotalPay": 71546.79,
        "TotalPayBenefits": 91149.46,
        "Year": 2014
    },
    {
        "EmployeeName": "Ana M Jimenez",
        "JobTitle": "Legal Secretary 1",
        "BasePay": 62390.6,
        "OvertimePay": 0.0,
        "OtherPay": 0.0,
        "Benefits": 23021.9,
        "TotalPay": 62390.6,
        "TotalPayBenefits": 85412.5,
        "Year": 2014
    },
    {
        "EmployeeName": "Mario Jimenez",
        "JobTitle": "Health Worker 2",
        "BasePay": 56744.24,
        "OvertimePay": 0.0,
        "OtherPay": 1834.53,
        "Benefits": 26000.99,
        "TotalPay": 58578.77,
        "TotalPayBenefits": 84579.76,
        "Year": 2014
    },
    {
        "EmployeeName": "Octavio Jimenez",
        "JobTitle": "Med Examiner's Investigator I",
        "BasePay": 49762.39,
        "OvertimePay": 1228.75,
        "OtherPay": 0.0,
        "Benefits": 21625.82,
        "TotalPay": 50991.14,
        "TotalPayBenefits": 72616.96,
        "Year": 2014
    },
    {
        "EmployeeName": "Marissa E Jimenez",
        "JobTitle": "Legal Process Clerk",
        "BasePay": 46959.14,
        "OvertimePay": 0.0,
        "OtherPay": 800.0,
        "Benefits": 22558.49,
        "TotalPay": 47759.14,
        "TotalPayBenefits": 70317.63,
        "Year": 2014
    },
    {
        "EmployeeName": "Uriel Jimenez",
        "JobTitle": "Transit Operator",
        "BasePay": 32285.13,
        "OvertimePay": 8189.05,
        "OtherPay": 172.93,
        "Benefits": 16600.58,
        "TotalPay": 40647.11,
        "TotalPayBenefits": 57247.69,
        "Year": 2014
    },
    {
        "EmployeeName": "Martha Jimenez",
        "JobTitle": "Eligibility Worker",
        "BasePay": 19924.86,
        "OvertimePay": 11045.63,
        "OtherPay": 1710.86,
        "Benefits": 10670.63,
        "TotalPay": 32681.35,
        "TotalPayBenefits": 43351.98,
        "Year": 2014
    },
    {
        "EmployeeName": "Yenia I Jimenez",
        "JobTitle": "PS Aide Health Services",
        "BasePay": 21498.15,
        "OvertimePay": 13.3,
        "OtherPay": 760.0,
        "Benefits": 837.45,
        "TotalPay": 22271.45,
        "TotalPayBenefits": 23108.9,
        "Year": 2014
    },
    {
        "EmployeeName": "Liliana E Guerrero-Jimenez",
        "JobTitle": "StdntDsgn Train2/Arch/Eng/Plng",
        "BasePay": 20993.58,
        "OvertimePay": 0.0,
        "OtherPay": 0.0,
        "Benefits": 209.96,
        "TotalPay": 20993.58,
        "TotalPayBenefits": 21203.54,
        "Year": 2014
    },
    {
        "EmployeeName": "Dante B Jimenez",
        "JobTitle": "Lighting Fixture Maint Worker",
        "BasePay": 7157.2,
        "OvertimePay": 0.0,
        "OtherPay": 580.04,
        "Benefits": 77.38,
        "TotalPay": 7737.24,
        "TotalPayBenefits": 7814.62,
        "Year": 2014
    },
    {
        "EmployeeName": "Juan L Lopez Jimenez",
        "JobTitle": "Recreation Leader",
        "BasePay": 4891.85,
        "OvertimePay": 0.0,
        "OtherPay": 0.0,
        "Benefits": 48.91,
        "TotalPay": 4891.85,
        "TotalPayBenefits": 4940.76,
        "Year": 2014
    },
    {
        "EmployeeName": "Francisco G Jimenez",
        "JobTitle": "Recreation Leader",
        "BasePay": 3000.32,
        "OvertimePay": 0.0,
        "OtherPay": 102.47,
        "Benefits": 31.02,
        "TotalPay": 3102.79,
        "TotalPayBenefits": 3133.81,
        "Year": 2014
    },
    {
        "EmployeeName": "Fredizminda L Jimenez",
        "JobTitle": "Senior Clerk",
        "BasePay": 1765.0,
        "OvertimePay": 0.0,
        "OtherPay": 0.0,
        "Benefits": 473.02,
        "TotalPay": 1765.0,
        "TotalPayBenefits": 2238.02,
        "Year": 2014
    },
    {
        "EmployeeName": "Joseph C C Jimenez",
        "JobTitle": "Transit Operator",
        "BasePay": 595.12,
        "OvertimePay": 0.0,
        "OtherPay": 0.0,
        "Benefits": 162.59,
        "TotalPay": 595.12,
        "TotalPayBenefits": 757.71,
        "Year": 2014
    },
    {
        "EmployeeName": "Jody R Jimenez",
        "JobTitle": "Firefighter",
        "BasePay": 111879.76,
        "OvertimePay": 15364.3,
        "OtherPay": 16896.08,
        "Benefits": 38358.26,
        "TotalPay": 144140.14,
        "TotalPayBenefits": 182498.4,
        "Year": 2015
    },
    {
        "EmployeeName": "Jose Jimenez",
        "JobTitle": "Police Officer 3",
        "BasePay": 120548.51,
        "OvertimePay": 14197.02,
        "OtherPay": 8096.08,
        "Benefits": 37573.34,
        "TotalPay": 142841.61,
        "TotalPayBenefits": 180414.95,
        "Year": 2015
    },
    {
        "EmployeeName": "Fernando A Jimenez",
        "JobTitle": "Water Service Inspector",
        "BasePay": 101733.0,
        "OvertimePay": 14750.58,
        "OtherPay": 14737.12,
        "Benefits": 37920.9,
        "TotalPay": 131220.7,
        "TotalPayBenefits": 169141.6,
        "Year": 2015
    },
    {
        "EmployeeName": "Jose G Jimenez",
        "JobTitle": "Switch Repairer",
        "BasePay": 68394.0,
        "OvertimePay": 47149.96,
        "OtherPay": 5002.8,
        "Benefits": 27975.01,
        "TotalPay": 120546.76,
        "TotalPayBenefits": 148521.77,
        "Year": 2015
    },
    {
        "EmployeeName": "Glenda M Jimenez",
        "JobTitle": "Airport Communications Disp",
        "BasePay": 84157.09,
        "OvertimePay": 22354.08,
        "OtherPay": 1136.31,
        "Benefits": 31790.66,
        "TotalPay": 107647.48,
        "TotalPayBenefits": 139438.14,
        "Year": 2015
    },
    {
        "EmployeeName": "Dinah G Jimenez",
        "JobTitle": "Biologist",
        "BasePay": 98157.03,
        "OvertimePay": 0.0,
        "OtherPay": 7610.38,
        "Benefits": 33009.3,
        "TotalPay": 105767.41,
        "TotalPayBenefits": 138776.71,
        "Year": 2015
    },
    {
        "EmployeeName": "Sarah A Jimenez",
        "JobTitle": "Protective Services Worker",
        "BasePay": 97934.03,
        "OvertimePay": 0.0,
        "OtherPay": 4896.7,
        "Benefits": 34382.54,
        "TotalPay": 102830.73,
        "TotalPayBenefits": 137213.27,
        "Year": 2015
    },
    {
        "EmployeeName": "Jorge Jimenez",
        "JobTitle": "Transit Operator",
        "BasePay": 68134.39,
        "OvertimePay": 29222.47,
        "OtherPay": 4535.44,
        "Benefits": 33699.71,
        "TotalPay": 101892.3,
        "TotalPayBenefits": 135592.01,
        "Year": 2015
    },
    {
        "EmployeeName": "Ricardo Jimenez",
        "JobTitle": "Transit Supervisor",
        "BasePay": 89623.29,
        "OvertimePay": 8757.5,
        "OtherPay": 2556.0,
        "Benefits": 32716.82,
        "TotalPay": 100936.79,
        "TotalPayBenefits": 133653.61,
        "Year": 2015
    },
    {
        "EmployeeName": "Ernesto Jimenez Jr",
        "JobTitle": "Truck Driver",
        "BasePay": 81942.01,
        "OvertimePay": 0.0,
        "OtherPay": 10277.26,
        "Benefits": 33565.31,
        "TotalPay": 92219.27,
        "TotalPayBenefits": 125784.58,
        "Year": 2015
    },
    {
        "EmployeeName": "Maribel Jimenez",
        "JobTitle": "Sen Hospital Eligibility Wrkr",
        "BasePay": 76317.66,
        "OvertimePay": 7226.46,
        "OtherPay": 2022.91,
        "Benefits": 29086.21,
        "TotalPay": 85567.03,
        "TotalPayBenefits": 114653.24,
        "Year": 2015
    },
    {
        "EmployeeName": "Araceli Jimenez",
        "JobTitle": "Transit Operator",
        "BasePay": 65983.71,
        "OvertimePay": 9918.04,
        "OtherPay": 2226.9,
        "Benefits": 32724.06,
        "TotalPay": 78128.65,
        "TotalPayBenefits": 110852.71,
        "Year": 2015
    },
    {
        "EmployeeName": "Octavio Jimenez",
        "JobTitle": "Cement Mason",
        "BasePay": 74619.93,
        "OvertimePay": 2643.76,
        "OtherPay": 680.0,
        "Benefits": 30083.0,
        "TotalPay": 77943.69,
        "TotalPayBenefits": 108026.69,
        "Year": 2015
    },
    {
        "EmployeeName": "Ana M Jimenez",
        "JobTitle": "Legal Secretary 1",
        "BasePay": 68721.21,
        "OvertimePay": 0.0,
        "OtherPay": 0.0,
        "Benefits": 27902.92,
        "TotalPay": 68721.21,
        "TotalPayBenefits": 96624.13,
        "Year": 2015
    },
    {
        "EmployeeName": "Carlos J Jimenez",
        "JobTitle": "Parking Control Officer",
        "BasePay": 62468.8,
        "OvertimePay": 6593.02,
        "OtherPay": 1093.57,
        "Benefits": 26283.56,
        "TotalPay": 70155.39,
        "TotalPayBenefits": 96438.95,
        "Year": 2015
    },
    {
        "EmployeeName": "Aimee G Jimenez",
        "JobTitle": "HSA Sr Eligibility Worker",
        "BasePay": 62453.83,
        "OvertimePay": 4891.94,
        "OtherPay": 1380.0,
        "Benefits": 26851.0,
        "TotalPay": 68725.77,
        "TotalPayBenefits": 95576.77,
        "Year": 2015
    },
    {
        "EmployeeName": "Mario Jimenez",
        "JobTitle": "Health Worker 2",
        "BasePay": 60520.06,
        "OvertimePay": 0.0,
        "OtherPay": 614.95,
        "Benefits": 25455.13,
        "TotalPay": 61135.01,
        "TotalPayBenefits": 86590.14,
        "Year": 2015
    },
    {
        "EmployeeName": "Marissa E Jimenez",
        "JobTitle": "Citizens Complaint Officer",
        "BasePay": 57149.33,
        "OvertimePay": 0.0,
        "OtherPay": 880.0,
        "Benefits": 24881.99,
        "TotalPay": 58029.33,
        "TotalPayBenefits": 82911.32,
        "Year": 2015
    },
    {
        "EmployeeName": "Elmer F Jimenez",
        "JobTitle": "Park Patrol Officer",
        "BasePay": 47756.5,
        "OvertimePay": 9258.18,
        "OtherPay": 426.31,
        "Benefits": 24008.8,
        "TotalPay": 57440.99,
        "TotalPayBenefits": 81449.79,
        "Year": 2015
    },
    {
        "EmployeeName": "Uriel Jimenez",
        "JobTitle": "Transit Operator",
        "BasePay": 41449.44,
        "OvertimePay": 9142.72,
        "OtherPay": 551.45,
        "Benefits": 25767.74,
        "TotalPay": 51143.61,
        "TotalPayBenefits": 76911.35,
        "Year": 2015
    },
    {
        "EmployeeName": "Fredizminda L Jimenez",
        "JobTitle": "Senior Clerk",
        "BasePay": 46180.0,
        "OvertimePay": 66.19,
        "OtherPay": 0.0,
        "Benefits": 24513.81,
        "TotalPay": 46246.19,
        "TotalPayBenefits": 70760.0,
        "Year": 2015
    },
    {
        "EmployeeName": "Martha Jimenez",
        "JobTitle": "Hospital Eligibility Worker",
        "BasePay": 37014.85,
        "OvertimePay": 12601.6,
        "OtherPay": 2166.41,
        "Benefits": 17463.59,
        "TotalPay": 51782.86,
        "TotalPayBenefits": 69246.45,
        "Year": 2015
    },
    {
        "EmployeeName": "Robert Jimenez",
        "JobTitle": "Harbor Security Officer (OCII)",
        "BasePay": 42031.0,
        "OvertimePay": 1306.31,
        "OtherPay": 2942.17,
        "Benefits": 21082.21,
        "TotalPay": 46279.48,
        "TotalPayBenefits": 67361.69,
        "Year": 2015
    },
    {
        "EmployeeName": "Octavio Jimenez",
        "JobTitle": "Med Examiner's Investigator I",
        "BasePay": 43740.25,
        "OvertimePay": 99.98,
        "OtherPay": 0.0,
        "Benefits": 17889.88,
        "TotalPay": 43840.23,
        "TotalPayBenefits": 61730.11,
        "Year": 2015
    },
    {
        "EmployeeName": "Sylvia M Jimenez",
        "JobTitle": "Planner 3",
        "BasePay": 52185.08,
        "OvertimePay": 0.0,
        "OtherPay": 0.0,
        "Benefits": 9359.33,
        "TotalPay": 52185.08,
        "TotalPayBenefits": 61544.41,
        "Year": 2015
    },
    {
        "EmployeeName": "Yenia I Jimenez",
        "JobTitle": "PS Aide Health Services",
        "BasePay": 28087.3,
        "OvertimePay": 0.0,
        "OtherPay": 1040.0,
        "Benefits": 7421.81,
        "TotalPay": 29127.3,
        "TotalPayBenefits": 36549.11,
        "Year": 2015
    },
    {
        "EmployeeName": "Erik Jimenez",
        "JobTitle": "StdntDsgnTrain3, Arch/Eng/Plng",
        "BasePay": 8310.84,
        "OvertimePay": 0.0,
        "OtherPay": 0.0,
        "Benefits": 83.09,
        "TotalPay": 8310.84,
        "TotalPayBenefits": 8393.93,
        "Year": 2015
    },
    {
        "EmployeeName": "Jocelyn C Jimenez",
        "JobTitle": "Licensed Vocational Nurse",
        "BasePay": 7499.6,
        "OvertimePay": 0.0,
        "OtherPay": 0.0,
        "Benefits": 75.01,
        "TotalPay": 7499.6,
        "TotalPayBenefits": 7574.61,
        "Year": 2015
    },
    {
        "EmployeeName": "Juan L Lopez Jimenez",
        "JobTitle": "Recreation Leader",
        "BasePay": 3855.81,
        "OvertimePay": 0.0,
        "OtherPay": 0.0,
        "Benefits": 38.56,
        "TotalPay": 3855.81,
        "TotalPayBenefits": 3894.37,
        "Year": 2015
    },
    {
        "EmployeeName": "Francisco G Jimenez",
        "JobTitle": "Recreation Leader",
        "BasePay": 3555.37,
        "OvertimePay": 0.0,
        "OtherPay": 112.55,
        "Benefits": 36.69,
        "TotalPay": 3667.92,
        "TotalPayBenefits": 3704.61,
        "Year": 2015
    },
    {
        "EmployeeName": "Liliana E Guerrero-Jimenez",
        "JobTitle": "StdntDsgn Train2/Arch/Eng/Plng",
        "BasePay": 1481.57,
        "OvertimePay": 0.0,
        "OtherPay": 0.0,
        "Benefits": 14.82,
        "TotalPay": 1481.57,
        "TotalPayBenefits": 1496.39,
        "Year": 2015
    },
    {
        "EmployeeName": "Jose Jimenez",
        "JobTitle": "Police Officer 3",
        "BasePay": 121288.32,
        "OvertimePay": 32869.5,
        "OtherPay": 11666.42,
        "Benefits": 35430.44,
        "TotalPay": 165824.24,
        "TotalPayBenefits": 201254.68,
        "Year": 2016
    },
    {
        "EmployeeName": "Jody R Jimenez",
        "JobTitle": "Firefighter",
        "BasePay": 113353.11,
        "OvertimePay": 26567.75,
        "OtherPay": 22478.48,
        "Benefits": 37859.84,
        "TotalPay": 162399.34,
        "TotalPayBenefits": 200259.18,
        "Year": 2016
    },
    {
        "EmployeeName": "Fernando A Jimenez",
        "JobTitle": "Water Service Inspector",
        "BasePay": 105990.83,
        "OvertimePay": 20795.94,
        "OtherPay": 17586.27,
        "Benefits": 37713.04,
        "TotalPay": 144373.04,
        "TotalPayBenefits": 182086.08,
        "Year": 2016
    },
    {
        "EmployeeName": "Jose G Jimenez",
        "JobTitle": "Switch Repairer",
        "BasePay": 71240.6,
        "OvertimePay": 72859.75,
        "OtherPay": 5489.28,
        "Benefits": 26259.47,
        "TotalPay": 149589.63,
        "TotalPayBenefits": 175849.1,
        "Year": 2016
    },
    {
        "EmployeeName": "Glenda M Jimenez",
        "JobTitle": "Airport Communications Disp",
        "BasePay": 87560.88,
        "OvertimePay": 44447.04,
        "OtherPay": 3488.81,
        "Benefits": 31094.74,
        "TotalPay": 135496.73,
        "TotalPayBenefits": 166591.47,
        "Year": 2016
    },
    {
        "EmployeeName": "Dinah G Jimenez",
        "JobTitle": "Biologist",
        "BasePay": 102210.58,
        "OvertimePay": 1161.9,
        "OtherPay": 9679.95,
        "Benefits": 32049.05,
        "TotalPay": 113052.43,
        "TotalPayBenefits": 145101.48,
        "Year": 2016
    },
    {
        "EmployeeName": "Jorge Jimenez",
        "JobTitle": "Transit Operator",
        "BasePay": 72770.11,
        "OvertimePay": 34721.93,
        "OtherPay": 5111.74,
        "Benefits": 32344.87,
        "TotalPay": 112603.78,
        "TotalPayBenefits": 144948.65,
        "Year": 2016
    },
    {
        "EmployeeName": "Ricardo Jimenez",
        "JobTitle": "Transit Supervisor",
        "BasePay": 97131.01,
        "OvertimePay": 10767.28,
        "OtherPay": 2572.5,
        "Benefits": 33947.81,
        "TotalPay": 110470.79,
        "TotalPayBenefits": 144418.6,
        "Year": 2016
    },
    {
        "EmployeeName": "Ernesto Jimenez Jr",
        "JobTitle": "Truck Driver",
        "BasePay": 85354.6,
        "OvertimePay": 2064.45,
        "OtherPay": 10630.46,
        "Benefits": 32519.59,
        "TotalPay": 98049.51,
        "TotalPayBenefits": 130569.1,
        "Year": 2016
    },
    {
        "EmployeeName": "Sylvia M Jimenez",
        "JobTitle": "Planner 3",
        "BasePay": 92899.02,
        "OvertimePay": 0.0,
        "OtherPay": 0.0,
        "Benefits": 30989.84,
        "TotalPay": 92899.02,
        "TotalPayBenefits": 123888.86,
        "Year": 2016
    },
    {
        "EmployeeName": "Maribel Jimenez",
        "JobTitle": "Sen Hospital Eligibility Wrkr",
        "BasePay": 79907.18,
        "OvertimePay": 9733.61,
        "OtherPay": 1886.43,
        "Benefits": 28029.17,
        "TotalPay": 91527.22,
        "TotalPayBenefits": 119556.39,
        "Year": 2016
    },
    {
        "EmployeeName": "Octavio Jimenez",
        "JobTitle": "Cement Mason",
        "BasePay": 78480.16,
        "OvertimePay": 539.18,
        "OtherPay": 1170.0,
        "Benefits": 31325.49,
        "TotalPay": 80189.34,
        "TotalPayBenefits": 111514.83,
        "Year": 2016
    },
    {
        "EmployeeName": "Sarah A Jimenez",
        "JobTitle": "Protective Services Worker",
        "BasePay": 66049.34,
        "OvertimePay": 0.0,
        "OtherPay": 23110.35,
        "Benefits": 21393.31,
        "TotalPay": 89159.69,
        "TotalPayBenefits": 110553.0,
        "Year": 2016
    },
    {
        "EmployeeName": "Aimee G Jimenez",
        "JobTitle": "HSA Sr Eligibility Worker",
        "BasePay": 76169.38,
        "OvertimePay": 1158.99,
        "OtherPay": 1380.0,
        "Benefits": 27965.24,
        "TotalPay": 78708.37,
        "TotalPayBenefits": 106673.61,
        "Year": 2016
    },
    {
        "EmployeeName": "Ana M Jimenez",
        "JobTitle": "Legal Secretary 1",
        "BasePay": 75121.44,
        "OvertimePay": 0.0,
        "OtherPay": 0.0,
        "Benefits": 27495.72,
        "TotalPay": 75121.44,
        "TotalPayBenefits": 102617.16,
        "Year": 2016
    },
    {
        "EmployeeName": "Marissa E Jimenez",
        "JobTitle": "Citizens Complaint Officer",
        "BasePay": 69514.26,
        "OvertimePay": 0.0,
        "OtherPay": 1040.0,
        "Benefits": 26586.18,
        "TotalPay": 70554.26,
        "TotalPayBenefits": 97140.44,
        "Year": 2016
    },
    {
        "EmployeeName": "Carlos J Jimenez",
        "JobTitle": "Parking Control Officer",
        "BasePay": 65538.11,
        "OvertimePay": 2778.53,
        "OtherPay": 1813.23,
        "Benefits": 25833.1,
        "TotalPay": 70129.87,
        "TotalPayBenefits": 95962.97,
        "Year": 2016
    },
    {
        "EmployeeName": "Elmer F Jimenez",
        "JobTitle": "Park Patrol Officer",
        "BasePay": 56546.41,
        "OvertimePay": 9053.51,
        "OtherPay": 12.91,
        "Benefits": 24911.76,
        "TotalPay": 65612.83,
        "TotalPayBenefits": 90524.59,
        "Year": 2016
    },
    {
        "EmployeeName": "Mario Jimenez",
        "JobTitle": "Health Worker 2",
        "BasePay": 63230.67,
        "OvertimePay": 0.0,
        "OtherPay": 616.94,
        "Benefits": 24541.84,
        "TotalPay": 63847.61,
        "TotalPayBenefits": 88389.45,
        "Year": 2016
    },
    {
        "EmployeeName": "Robert Jimenez",
        "JobTitle": "Harbor Security Officer (OCII)",
        "BasePay": 54151.06,
        "OvertimePay": 1678.19,
        "OtherPay": 3775.22,
        "Benefits": 25257.76,
        "TotalPay": 59604.47,
        "TotalPayBenefits": 84862.23,
        "Year": 2016
    },
    {
        "EmployeeName": "Fredizminda L Jimenez",
        "JobTitle": "Senior Clerk",
        "BasePay": 50567.42,
        "OvertimePay": 185.15,
        "OtherPay": 960.0,
        "Benefits": 24304.77,
        "TotalPay": 51712.57,
        "TotalPayBenefits": 76017.34,
        "Year": 2016
    },
    {
        "EmployeeName": "Angelina Jimenez",
        "JobTitle": "Special Nurse",
        "BasePay": 50005.1,
        "OvertimePay": 4427.88,
        "OtherPay": 7363.57,
        "Benefits": 5083.9,
        "TotalPay": 61796.55,
        "TotalPayBenefits": 66880.45,
        "Year": 2016
    },
    {
        "EmployeeName": "Martha Jimenez",
        "JobTitle": "Hospital Eligibility Worker",
        "BasePay": 43243.9,
        "OvertimePay": 0.0,
        "OtherPay": 1082.52,
        "Benefits": 17593.79,
        "TotalPay": 44326.42,
        "TotalPayBenefits": 61920.21,
        "Year": 2016
    },
    {
        "EmployeeName": "Uriel Jimenez",
        "JobTitle": "Transit Operator",
        "BasePay": 26888.14,
        "OvertimePay": 7670.55,
        "OtherPay": 365.4,
        "Benefits": 22681.57,
        "TotalPay": 34924.09,
        "TotalPayBenefits": 57605.66,
        "Year": 2016
    },
    {
        "EmployeeName": "Araceli Jimenez Williams",
        "JobTitle": "Transit Operator",
        "BasePay": 31136.36,
        "OvertimePay": 4931.91,
        "OtherPay": 2171.16,
        "Benefits": 18789.95,
        "TotalPay": 38239.43,
        "TotalPayBenefits": 57029.38,
        "Year": 2016
    },
    {
        "EmployeeName": "Marc A Jimenez",
        "JobTitle": "Sheriff's Cadet",
        "BasePay": 26329.1,
        "OvertimePay": 8008.88,
        "OtherPay": 250.0,
        "Benefits": 13770.84,
        "TotalPay": 34587.98,
        "TotalPayBenefits": 48358.82,
        "Year": 2016
    },
    {
        "EmployeeName": "Elvira D Flores Jimenez",
        "JobTitle": "Sheriff's Cadet",
        "BasePay": 18238.0,
        "OvertimePay": 11151.31,
        "OtherPay": 1680.46,
        "Benefits": 9810.09,
        "TotalPay": 31069.77,
        "TotalPayBenefits": 40879.86,
        "Year": 2016
    },
    {
        "EmployeeName": "Yenia I Jimenez",
        "JobTitle": "Publ Svc Aide-Asst to Prof",
        "BasePay": 22291.03,
        "OvertimePay": 0.0,
        "OtherPay": 203.72,
        "Benefits": 12403.94,
        "TotalPay": 22494.75,
        "TotalPayBenefits": 34898.69,
        "Year": 2016
    },
    {
        "EmployeeName": "Gabriel E Jimenez",
        "JobTitle": "Custodian",
        "BasePay": 18950.0,
        "OvertimePay": 461.91,
        "OtherPay": 1080.15,
        "Benefits": 5098.35,
        "TotalPay": 20492.06,
        "TotalPayBenefits": 25590.41,
        "Year": 2016
    },
    {
        "EmployeeName": "Octavio Jimenez",
        "JobTitle": "Med Examiner's Investigator I",
        "BasePay": 10222.22,
        "OvertimePay": 0.0,
        "OtherPay": 0.0,
        "Benefits": 7677.75,
        "TotalPay": 10222.22,
        "TotalPayBenefits": 17899.97,
        "Year": 2016
    },
    {
        "EmployeeName": "Ariel H Jimenez",
        "JobTitle": "Registered Nurse",
        "BasePay": 11385.0,
        "OvertimePay": 0.0,
        "OtherPay": 487.03,
        "Benefits": 3418.57,
        "TotalPay": 11872.03,
        "TotalPayBenefits": 15290.6,
        "Year": 2016
    },
    {
        "EmployeeName": "Erik Jimenez",
        "JobTitle": "StdntDsgnTrain3, Arch/Eng/Plng",
        "BasePay": 11771.57,
        "OvertimePay": 0.0,
        "OtherPay": 0.0,
        "Benefits": 2578.54,
        "TotalPay": 11771.57,
        "TotalPayBenefits": 14350.11,
        "Year": 2016
    },
    {
        "EmployeeName": "Elizabeth M Jimenez",
        "JobTitle": "Public Svc Aide-Public Works",
        "BasePay": 8357.22,
        "OvertimePay": 0.0,
        "OtherPay": 0.0,
        "Benefits": 3294.87,
        "TotalPay": 8357.22,
        "TotalPayBenefits": 11652.09,
        "Year": 2016
    },
    {
        "EmployeeName": "Erika G Calzada-Jimenez",
        "JobTitle": "Police Cadet",
        "BasePay": 8507.79,
        "OvertimePay": 0.0,
        "OtherPay": 0.0,
        "Benefits": 2569.74,
        "TotalPay": 8507.79,
        "TotalPayBenefits": 11077.53,
        "Year": 2016
    },
    {
        "EmployeeName": "Edgar U Jimenez",
        "JobTitle": "Police Officer",
        "BasePay": 7663.2,
        "OvertimePay": 0.0,
        "OtherPay": 0.0,
        "Benefits": 2722.32,
        "TotalPay": 7663.2,
        "TotalPayBenefits": 10385.52,
        "Year": 2016
    },
    {
        "EmployeeName": "Jocelyn C Jimenez",
        "JobTitle": "Licensed Vocational Nurse",
        "BasePay": 6480.79,
        "OvertimePay": 0.0,
        "OtherPay": 0.0,
        "Benefits": 1335.82,
        "TotalPay": 6480.79,
        "TotalPayBenefits": 7816.61,
        "Year": 2016
    },
    {
        "EmployeeName": "Isidro A Jimenez",
        "JobTitle": "Attorney (Civil/Criminal)",
        "BasePay": 5885.0,
        "OvertimePay": 0.0,
        "OtherPay": 0.0,
        "Benefits": 1637.17,
        "TotalPay": 5885.0,
        "TotalPayBenefits": 7522.17,
        "Year": 2016
    },
    {
        "EmployeeName": "Juan L Lopez Jimenez",
        "JobTitle": "Recreation Leader",
        "BasePay": 3701.0,
        "OvertimePay": 0.0,
        "OtherPay": 0.0,
        "Benefits": 930.67,
        "TotalPay": 3701.0,
        "TotalPayBenefits": 4631.67,
        "Year": 2016
    },
    {
        "EmployeeName": "Flora J Reyes-Jimenez",
        "JobTitle": "IS Engineer-Journey",
        "BasePay": 2220.0,
        "OvertimePay": 0.0,
        "OtherPay": 0.0,
        "Benefits": 659.9,
        "TotalPay": 2220.0,
        "TotalPayBenefits": 2879.9,
        "Year": 2016
    },
    {
        "EmployeeName": "Francisco G Jimenez",
        "JobTitle": "Recreation Leader",
        "BasePay": 1571.44,
        "OvertimePay": 0.0,
        "OtherPay": 61.39,
        "Benefits": 529.56,
        "TotalPay": 1632.83,
        "TotalPayBenefits": 2162.39,
        "Year": 2016
    },
    {
        "EmployeeName": "Jody R Jimenez",
        "JobTitle": "Firefighter",
        "BasePay": 122852.79,
        "OvertimePay": 34318.39,
        "OtherPay": 25968.51,
        "Benefits": 47678.73,
        "TotalPay": 183139.69,
        "TotalPayBenefits": 230818.42,
        "Year": 2017
    },
    {
        "EmployeeName": "Jose Jimenez",
        "JobTitle": "Police Officer 3",
        "BasePay": 124269.92,
        "OvertimePay": 28549.74,
        "OtherPay": 9123.57,
        "Benefits": 38049.7,
        "TotalPay": 161943.23,
        "TotalPayBenefits": 199992.93,
        "Year": 2017
    },
    {
        "EmployeeName": "Isidro A Jimenez",
        "JobTitle": "Attorney (Civil/Criminal)",
        "BasePay": 153964.22,
        "OvertimePay": 0.0,
        "OtherPay": 0.0,
        "Benefits": 45262.92,
        "TotalPay": 153964.22,
        "TotalPayBenefits": 199227.14,
        "Year": 2017
    },
    {
        "EmployeeName": "Fernando A Jimenez",
        "JobTitle": "Water Service Inspector",
        "BasePay": 109258.02,
        "OvertimePay": 16405.24,
        "OtherPay": 18256.44,
        "Benefits": 39967.12,
        "TotalPay": 143919.7,
        "TotalPayBenefits": 183886.82,
        "Year": 2017
    },
    {
        "EmployeeName": "Ariel H Jimenez",
        "JobTitle": "Registered Nurse",
        "BasePay": 119514.36,
        "OvertimePay": 260.91,
        "OtherPay": 5455.67,
        "Benefits": 40553.67,
        "TotalPay": 125230.94,
        "TotalPayBenefits": 165784.61,
        "Year": 2017
    },
    {
        "EmployeeName": "Glenda M Jimenez",
        "JobTitle": "Airport Communications Disp",
        "BasePay": 90312.01,
        "OvertimePay": 29594.09,
        "OtherPay": 5906.51,
        "Benefits": 33445.65,
        "TotalPay": 125812.61,
        "TotalPayBenefits": 159258.26,
        "Year": 2017
    },
    {
        "EmployeeName": "Flora J Reyes-Jimenez",
        "JobTitle": "IS Engineer-Journey",
        "BasePay": 115481.5,
        "OvertimePay": 0.0,
        "OtherPay": 0.0,
        "Benefits": 36288.48,
        "TotalPay": 115481.5,
        "TotalPayBenefits": 151769.98,
        "Year": 2017
    },
    {
        "EmployeeName": "Dinah G Jimenez",
        "JobTitle": "Biologist",
        "BasePay": 105388.13,
        "OvertimePay": 0.0,
        "OtherPay": 11052.1,
        "Benefits": 34575.67,
        "TotalPay": 116440.23,
        "TotalPayBenefits": 151015.9,
        "Year": 2017
    },
    {
        "EmployeeName": "Jorge Jimenez",
        "JobTitle": "Transit Operator",
        "BasePay": 79368.28,
        "OvertimePay": 34605.74,
        "OtherPay": 4462.67,
        "Benefits": 32029.02,
        "TotalPay": 118436.69,
        "TotalPayBenefits": 150465.71,
        "Year": 2017
    },
    {
        "EmployeeName": "Jose G Jimenez",
        "JobTitle": "Switch Repairer",
        "BasePay": 73444.0,
        "OvertimePay": 41692.21,
        "OtherPay": 4719.1,
        "Benefits": 29906.03,
        "TotalPay": 119855.31,
        "TotalPayBenefits": 149761.34,
        "Year": 2017
    },
    {
        "EmployeeName": "Ricardo Jimenez",
        "JobTitle": "Transit Supervisor",
        "BasePay": 100900.5,
        "OvertimePay": 8531.81,
        "OtherPay": 2838.0,
        "Benefits": 35989.91,
        "TotalPay": 112270.31,
        "TotalPayBenefits": 148260.22,
        "Year": 2017
    },
    {
        "EmployeeName": "Sylvia M Jimenez",
        "JobTitle": "Planner 3",
        "BasePay": 101344.84,
        "OvertimePay": 0.0,
        "OtherPay": 0.0,
        "Benefits": 34402.0,
        "TotalPay": 101344.84,
        "TotalPayBenefits": 135746.84,
        "Year": 2017
    },
    {
        "EmployeeName": "Ernesto Jimenez Jr",
        "JobTitle": "Truck Driver",
        "BasePay": 88014.04,
        "OvertimePay": 0.0,
        "OtherPay": 10464.38,
        "Benefits": 34272.19,
        "TotalPay": 98478.42,
        "TotalPayBenefits": 132750.61,
        "Year": 2017
    },
    {
        "EmployeeName": "Octavio Jimenez",
        "JobTitle": "Cement Mason",
        "BasePay": 82091.42,
        "OvertimePay": 0.0,
        "OtherPay": 4984.22,
        "Benefits": 34449.6,
        "TotalPay": 87075.64,
        "TotalPayBenefits": 121525.24,
        "Year": 2017
    },
    {
        "EmployeeName": "Ana M Jimenez",
        "JobTitle": "Legal Secretary 1",
        "BasePay": 81328.94,
        "OvertimePay": 0.0,
        "OtherPay": 0.0,
        "Benefits": 30518.63,
        "TotalPay": 81328.94,
        "TotalPayBenefits": 111847.57,
        "Year": 2017
    },
    {
        "EmployeeName": "Aimee G Jimenez",
        "JobTitle": "HSA Sr Eligibility Worker",
        "BasePay": 77477.03,
        "OvertimePay": 0.0,
        "OtherPay": 1440.0,
        "Benefits": 30034.35,
        "TotalPay": 78917.03,
        "TotalPayBenefits": 108951.38,
        "Year": 2017
    },
    {
        "EmployeeName": "Marissa E Jimenez",
        "JobTitle": "Citizens Complaint Officer",
        "BasePay": 75264.84,
        "OvertimePay": 0.0,
        "OtherPay": 1040.0,
        "Benefits": 29505.91,
        "TotalPay": 76304.84,
        "TotalPayBenefits": 105810.75,
        "Year": 2017
    },
    {
        "EmployeeName": "Maribel Jimenez",
        "JobTitle": "Sen Hospital Eligibility Wrkr",
        "BasePay": 68451.13,
        "OvertimePay": 4589.59,
        "OtherPay": 1560.12,
        "Benefits": 26517.56,
        "TotalPay": 74600.84,
        "TotalPayBenefits": 101118.4,
        "Year": 2017
    },
    {
        "EmployeeName": "Carlos J Jimenez",
        "JobTitle": "Parking Control Officer",
        "BasePay": 67588.0,
        "OvertimePay": 0.0,
        "OtherPay": 1393.32,
        "Benefits": 27925.53,
        "TotalPay": 68981.32,
        "TotalPayBenefits": 96906.85,
        "Year": 2017
    },
    {
        "EmployeeName": "Robert Jimenez",
        "JobTitle": "Marina Assistant",
        "BasePay": 62831.0,
        "OvertimePay": 1250.46,
        "OtherPay": 4398.17,
        "Benefits": 28086.51,
        "TotalPay": 68479.63,
        "TotalPayBenefits": 96566.14,
        "Year": 2017
    },
    {
        "EmployeeName": "Elmer F Jimenez",
        "JobTitle": "Park Patrol Officer",
        "BasePay": 61205.6,
        "OvertimePay": 4298.0,
        "OtherPay": 486.64,
        "Benefits": 26612.59,
        "TotalPay": 65990.24,
        "TotalPayBenefits": 92602.83,
        "Year": 2017
    },
    {
        "EmployeeName": "Marc A Jimenez",
        "JobTitle": "Sheriff's Cadet",
        "BasePay": 45035.8,
        "OvertimePay": 20367.47,
        "OtherPay": 500.0,
        "Benefits": 24849.09,
        "TotalPay": 65903.27,
        "TotalPayBenefits": 90752.36,
        "Year": 2017
    },
    {
        "EmployeeName": "Elvira D Flores Jimenez",
        "JobTitle": "Sheriff's Cadet",
        "BasePay": 44632.0,
        "OvertimePay": 16673.13,
        "OtherPay": 3657.61,
        "Benefits": 25435.53,
        "TotalPay": 64962.74,
        "TotalPayBenefits": 90398.27,
        "Year": 2017
    },
    {
        "EmployeeName": "Jason S Jimenez",
        "JobTitle": "Senior Human Resources Analyst",
        "BasePay": 66828.55,
        "OvertimePay": 0.0,
        "OtherPay": 0.0,
        "Benefits": 21658.87,
        "TotalPay": 66828.55,
        "TotalPayBenefits": 88487.42,
        "Year": 2017
    },
    {
        "EmployeeName": "Fredizminda L Jimenez",
        "JobTitle": "Senior Clerk",
        "BasePay": 54732.22,
        "OvertimePay": 816.39,
        "OtherPay": 1160.0,
        "Benefits": 27002.79,
        "TotalPay": 56708.61,
        "TotalPayBenefits": 83711.4,
        "Year": 2017
    },
    {
        "EmployeeName": "Angelina Jimenez",
        "JobTitle": "Registered Nurse",
        "BasePay": 58781.09,
        "OvertimePay": 2002.4,
        "OtherPay": 6131.3,
        "Benefits": 16128.48,
        "TotalPay": 66914.79,
        "TotalPayBenefits": 83043.27,
        "Year": 2017
    },
    {
        "EmployeeName": "Uriel Jimenez",
        "JobTitle": "Transit Operator",
        "BasePay": 44736.01,
        "OvertimePay": 12299.93,
        "OtherPay": 452.34,
        "Benefits": 24373.21,
        "TotalPay": 57488.28,
        "TotalPayBenefits": 81861.49,
        "Year": 2017
    },
    {
        "EmployeeName": "Gabriel E Jimenez",
        "JobTitle": "Custodian",
        "BasePay": 50888.67,
        "OvertimePay": 936.64,
        "OtherPay": 2874.28,
        "Benefits": 24877.35,
        "TotalPay": 54699.59,
        "TotalPayBenefits": 79576.94,
        "Year": 2017
    },
    {
        "EmployeeName": "Angelina Jimenez",
        "JobTitle": "Special Nurse",
        "BasePay": 39994.0,
        "OvertimePay": 2888.29,
        "OtherPay": 7694.65,
        "Benefits": 10010.95,
        "TotalPay": 50576.94,
        "TotalPayBenefits": 60587.89,
        "Year": 2017
    },
    {
        "EmployeeName": "Juan C Jimenez-Almanza",
        "JobTitle": "Police Officer",
        "BasePay": 42277.0,
        "OvertimePay": 0.0,
        "OtherPay": 0.0,
        "Benefits": 15707.22,
        "TotalPay": 42277.0,
        "TotalPayBenefits": 57984.22,
        "Year": 2017
    },
    {
        "EmployeeName": "Araceli Jimenez Williams",
        "JobTitle": "Transit Operator",
        "BasePay": 28577.15,
        "OvertimePay": 3727.85,
        "OtherPay": 898.51,
        "Benefits": 22083.56,
        "TotalPay": 33203.51,
        "TotalPayBenefits": 55287.07,
        "Year": 2017
    },
    {
        "EmployeeName": "Carlos L Jimenez",
        "JobTitle": "Public Service Trainee",
        "BasePay": 26597.75,
        "OvertimePay": 13360.66,
        "OtherPay": 262.47,
        "Benefits": 6410.69,
        "TotalPay": 40220.88,
        "TotalPayBenefits": 46631.57,
        "Year": 2017
    },
    {
        "EmployeeName": "Veronica M Jimenez",
        "JobTitle": "Medical Evaluations Assistant",
        "BasePay": 28293.21,
        "OvertimePay": 60.95,
        "OtherPay": 290.0,
        "Benefits": 13867.72,
        "TotalPay": 28644.16,
        "TotalPayBenefits": 42511.88,
        "Year": 2017
    },
    {
        "EmployeeName": "Edgar U Jimenez",
        "JobTitle": "Police Officer",
        "BasePay": 24266.8,
        "OvertimePay": 0.0,
        "OtherPay": 0.0,
        "Benefits": 8865.44,
        "TotalPay": 24266.8,
        "TotalPayBenefits": 33132.24,
        "Year": 2017
    },
    {
        "EmployeeName": "Erika G Calzada-Jimenez",
        "JobTitle": "Police Cadet",
        "BasePay": 27766.85,
        "OvertimePay": 0.0,
        "OtherPay": 0.0,
        "Benefits": 3354.89,
        "TotalPay": 27766.85,
        "TotalPayBenefits": 31121.74,
        "Year": 2017
    },
    {
        "EmployeeName": "Elizabeth M Jimenez",
        "JobTitle": "Public Svc Aide-Public Works",
        "BasePay": 6281.15,
        "OvertimePay": 0.0,
        "OtherPay": 109.9,
        "Benefits": 2881.2,
        "TotalPay": 6391.05,
        "TotalPayBenefits": 9272.25,
        "Year": 2017
    },
    {
        "EmployeeName": "Elsa Jimenez",
        "JobTitle": "Public SafetyComm Disp",
        "BasePay": 6464.0,
        "OvertimePay": 363.6,
        "OtherPay": 0.0,
        "Benefits": 2429.48,
        "TotalPay": 6827.6,
        "TotalPayBenefits": 9257.08,
        "Year": 2017
    },
    {
        "EmployeeName": "Mario Jimenez",
        "JobTitle": "Health Worker 2",
        "BasePay": 0.0,
        "OvertimePay": 0.0,
        "OtherPay": 5378.8,
        "Benefits": 255.7,
        "TotalPay": 5378.8,
        "TotalPayBenefits": 5634.5,
        "Year": 2017
    },
    {
        "EmployeeName": "Juan L Lopez Jimenez",
        "JobTitle": "Recreation Leader",
        "BasePay": 4170.17,
        "OvertimePay": 0.0,
        "OtherPay": 0.0,
        "Benefits": 41.71,
        "TotalPay": 4170.17,
        "TotalPayBenefits": 4211.88,
        "Year": 2017
    },
    {
        "EmployeeName": "Octavio Jimenez",
        "JobTitle": "Med Examiner's Investigator I",
        "BasePay": 0.0,
        "OvertimePay": 0.0,
        "OtherPay": 74.58,
        "Benefits": 1062.28,
        "TotalPay": 74.58,
        "TotalPayBenefits": 1136.86,
        "Year": 2017
    },
    {
        "EmployeeName": "Jose Jimenez",
        "JobTitle": "Police Officer 3",
        "BasePay": 127661.69,
        "OvertimePay": 53593.08,
        "OtherPay": 10448.76,
        "Benefits": 40227.72,
        "TotalPay": 191703.53,
        "TotalPayBenefits": 231931.25,
        "Year": 2018
    },
    {
        "EmployeeName": "Isidro A Jimenez",
        "JobTitle": "Attorney (Civil/Criminal)",
        "BasePay": 169542.05,
        "OvertimePay": 0.0,
        "OtherPay": 0.0,
        "Benefits": 49565.35,
        "TotalPay": 169542.05,
        "TotalPayBenefits": 219107.4,
        "Year": 2018
    },
    {
        "EmployeeName": "Jody R Jimenez",
        "JobTitle": "Firefighter",
        "BasePay": 118251.96,
        "OvertimePay": 34604.0,
        "OtherPay": 20392.01,
        "Benefits": 42415.78,
        "TotalPay": 173247.97,
        "TotalPayBenefits": 215663.75,
        "Year": 2018
    },
    {
        "EmployeeName": "Jose G Jimenez",
        "JobTitle": "Switch Repairer",
        "BasePay": 75652.0,
        "OvertimePay": 63831.08,
        "OtherPay": 5180.4,
        "Benefits": 31496.02,
        "TotalPay": 144663.48,
        "TotalPayBenefits": 176159.5,
        "Year": 2018
    },
    {
        "EmployeeName": "Angelina Jimenez",
        "JobTitle": "Registered Nurse",
        "BasePay": 102662.4,
        "OvertimePay": 11032.83,
        "OtherPay": 19019.58,
        "Benefits": 38244.25,
        "TotalPay": 132714.81,
        "TotalPayBenefits": 170959.06,
        "Year": 2018
    },
    {
        "EmployeeName": "Glenda M Jimenez",
        "JobTitle": "Airport Communications Disp",
        "BasePay": 93015.41,
        "OvertimePay": 32434.99,
        "OtherPay": 4402.78,
        "Benefits": 34447.36,
        "TotalPay": 129853.18,
        "TotalPayBenefits": 164300.54,
        "Year": 2018
    },
    {
        "EmployeeName": "Jorge Jimenez",
        "JobTitle": "Transit Operator",
        "BasePay": 82911.93,
        "OvertimePay": 38285.84,
        "OtherPay": 5935.76,
        "Benefits": 34583.56,
        "TotalPay": 127133.53,
        "TotalPayBenefits": 161717.09,
        "Year": 2018
    },
    {
        "EmployeeName": "Jason S Jimenez",
        "JobTitle": "Senior Human Resources Analyst",
        "BasePay": 122256.44,
        "OvertimePay": 0.0,
        "OtherPay": 0.0,
        "Benefits": 38538.0,
        "TotalPay": 122256.44,
        "TotalPayBenefits": 160794.44,
        "Year": 2018
    },
    {
        "EmployeeName": "Fernando A Jimenez",
        "JobTitle": "Water Service Inspector",
        "BasePay": 101449.57,
        "OvertimePay": 3930.9,
        "OtherPay": 14098.45,
        "Benefits": 37809.83,
        "TotalPay": 119478.92,
        "TotalPayBenefits": 157288.75,
        "Year": 2018
    },
    {
        "EmployeeName": "Dinah G Jimenez",
        "JobTitle": "Biologist",
        "BasePay": 108556.1,
        "OvertimePay": 0.0,
        "OtherPay": 11964.85,
        "Benefits": 36498.77,
        "TotalPay": 120520.95,
        "TotalPayBenefits": 157019.72,
        "Year": 2018
    },
    {
        "EmployeeName": "Sylvia M Jimenez",
        "JobTitle": "Planner 3",
        "BasePay": 109588.21,
        "OvertimePay": 0.0,
        "OtherPay": 0.0,
        "Benefits": 37050.71,
        "TotalPay": 109588.21,
        "TotalPayBenefits": 146638.92,
        "Year": 2018
    },
    {
        "EmployeeName": "Ernesto Jimenez Jr",
        "JobTitle": "Truck Driver",
        "BasePay": 90650.04,
        "OvertimePay": 90.84,
        "OtherPay": 11267.5,
        "Benefits": 36100.58,
        "TotalPay": 102008.38,
        "TotalPayBenefits": 138108.96,
        "Year": 2018
    },
    {
        "EmployeeName": "Maribel Jimenez",
        "JobTitle": "Sen Hospital Eligibility Wrkr",
        "BasePay": 84059.16,
        "OvertimePay": 10079.09,
        "OtherPay": 1800.57,
        "Benefits": 32657.19,
        "TotalPay": 95938.82,
        "TotalPayBenefits": 128596.01,
        "Year": 2018
    },
    {
        "EmployeeName": "Flora J Reyes-Jimenez",
        "JobTitle": "IS Engineer-Journey",
        "BasePay": 90185.81,
        "OvertimePay": 0.0,
        "OtherPay": 4337.39,
        "Benefits": 28477.57,
        "TotalPay": 94523.2,
        "TotalPayBenefits": 123000.77,
        "Year": 2018
    },
    {
        "EmployeeName": "Ana M Jimenez",
        "JobTitle": "Legal Secretary 1",
        "BasePay": 87352.08,
        "OvertimePay": 0.0,
        "OtherPay": 0.0,
        "Benefits": 32022.7,
        "TotalPay": 87352.08,
        "TotalPayBenefits": 119374.78,
        "Year": 2018
    },
    {
        "EmployeeName": "Aimee G Jimenez",
        "JobTitle": "HSA Social Worker",
        "BasePay": 84436.86,
        "OvertimePay": 0.0,
        "OtherPay": 1540.0,
        "Benefits": 31495.11,
        "TotalPay": 85976.86,
        "TotalPayBenefits": 117471.97,
        "Year": 2018
    },
    {
        "EmployeeName": "Octavio Jimenez",
        "JobTitle": "Cement Mason",
        "BasePay": 82537.65,
        "OvertimePay": 543.38,
        "OtherPay": 810.0,
        "Benefits": 33071.11,
        "TotalPay": 83891.03,
        "TotalPayBenefits": 116962.14,
        "Year": 2018
    },
    {
        "EmployeeName": "Marissa E Jimenez",
        "JobTitle": "Citizens Complaint Officer",
        "BasePay": 81317.85,
        "OvertimePay": 0.0,
        "OtherPay": 1060.0,
        "Benefits": 30985.49,
        "TotalPay": 82377.85,
        "TotalPayBenefits": 113363.34,
        "Year": 2018
    },
    {
        "EmployeeName": "Elsa Jimenez",
        "JobTitle": "Public SafetyComm Disp",
        "BasePay": 75199.31,
        "OvertimePay": 3427.94,
        "OtherPay": 2501.02,
        "Benefits": 28449.58,
        "TotalPay": 81128.27,
        "TotalPayBenefits": 109577.85,
        "Year": 2018
    },
    {
        "EmployeeName": "Elmer F Jimenez",
        "JobTitle": "Park Ranger",
        "BasePay": 66184.01,
        "OvertimePay": 10611.71,
        "OtherPay": 300.15,
        "Benefits": 28080.97,
        "TotalPay": 77095.87,
        "TotalPayBenefits": 105176.84,
        "Year": 2018
    },
    {
        "EmployeeName": "Robert Jimenez",
        "JobTitle": "Marina Assistant",
        "BasePay": 68450.2,
        "OvertimePay": 0.0,
        "OtherPay": 4735.35,
        "Benefits": 29458.77,
        "TotalPay": 73185.55,
        "TotalPayBenefits": 102644.32,
        "Year": 2018
    },
    {
        "EmployeeName": "Carlos J Jimenez",
        "JobTitle": "Parking Control Officer",
        "BasePay": 69614.01,
        "OvertimePay": 0.0,
        "OtherPay": 1643.97,
        "Benefits": 29776.89,
        "TotalPay": 71257.98,
        "TotalPayBenefits": 101034.87,
        "Year": 2018
    },
    {
        "EmployeeName": "Marc A Jimenez",
        "JobTitle": "Sheriff's Cadet",
        "BasePay": 48680.41,
        "OvertimePay": 24035.18,
        "OtherPay": 500.0,
        "Benefits": 26816.0,
        "TotalPay": 73215.59,
        "TotalPayBenefits": 100031.59,
        "Year": 2018
    },
    {
        "EmployeeName": "Fredizminda L Jimenez",
        "JobTitle": "Senior Clerk",
        "BasePay": 59264.62,
        "OvertimePay": 9525.35,
        "OtherPay": 960.0,
        "Benefits": 29198.17,
        "TotalPay": 69749.97,
        "TotalPayBenefits": 98948.14,
        "Year": 2018
    },
    {
        "EmployeeName": "Natasha E Jimenez Sasyk",
        "JobTitle": "Technology Expert I",
        "BasePay": 69858.0,
        "OvertimePay": 0.0,
        "OtherPay": 160.0,
        "Benefits": 22288.52,
        "TotalPay": 70018.0,
        "TotalPayBenefits": 92306.52,
        "Year": 2018
    },
    {
        "EmployeeName": "Juan C Jimenez-Almanza",
        "JobTitle": "Police Officer",
        "BasePay": 66399.0,
        "OvertimePay": 0.0,
        "OtherPay": 0.0,
        "Benefits": 24787.54,
        "TotalPay": 66399.0,
        "TotalPayBenefits": 91186.54,
        "Year": 2018
    },
    {
        "EmployeeName": "Ricardo Jimenez",
        "JobTitle": "Transit Supervisor",
        "BasePay": 61286.0,
        "OvertimePay": 2780.3,
        "OtherPay": 1417.5,
        "Benefits": 22218.57,
        "TotalPay": 65483.8,
        "TotalPayBenefits": 87702.37,
        "Year": 2018
    },
    {
        "EmployeeName": "Veronica M Jimenez",
        "JobTitle": "Medical Evaluations Assistant",
        "BasePay": 57543.31,
        "OvertimePay": 54.49,
        "OtherPay": 1470.0,
        "Benefits": 28455.81,
        "TotalPay": 59067.8,
        "TotalPayBenefits": 87523.61,
        "Year": 2018
    },
    {
        "EmployeeName": "Gabriel E Jimenez",
        "JobTitle": "Custodian",
        "BasePay": 55073.0,
        "OvertimePay": 494.89,
        "OtherPay": 2973.19,
        "Benefits": 28804.63,
        "TotalPay": 58541.08,
        "TotalPayBenefits": 87345.71,
        "Year": 2018
    },
    {
        "EmployeeName": "Nicole K De La Fuente Chavez Jimenez",
        "JobTitle": "Permit and Citation Clerk",
        "BasePay": 44458.96,
        "OvertimePay": 4.81,
        "OtherPay": 0.0,
        "Benefits": 19419.51,
        "TotalPay": 44463.77,
        "TotalPayBenefits": 63883.28,
        "Year": 2018
    },
    {
        "EmployeeName": "Elvira D Flores Jimenez",
        "JobTitle": "Public Service Trainee",
        "BasePay": 40039.98,
        "OvertimePay": 0.0,
        "OtherPay": 3244.53,
        "Benefits": 17811.97,
        "TotalPay": 43284.51,
        "TotalPayBenefits": 61096.48,
        "Year": 2018
    },
    {
        "EmployeeName": "Carlos L Jimenez",
        "JobTitle": "Public Service Trainee",
        "BasePay": 37300.11,
        "OvertimePay": 12767.4,
        "OtherPay": 415.59,
        "Benefits": 9196.89,
        "TotalPay": 50483.1,
        "TotalPayBenefits": 59679.99,
        "Year": 2018
    },
    {
        "EmployeeName": "Edgar U Jimenez",
        "JobTitle": "Police Officer",
        "BasePay": 42175.0,
        "OvertimePay": 0.0,
        "OtherPay": 0.0,
        "Benefits": 15572.42,
        "TotalPay": 42175.0,
        "TotalPayBenefits": 57747.42,
        "Year": 2018
    },
    {
        "EmployeeName": "Uriel Jimenez",
        "JobTitle": "Transit Operator",
        "BasePay": 21586.25,
        "OvertimePay": 6925.34,
        "OtherPay": 342.32,
        "Benefits": 8750.11,
        "TotalPay": 28853.91,
        "TotalPayBenefits": 37604.02,
        "Year": 2018
    },
    {
        "EmployeeName": "Erika G Calzada-Jimenez",
        "JobTitle": "Police Cadet",
        "BasePay": 27319.76,
        "OvertimePay": 0.0,
        "OtherPay": 0.0,
        "Benefits": 6564.72,
        "TotalPay": 27319.76,
        "TotalPayBenefits": 33884.48,
        "Year": 2018
    },
    {
        "EmployeeName": "Araceli Jimenez Williams",
        "JobTitle": "Transit Operator",
        "BasePay": 18974.2,
        "OvertimePay": 2629.87,
        "OtherPay": 1104.3,
        "Benefits": 7940.49,
        "TotalPay": 22708.37,
        "TotalPayBenefits": 30648.86,
        "Year": 2018
    },
    {
        "EmployeeName": "Esther Soria-Jimenez",
        "JobTitle": "HSA Sr Eligibility Worker",
        "BasePay": 18936.02,
        "OvertimePay": 0.0,
        "OtherPay": 0.0,
        "Benefits": 9547.68,
        "TotalPay": 18936.02,
        "TotalPayBenefits": 28483.7,
        "Year": 2018
    },
    {
        "EmployeeName": "Lorena R Jimenez",
        "JobTitle": "Police Cadet",
        "BasePay": 8692.74,
        "OvertimePay": 0.0,
        "OtherPay": 0.0,
        "Benefits": 133.05,
        "TotalPay": 8692.74,
        "TotalPayBenefits": 8825.79,
        "Year": 2018
    },
    {
        "EmployeeName": "Juan L Lopez Jimenez",
        "JobTitle": "Recreation Leader",
        "BasePay": 3819.38,
        "OvertimePay": 0.0,
        "OtherPay": 0.0,
        "Benefits": 38.2,
        "TotalPay": 3819.38,
        "TotalPayBenefits": 3857.58,
        "Year": 2018
    },
    {
        "EmployeeName": "Angelina I Jimenez",
        "JobTitle": "Public Service Trainee",
        "BasePay": 3314.0,
        "OvertimePay": 0.0,
        "OtherPay": 1.12,
        "Benefits": 33.15,
        "TotalPay": 3315.12,
        "TotalPayBenefits": 3348.27,
        "Year": 2018
    },
    {
        "EmployeeName": "David J Jimenez",
        "JobTitle": "Police Officer",
        "BasePay": 1954.2,
        "OvertimePay": 0.0,
        "OtherPay": 0.0,
        "Benefits": 386.34,
        "TotalPay": 1954.2,
        "TotalPayBenefits": 2340.54,
        "Year": 2018
    },
    {
        "EmployeeName": "Angelina Jimenez",
        "JobTitle": "Special Nurse",
        "BasePay": 19.2,
        "OvertimePay": 819.22,
        "OtherPay": 122.27,
        "Benefits": 170.07,
        "TotalPay": 960.69,
        "TotalPayBenefits": 1130.76,
        "Year": 2018
    }
]