EmployeeName,JobTitle,BasePay,OvertimePay,OtherPay,Benefits,TotalPay,TotalPayBenefits,Year
NATHANIEL FORD,GENERAL MANAGER-METROPOLITAN TRANSIT AUTHORITY,167411.18,0.0,400184.25,,567595.43,567595.43,2011
NATHANIEL STEGER,SERGEANT III (POLICE DEPARTMENT),130457.8,1354.79,9264.59,,141077.18,141077.18,2011
NATHANIEL YUEN,POLICE OFFICER II,103643.59,11081.07,7880.9,,122605.56,122605.56,2011
NATHANIEL MANALANG,POLICE OFFICER I,104789.95,6845.49,8536.73,,120172.17,120172.17,2011
NATHANIEL OLIVAS,FIRE FIGHTER PARAMEDIC,106441.71,5241.88,4501.86,,116185.45,116185.45,2011
NATHANIEL BANKS,"SENIOR STATIONARY ENGINEER, SEWAGE PLANT",90376.0,2778.15,7369.53,,100523.68,100523.68,2011
NATHANIEL MOORE,TRANSIT OPERATOR,64975.87,22006.37,2150.89,,89133.13,89133.13,2011
NATHANIEL BAILEY JR,TRANSIT OPERATOR,67016.58,18465.05,576.04,,86057.67,86057.67,2011
NATHANIEL ISRAEL,CLINICAL PSYCHOLOGIST,84189.2,0.0,0.0,,84189.2,84189.2,2011
NATHANIEL TAN,TRANSIT OPERATOR,57842.38,17020.03,1123.33,,75985.74,75985.74,2011
NATHANIEL INTAL,X-RAY LABORATORY AIDE,50845.6,12799.88,2055.45,,65700.93,65700.93,2011
NATHANIEL REYNOLDS,GARDENER,58528.0,6525.09,585.28,,65638.37,65638.37,2011
NATHANIEL CRUZ,MENTAL HEALTH REHABILITATION WORKER,60206.61,4103.17,250.0,,64559.78,64559.78,2011
NATHANIEL MANSKER,GENERAL LABORER,58119.24,544.27,2134.29,,60797.8,60797.8,2011
NATHANIEL JUHL,ENVIRONMENTAL ASSISTANT,23716.0,0.0,4057.05,,27773.05,27773.05,2011
NATHANIEL WASHINGTON,ASPHALT WORKER,15886.2,0.0,1001.27,,16887.47,16887.47,2011
NATHANIEL COLLINS,COOK,8758.05,280.76,169.83,,9208.64,9208.64,2011
NATHANIEL SCHMIDT,WATERSHED WORKER (SEASONAL),6063.7,0.0,0.0,,6063.7,6063.7,2011
NATHANIEL SWANSON,CAMP ASSISTANT,5211.56,240.38,114.88,,5566.82,5566.82,2011
NATHANIEL GASH,SCHOOL CROSSING GUARD,5283.29,0.0,263.35,,5546.64,5546.64,2011
Nathaniel Steger,Sergeant 3,135976.98,5327.73,6044.05,38048.43,147348.76,185397.19,2012
Nathaniel Yuen,Police Officer 2,114896.33,13438.31,8036.8,34283.47,136371.44,170654.91,2012
Nathaniel Manalang,Police Officer,110526.78,13743.6,9184.51,34094.0,133454.89,167548.89,2012
Nathaniel Dillon Olivas,EMT/Paramedic/Firefighter,110799.03,6083.87,4119.67,33745.11,121002.57,154747.68,2012
Nathaniel Banks,"Sr. Stationary Eng, Sew Plant",92130.99,0.0,6909.89,38996.28,99040.88,138037.16,2012
Nathaniel Israel,Clinical Psychologist,93904.9,0.0,0.0,37873.32,93904.9,131778.22,2012
Nathaniel Bailey Jr,Transit Operator,66969.07,16380.67,2219.6,43209.18,85569.34,128778.52,2012
Nathaniel Moore,Transit Operator,65252.48,19146.54,2427.97,38246.79,86826.99,125073.78,2012
Nathaniel Tan,Transit Operator,64982.36,15484.15,4064.11,38122.11,84530.62,122652.73,2012
Nathaniel Intal,X-Ray Laboratory Aide,55256.7,20141.45,2100.97,29673.29,77499.12,107172.41,2012
Nathaniel F. Cruz,Patient Care Assistant,63995.0,3597.88,250.0,30126.58,67842.88,97969.46,2012
Nathaniel Mansker,General Laborer Supervisor 1,59959.12,3227.78,3027.25,29580.24,66214.15,95794.39,2012
Nathaniel Reynolds,Gardener,60208.5,1653.34,328.04,29228.9,62189.88,91418.78,2012
Nathaniel Morales,IS Engineer-Journey,38775.0,0.0,0.0,10868.54,38775.0,49643.54,2012
Nathaniel Washington,Asphalt Worker,21878.1,222.56,1110.96,2025.98,23211.62,25237.6,2012
Nathaniel Collins,Cook,12888.67,0.0,38.99,1000.94,12927.66,13928.6,2012
Nathaniel Edwards,Public Svc Aide-Public Works,6545.82,116.89,92.34,597.09,6755.05,7352.14,2012
Nathaniel Swanson,Camp Assistant,5533.0,0.0,165.4,441.4,5698.4,6139.8,2012
Marc Nathaniel Untalan,Licensed Vocational Nurse,901.0,0.0,4.24,77.59,905.24,982.83,2012
Nathaniel B Steger,Sergeant 3,143289.03,23379.83,5968.98,40804.38,172637.84,213442.22,2013
Nathaniel C Yuen,Police Officer 2,121068.02,12963.33,8586.3,36600.58,142617.65,179218.23,2013
Nathaniel T Manalang,Police Officer,116478.1,11184.4,14231.42,35741.32,141893.92,177635.24,2013
Nathaniel Dillon  Olivas,Firefighter,117003.99,2948.98,8336.32,37115.74,128289.29,165405.03,2013
Nathaniel J Banks,"Sr. Stationary Eng, Sew Plant",97947.05,5403.89,8234.64,34763.98,111585.58,146349.56,2013
Nathaniel  Israel,Clinical Psychologist,104976.0,0.0,0.0,35603.77,104976.0,140579.77,2013
Nathaniel S Morales,IS Engineer-Journey,99269.1,0.0,0.0,34454.04,99269.1,133723.14,2013
Nathaniel  Moore,Transit Operator,66174.37,15696.19,2378.08,32586.08,84248.64,116834.72,2013
Nathaniel D Mansker,General Laborer Supervisor 1,69199.42,8026.4,4832.27,28338.29,82058.09,110396.38,2013
Nathaniel C Intal,X-Ray Laboratory Aide,61687.5,16979.12,2456.81,26352.09,81123.43,107475.52,2013
Nathaniel  Reynolds,Gardener,64641.01,3231.02,0.0,26485.59,67872.03,94357.62,2013
Nathaniel F. R.V. Cruz,Patient Care Assistant,63578.31,2659.65,250.0,25216.04,66487.96,91704.0,2013
Nathaniel  Bailey Jr,Transit Operator,37062.95,7017.49,2533.44,19669.87,46613.88,66283.75,2013
Nathaniel D Washington,Asphalt Worker,33944.78,893.1,1643.51,15390.46,36481.39,51871.85,2013
Nathaniel  Sung,Automotive Service Worker,13790.0,0.0,0.0,6620.49,13790.0,20410.49,2013
Marc Nathaniel C Untalan,Licensed Vocational Nurse,16815.0,702.86,968.7,184.87,18486.56,18671.43,2013
Nathaniel  Tan,Transit Operator,7925.82,1485.25,4617.82,3804.81,14028.89,17833.7,2013
Nathaniel C Collins,Cook,10119.2,893.22,116.8,0.0,11129.22,11129.22,2013
Nathaniel J Swanson,Camp Assistant,5520.0,12.94,174.8,0.0,5707.74,5707.74,2013
Nathaniel  Edwards,Public Svc Aide-Public Works,597.43,0.0,8.91,6.06,606.34,612.4,2013
Nathaniel Dillon Olivas,Firefighter,112703.74,48306.02,14594.47,41991.41,175604.23,217595.64,2014
Nathaniel B Steger,Sergeant 3,137982.11,13437.53,7510.04,42965.73,158929.68,201895.41,2014
Nathaniel C Yuen,Sergeant 3,122598.02,23602.13,14992.71,39641.0,161192.86,200833.86,2014
Nathaniel T Manalang,Police Officer,112164.13,20432.57,13561.72,37617.17,146158.42,183775.59,2014
Nathaniel J Banks,"Sr. Stationary Eng, Sew Plant",98100.02,5722.96,5809.28,36570.45,109632.26,146202.71,2014
Nathaniel S Morales,IS Engineer-Journey,103961.6,0.0,0.0,37630.33,103961.6,141591.93,2014
Nathaniel C Intal,X-Ray Laboratory Aide,64448.0,25894.58,2481.04,28443.19,92823.62,121266.81,2014
Nathaniel Moore,Transit Operator,63339.58,16732.03,2104.28,33381.96,82175.89,115557.85,2014
Nathaniel D Mansker,General Laborer Supervisor 1,68497.04,7767.0,5089.42,29941.0,81353.46,111294.46,2014
Nathaniel F R V Cruz,Patient Care Assistant,67948.0,2866.46,250.0,28707.26,71064.46,99771.72,2014
Nathaniel Reynolds,Gardener,63978.0,4659.23,0.0,27845.32,68637.23,96482.55,2014
Nathaniel Sung,Automotive Service Worker,53087.9,0.0,0.0,26873.77,53087.9,79961.67,2014
Nathaniel D Washington,Asphalt Worker,23643.2,570.98,1204.2,12881.23,25418.38,38299.61,2014
Nathaniel A Gladding Jr,PS Aide to Prof,26308.0,0.0,5.75,10958.21,26313.75,37271.96,2014
Nathaniel Israel,Clinical Psychologist,20545.2,0.0,5614.86,7358.36,26160.06,33518.42,2014
Nathaniel C Collins,Chef,13574.8,2355.94,25.6,159.56,15956.34,16115.9,2014
Marc Nathaniel C Untalan,Licensed Vocational Nurse,12264.33,0.0,592.96,128.58,12857.29,12985.87,2014
Nathaniel J Banks,Publ Svc Aide-Asst to Prof,4332.0,0.0,0.0,43.32,4332.0,4375.32,2014
Nathaniel T Williams,Public Svc Aide-Public Works,2401.8,0.0,0.0,24.02,2401.8,2425.82,2014
Nathaniel C Yuen,Sergeant 3,140061.94,33766.36,13904.47,40736.77,187732.77,228469.54,2015
Nathaniel Dillon Olivas,Firefighter,113223.0,57774.97,17495.05,38858.62,188493.02,227351.64,2015
Nathaniel B Steger,Sergeant 3,139487.36,24807.65,5772.82,41355.25,170067.83,211423.08,2015
Nathaniel T Manalang,Police Officer 2,117706.26,13004.38,9697.49,36485.6,140408.13,176893.73,2015
Nathaniel S Morales,IS Engineer-Journey,112726.0,0.0,14692.88,37049.07,127418.88,164467.95,2015
Nathaniel J Banks,"Sr. Stationary Eng, Sew Plant",106090.09,3080.86,0.0,35624.15,109170.95,144795.1,2015
Nathaniel C Intal,Diagnostic Imaging Assistant,67911.01,29598.64,2683.75,27559.72,100193.4,127753.12,2015
Nathaniel Moore,Transit Operator,67655.63,14095.63,1622.61,32656.79,83373.87,116030.66,2015
Nathaniel D Mansker,General Laborer Supervisor 1,71519.88,1651.08,9603.12,29558.46,82774.08,112332.54,2015
Nathaniel Reynolds,Gardener,66102.0,8023.77,0.0,26464.01,74125.77,100589.78,2015
Nathaniel Fr V Cruz,Patient Care Assistant,70245.0,2039.85,250.0,27567.52,72534.85,100102.37,2015
Nathaniel Sung,Automotive Service Worker,57578.2,0.0,0.0,24937.58,57578.2,82515.78,2015
Nathaniel B Treff,EMT/Paramedic/Firefighter,47830.26,9562.53,3540.12,11508.09,60932.91,72441.0,2015
Nathaniel D Washington,Asphalt Finisher,31826.3,2629.95,1546.92,18315.03,36003.17,54318.2,2015
Nathaniel J Banks Jr,Publ Svc Aide-Asst to Prof,37397.62,0.0,0.0,5461.96,37397.62,42859.58,2015
Nathaniel V Sinlao,Library Page,23158.36,0.0,370.08,13033.9,23528.44,36562.34,2015
Nathaniel C Collins,Chef,15041.4,3096.61,170.25,183.09,18308.26,18491.35,2015
Nathaniel Vazquez,"StdntDsgnTrain3, Arch/Eng/Plng",8523.95,0.0,0.0,85.25,8523.95,8609.2,2015
Nathaniel B Mak,Publ Svc Aide-Asst to Prof,7111.7,0.0,0.0,71.12,7111.7,7182.82,2015
Nathaniel A Gladding Jr,PS Aide to Prof,2844.0,0.0,0.0,2734.06,2844.0,5578.06,2015
Nathaniel B Steger,Sergeant 3,143395.09,43766.33,5650.45,41373.08,192811.87,234184.95,2016
Nathaniel Dillon Olivas,Firefighter,114877.5,49233.54,23859.87,38590.82,187970.91,226561.73,2016
Nathaniel C Yuen,Sergeant 3,140254.06,37506.59,8275.35,38734.68,186036.0,224770.68,2016
Nathaniel T Manalang,Police Officer 2,118846.08,22022.96,9594.74,34994.63,150463.78,185458.41,2016
Nathaniel S Morales,IS Engineer-Senior,123846.5,0.0,5045.49,36669.56,128891.99,165561.55,2016
Nathaniel J Banks,"Sr. Stationary Eng, Sew Plant",110507.66,13521.97,0.0,34739.03,124029.63,158768.66,2016
Nathaniel B Treff,EMT/Paramedic/Firefighter,69936.91,18573.29,8550.62,27894.17,97060.82,124954.99,2016
Nathaniel D Mansker,Street Environ Svcs Oprs Supv,84835.4,1499.82,8777.57,29287.59,95112.79,124400.38,2016
Nathaniel C Intal,Diagnostic Imaging Assistant,70682.51,13436.33,2366.8,26409.06,86485.64,112894.7,2016
Nathaniel Reynolds,Gardener,68822.6,13476.12,0.0,24702.56,82298.72,107001.28,2016
Nathaniel Fr V Cruz,Patient Care Assistant,73161.0,3809.7,250.0,26469.98,77220.7,103690.68,2016
Nathaniel D Washington,Asphalt Finisher,57887.61,7277.78,2738.9,22950.27,67904.29,90854.56,2016
Nathaniel Sung,Automotive Service Worker,62922.2,1500.68,0.0,23640.13,64422.88,88063.01,2016
Nathaniel J Banks Jr,Senior Clerk,47103.84,0.0,0.0,23312.24,47103.84,70416.08,2016
Nathaniel C Armell,Junior Engineer,43580.4,0.0,0.0,15761.85,43580.4,59342.25,2016
Nathaniel D Gibson,Water Meter Repairer,40011.13,0.0,0.0,17577.88,40011.13,57589.01,2016
Nathaniel V Sinlao,Library Page,31146.89,0.0,479.34,15878.31,31626.23,47504.54,2016
Nathaniel Cleveland Jr,Personnel Trainee,17541.9,0.0,0.0,6978.33,17541.9,24520.23,2016
Nathaniel C Collins,Chef,14886.63,4477.49,115.49,3129.32,19479.61,22608.93,2016
Nathaniel H Wong,Junior Administrative Analyst,13380.0,0.0,0.0,5520.15,13380.0,18900.15,2016
Nathaniel Moore,Transit Operator,5913.53,742.22,1342.89,6609.9,7998.64,14608.54,2016
Justin-Nathaniel B Santos,Public Service Trainee,2264.31,0.0,0.0,1092.89,2264.31,3357.2,2016
Nathaniel Johnson,Public Svc Aide-Public Works,128.03,0.0,0.0,50.99,128.03,179.02,2016
Nathaniel Dillon Olivas,Firefighter,124139.78,54877.93,23716.77,44938.72,202734.48,247673.2,2017
Nathaniel B Steger,Sergeant 3,145830.9,35392.28,4346.71,43186.16,185569.89,228756.05,2017
Nathaniel C Yuen,Sergeant 3,144133.42,19279.78,1490.75,40864.12,164903.95,205768.07,2017
Nathaniel S Morales,IS Engineer-Senior,142954.01,0.0,6431.76,42081.3,149385.77,191467.07,2017
Nathaniel T Manalang,Police Officer 2,121224.0,20413.02,9942.0,36964.42,151579.02,188543.44,2017
Nathaniel D Mansker,Street Environ Svcs Oprs Supv,104310.0,5080.6,10540.9,35827.67,119931.5,155759.17,2017
Nathaniel B Treff,EMT/Paramedic/Firefighter,74929.8,28384.46,8097.04,29599.87,111411.3,141011.17,2017
Nathaniel C Intal,Diagnostic Imaging Assistant,72860.02,16177.31,2566.71,28850.13,91604.04,120454.17,2017
Nathaniel Reynolds,Gardener,70990.0,13968.98,109.9,27404.08,85068.88,112472.96,2017
Nathaniel C Armell,Junior Engineer,80876.3,493.64,493.35,29658.94,81863.29,111522.23,2017
Nathaniel Fr V Cruz,Patient Care Assistant,74854.4,3530.35,509.2,28697.0,78893.95,107590.95,2017
Nathaniel D Washington,Asphalt Finisher,67709.83,8607.78,3191.67,27854.69,79509.28,107363.97,2017
Nathaniel D Gibson,Water Meter Repairer,70440.21,101.25,0.0,30724.59,70541.46,101266.05,2017
Nathaniel Cleveland Jr,Human Resources Analyst,64050.71,0.0,0.0,26872.26,64050.71,90922.97,2017
Nathaniel Sung,Automotive Service Worker,64537.41,51.73,0.0,24476.36,64589.14,89065.5,2017
Nathaniel H Wong,Junior Administrative Analyst,59462.5,0.0,0.0,26128.68,59462.5,85591.18,2017
Nathaniel J Banks Jr,Senior Personnel Clerk,41876.85,0.0,2438.29,19409.32,44315.14,63724.46,2017
Nathaniel V Sinlao,Library Page,37396.23,0.0,504.81,19519.41,37901.04,57420.45,2017
Nathaniel A Seeskin,"StdntDsgnTrain3, Arch/Eng/Plng",11011.52,0.0,0.0,110.12,11011.52,11121.64,2017
Nathaniel C Collins,Cook,9873.6,500.28,99.13,104.73,10473.01,10577.74,2017
Nathaniel J Banks,"Sr. Stationary Eng, Sew Plant",4323.0,0.0,1262.32,1410.3,5585.32,6995.62,2017
Justin-Nathaniel B Santos,Publ Svc Aide-Asst to Prof,4220.08,0.0,0.0,42.19,4220.08,4262.27,2017
Nathaniel B Steger,Sergeant 3,155062.48,7658.32,5938.82,49767.69,168659.62,218427.31,2018
Nathaniel C Yuen,Sergeant 3,146265.78,14300.33,5211.1,42748.03,165777.21,208525.24,2018
Nathaniel Dillon Olivas,Firefighter,120032.5,22238.95,21761.61,43071.59,164033.06,207104.65,2018
Nathaniel S Morales,IS Engineer-Senior,147252.0,0.0,6373.78,44087.87,153625.78,197713.65,2018
Nathaniel T Manalang,Police Officer 2,124792.01,19962.44,10141.25,38912.99,154895.7,193808.69,2018
Nathaniel D Mansker,Street Environ Svcs Oprs Supv,107008.02,8970.68,10700.8,37388.75,126679.5,164068.25,2018
Nathaniel B Treff,EMT/Paramedic/Firefighter,83554.79,25657.71,5278.92,31283.69,114491.42,145775.11,2018
Nathaniel C Intal,Diagnostic Imaging Assistant,74757.3,19523.16,2150.44,31142.95,96430.9,127573.85,2018
Nathaniel C Armell,Junior Engineer,87465.2,2238.05,0.0,31860.16,89703.25,121563.41,2018
Nathaniel D Washington,Asphalt Finisher,75876.84,5208.91,2262.7,29812.78,83348.45,113161.23,2018
Nathaniel D Gibson,Water Meter Repairer,77531.03,0.0,1200.0,33445.16,78731.03,112176.19,2018
Nathaniel Fr V Cruz,Patient Care Assistant,76685.11,2694.0,866.0,31034.75,80245.11,111279.86,2018
Nathaniel Reynolds,Gardener,73120.01,7257.99,0.0,28506.54,80378.0,108884.54,2018
Nathaniel Sung,Automotive Service Worker,72730.01,0.0,0.0,27506.97,72730.01,100236.98,2018
Nathaniel Cleveland Jr,Human Resources Analyst,69504.51,0.0,0.0,27719.79,69504.51,97224.3,2018
Nathaniel H Wong,Junior Administrative Analyst,64301.0,0.0,0.0,27285.25,64301.0,91586.25,2018
Nathaniel V Sinlao,Library Page,38446.96,0.0,621.76,19571.74,39068.72,58640.46,2018
Nathaniel P Ashmead,Watershed Keeper,22482.07,468.38,0.0,5381.62,22950.45,28332.07,2018
Nathaniel S Warren,Pool Lifeguard,12950.5,0.0,26.32,129.78,12976.82,13106.6,2018
Nathaniel M Hunt,Recreation Facility Assistant,5575.93,0.0,127.29,57.03,5703.22,5760.25,2018
Justin-Nathaniel B Santos,Publ Svc Aide-Asst to Prof,1594.91,0.0,0.0,15.95,1594.91,1610.86,2018
