[
    {
        "EmployeeName": "NATHANIEL FORD",
        "JobTitle": "GENERAL MANAGER-METROPOLITAN TRANSIT AUTHORITY",
        "BasePay": 167411.18,
        "OvertimePay": 0.0,
        "OtherPay": 400184.25,
        "Benefits": null,
        "TotalPay": 567595.43,
        "TotalPayBenefits": 567595.43,
        "Year": 2011
    },
    {
        "EmployeeName": "NATHANIEL STEGER",
        "JobTitle": "SERGEANT III (POLICE DEPARTMENT)",
        "BasePay": 130457.8,
        "OvertimePay": 1354.79,
        "OtherPay": 9264.59,
        "Benefits": null,
        "TotalPay": 141077.18,
        "TotalPayBenefits": 141077.18,
        "Year": 2011
    },
    {
        "EmployeeName": "NATHANIEL YUEN",
        "JobTitle": "POLICE OFFICER II",
        "BasePay": 103643.59,
        "OvertimePay": 11081.07,
        "OtherPay": 7880.9,
        "Benefits": null,
        "TotalPay": 122605.56,
        "TotalPayBenefits": 122605.56,
        "Year": 2011
    },
    {
        "EmployeeName": "NATHANIEL MANALANG",
        "JobTitle": "POLICE OFFICER I",
        "BasePay": 104789.95,
        "OvertimePay": 6845.49,
        "OtherPay": 8536.73,
        "Benefits": null,
        "TotalPay": 120172.17,
        "TotalPayBenefits": 120172.17,
        "Year": 2011
    },
    {
        "EmployeeName": "NATHANIEL OLIVAS",
        "JobTitle": "FIRE FIGHTER PARAMEDIC",
        "BasePay": 106441.71,
        "OvertimePay": 5241.88,
        "OtherPay": 4501.86,
        "Benefits": null,
        "TotalPay": 116185.45,
        "TotalPayBenefits": 116185.45,
        "Year": 2011
    },
    {
        "EmployeeName": "NATHANIEL BANKS",
        "JobTitle": "SENIOR STATIONARY ENGINEER, SEWAGE PLANT",
        "BasePay": 90376.0,
        "OvertimePay": 2778.15,
        "OtherPay": 7369.53,
        "Benefits": null,
        "TotalPay": 100523.68,
        "TotalPayBenefits": 100523.68,
        "Year": 2011
    },
    {
        "EmployeeName": "NATHANIEL MOORE",
        "JobTitle": "TRANSIT OPERATOR",
        "BasePay": 64975.87,
        "OvertimePay": 22006.37,
        "OtherPay": 2150.89,
        "Benefits": null,
        "TotalPay": 89133.13,
        "TotalPayBenefits": 89133.13,
        "Year": 2011
    },
    {
        "EmployeeName": "NATHANIEL BAILEY JR",
        "JobTitle": "TRANSIT OPERATOR",
        "BasePay": 67016.58,
        "OvertimePay": 18465.05,
        "OtherPay": 576.04,
        "Benefits": null,
        "TotalPay": 86057.67,
        "TotalPayBenefits": 86057.67,
        "Year": 2011
    },
    {
        "EmployeeName": "NATHANIEL ISRAEL",
        "JobTitle": "CLINICAL PSYCHOLOGIST",
        "BasePay": 84189.2,
        "OvertimePay": 0.0,
        "OtherPay": 0.0,
        "Benefits": null,
        "TotalPay": 84189.2,
        "TotalPayBenefits": 84189.2,
        "Year": 2011
    },
    {
        "EmployeeName": "NATHANIEL TAN",
        "JobTitle": "TRANSIT OPERATOR",
        "BasePay": 57842.38,
        "OvertimePay": 17020.03,
        "OtherPay": 1123.33,
        "Benefits": null,
        "TotalPay": 75985.74,
        "TotalPayBenefits": 75985.74,
        "Year": 2011
    },
    {
        "EmployeeName": "NATHANIEL INTAL",
        "JobTitle": "X-RAY LABORATORY AIDE",
        "BasePay": 50845.6,
        "OvertimePay": 12799.88,
        "OtherPay": 2055.45,
        "Benefits": null,
        "TotalPay": 65700.93,
        "TotalPayBenefits": 65700.93,
        "Year": 2011
    },
    {
        "EmployeeName": "NATHANIEL REYNOLDS",
        "JobTitle": "GARDENER",
        "BasePay": 58528.0,
        "OvertimePay": 6525.09,
        "OtherPay": 585.28,
        "Benefits": null,
        "TotalPay": 65638.37,
        "TotalPayBenefits": 65638.37,
        "Year": 2011
    },
    {
        "EmployeeName": "NATHANIEL CRUZ",
        "JobTitle": "MENTAL HEALTH REHABILITATION WORKER",
        "BasePay": 60206.61,
        "OvertimePay": 4103.17,
        "OtherPay": 250.0,
        "Benefits": null,
        "TotalPay": 64559.78,
        "TotalPayBenefits": 64559.78,
        "Year": 2011
    },
    {
        "EmployeeName": "NATHANIEL MANSKER",
        "JobTitle": "GENERAL LABORER",
        "BasePay": 58119.24,
        "OvertimePay": 544.27,
        "OtherPay": 2134.29,
        "Benefits": null,
        "TotalPay": 60797.8,
        "TotalPayBenefits": 60797.8,
        "Year": 2011
    },
    {
        "EmployeeName": "NATHANIEL JUHL",
        "JobTitle": "ENVIRONMENTAL ASSISTANT",
        "BasePay": 23716.0,
        "OvertimePay": 0.0,
        "OtherPay": 4057.05,
        "Benefits": null,
        "TotalPay": 27773.05,
        "TotalPayBenefits": 27773.05,
        "Year": 2011
    },
    {
        "EmployeeName": "NATHANIEL WASHINGTON",
        "JobTitle": "ASPHALT WORKER",
        "BasePay": 15886.2,
        "OvertimePay": 0.0,
        "OtherPay": 1001.27,
        "Benefits": null,
        "TotalPay": 16887.47,
        "TotalPayBenefits": 16887.47,
        "Year": 2011
    },
    {
        "EmployeeName": "NATHANIEL COLLINS",
        "JobTitle": "COOK",
        "BasePay": 8758.05,
        "OvertimePay": 280.76,
        "OtherPay": 169.83,
        "Benefits": null,
        "TotalPay": 9208.64,
        "TotalPayBenefits": 9208.64,
        "Year": 2011
    },
    {
        "EmployeeName": "NATHANIEL SCHMIDT",
        "JobTitle": "WATERSHED WORKER (SEASONAL)",
        "BasePay": 6063.7,
        "OvertimePay": 0.0,
        "OtherPay": 0.0,
        "Benefits": null,
        "TotalPay": 6063.7,
        "TotalPayBenefits": 6063.7,
        "Year": 2011
    },
    {
        "EmployeeName": "NATHANIEL SWANSON",
        "JobTitle": "CAMP ASSISTANT",
        "BasePay": 5211.56,
        "OvertimePay": 240.38,
        "OtherPay": 114.88,
        "Benefits": null,
        "TotalPay": 5566.82,
        "TotalPayBenefits": 5566.82,
        "Year": 2011
    },
    {
        "EmployeeName": "NATHANIEL GASH",
        "JobTitle": "SCHOOL CROSSING GUARD",
        "BasePay": 5283.29,
        "OvertimePay": 0.0,
        "OtherPay": 263.35,
        "Benefits": null,
        "TotalPay": 5546.64,
        "TotalPayBenefits": 5546.64,
        "Year": 2011
    },
    {
        "EmployeeName": "Nathaniel Steger",
        "JobTitle": "Sergeant 3",
        "BasePay": 135976.98,
        "OvertimePay": 5327.73,
        "OtherPay": 6044.05,
        "Benefits": 38048.43,
        "TotalPay": 147348.76,
        "TotalPayBenefits": 185397.19,
        "Year": 2012
    },
    {
        "EmployeeName": "Nathaniel Yuen",
        "JobTitle": "Police Officer 2",
        "BasePay": 114896.33,
        "OvertimePay": 13438.31,
        "OtherPay": 8036.8,
        "Benefits": 34283.47,
        "TotalPay": 136371.44,
        "TotalPayBenefits": 170654.91,
        "Year": 2012
    },
    {
        "EmployeeName": "Nathaniel Manalang",
        "JobTitle": "Police Officer",
        "BasePay": 110526.78,
        "OvertimePay": 13743.6,
        "OtherPay": 9184.51,
        "Benefits": 34094.0,
        "TotalPay": 133454.89,
        "TotalPayBenefits": 167548.89,
        "Year": 2012
    },
    {
        "EmployeeName": "Nathaniel Dillon Olivas",
        "JobTitle": "EMT/Paramedic/Firefighter",
        "BasePay": 110799.03,
        "OvertimePay": 6083.87,
        "OtherPay": 4119.67,
        "Benefits": 33745.11,
        "TotalPay": 121002.57,
        "TotalPayBenefits": 154747.68,
        "Year": 2012
    },
    {
        "EmployeeName": "Nathaniel Banks",
        "JobTitle": "Sr. Stationary Eng, Sew Plant",
        "BasePay": 92130.99,
        "OvertimePay": 0.0,
        "OtherPay": 6909.89,
        "Benefits": 38996.28,
        "TotalPay": 99040.88,
        "TotalPayBenefits": 138037.16,
        "Year": 2012
    },
    {
        "EmployeeName": "Nathaniel Israel",
        "JobTitle": "Clinical Psychologist",
        "BasePay": 93904.9,
        "OvertimePay": 0.0,
        "OtherPay": 0.0,
        "Benefits": 37873.32,
        "TotalPay": 93904.9,
        "TotalPayBenefits": 131778.22,
        "Year": 2012
    },
    {
        "EmployeeName": "Nathaniel Bailey Jr",
        "JobTitle": "Transit Operator",
        "BasePay": 66969.07,
        "OvertimePay": 16380.67,
        "OtherPay": 2219.6,
        "Benefits": 43209.18,
        "TotalPay": 85569.34,
        "TotalPayBenefits": 128778.52,
        "Year": 2012
    },
    {
        "EmployeeName": "Nathaniel Moore",
        "JobTitle": "Transit Operator",
        "BasePay": 65252.48,
        "OvertimePay": 19146.54,
        "OtherPay": 2427.97,
        "Benefits": 38246.79,
        "TotalPay": 86826.99,
        "TotalPayBenefits": 125073.78,
        "Year": 2012
    },
    {
        "EmployeeName": "Nathaniel Tan",
        "JobTitle": "Transit Operator",
        "BasePay": 64982.36,
        "OvertimePay": 15484.15,
        "OtherPay": 4064.11,
        "Benefits": 38122.11,
        "TotalPay": 84530.62,
        "TotalPayBenefits": 122652.73,
        "Year": 2012
    },
    {
        "EmployeeName": "Nathaniel Intal",
        "JobTitle": "X-Ray Laboratory Aide",
        "BasePay": 55256.7,
        "OvertimePay": 20141.45,
        "OtherPay": 2100.97,
        "Benefits": 29673.29,
        "TotalPay": 77499.12,
        "TotalPayBenefits": 107172.41,
        "Year": 2012
    },
    {
        "EmployeeName": "Nathaniel F. Cruz",
        "JobTitle": "Patient Care Assistant",
        "BasePay": 63995.0,
        "OvertimePay": 3597.88,
        "OtherPay": 250.0,
        "Benefits": 30126.58,
        "TotalPay": 67842.88,
        "TotalPayBenefits": 97969.46,
        "Year": 2012
    },
    {
        "EmployeeName": "Nathaniel Mansker",
        "JobTitle": "General Laborer Supervisor 1",
        "BasePay": 59959.12,
        "OvertimePay": 3227.78,
        "OtherPay": 3027.25,
        "Benefits": 29580.24,
        "TotalPay": 66214.15,
        "TotalPayBenefits": 95794.39,
        "Year": 2012
    },
    {
        "EmployeeName": "Nathaniel Reynolds",
        "JobTitle": "Gardener",
        "BasePay": 60208.5,
        "OvertimePay": 1653.34,
        "OtherPay": 328.04,
        "Benefits": 29228.9,
        "TotalPay": 62189.88,
        "TotalPayBenefits": 91418.78,
        "Year": 2012
    },
    {
        "EmployeeName": "Nathaniel Morales",
        "JobTitle": "IS Engineer-Journey",
        "BasePay": 38775.0,
        "OvertimePay": 0.0,
        "OtherPay": 0.0,
        "Benefits": 10868.54,
        "TotalPay": 38775.0,
        "TotalPayBenefits": 49643.54,
        "Year": 2012
    },
    {
        "EmployeeName": "Nathaniel Washington",
        "JobTitle": "Asphalt Worker",
        "BasePay": 21878.1,
        "OvertimePay": 222.56,
        "OtherPay": 1110.96,
        "Benefits": 2025.98,
        "TotalPay": 23211.62,
        "TotalPayBenefits": 25237.6,
        "Year": 2012
    },
    {
        "EmployeeName": "Nathaniel Collins",
        "JobTitle": "Cook",
        "BasePay": 12888.67,
        "OvertimePay": 0.0,
        "OtherPay": 38.99,
        "Benefits": 1000.94,
        "TotalPay": 12927.66,
        "TotalPayBenefits": 13928.6,
        "Year": 2012
    },
    {
        "EmployeeName": "Nathaniel Edwards",
        "JobTitle": "Public Svc Aide-Public Works",
        "BasePay": 6545.82,
        "OvertimePay": 116.89,
        "OtherPay": 92.34,
        "Benefits": 597.09,
        "TotalPay": 6755.05,
        "TotalPayBenefits": 7352.14,
        "Year": 2012
    },
    {
        "EmployeeName": "Nathaniel Swanson",
        "JobTitle": "Camp Assistant",
        "BasePay": 5533.0,
        "OvertimePay": 0.0,
        "OtherPay": 165.4,
        "Benefits": 441.4,
        "TotalPay": 5698.4,
        "TotalPayBenefits": 6139.8,
        "Year": 2012
    },
    {
        "EmployeeName": "Marc Nathaniel Untalan",
        "JobTitle": "Licensed Vocational Nurse",
        "BasePay": 901.0,
        "OvertimePay": 0.0,
        "OtherPay": 4.24,
        "Benefits": 77.59,
        "TotalPay": 905.24,
        "TotalPayBenefits": 982.83,
        "Year": 2012
    },
    {
        "EmployeeName": "Nathaniel B Steger",
        "JobTitle": "Sergeant 3",
        "BasePay": 143289.03,
        "OvertimePay": 23379.83,
        "OtherPay": 5968.98,
        "Benefits": 40804.38,
        "TotalPay": 172637.84,
        "TotalPayBenefits": 213442.22,
        "Year": 2013
    },
    {
        "EmployeeName": "Nathaniel C Yuen",
        "JobTitle": "Police Officer 2",
        "BasePay": 121068.02,
        "OvertimePay": 12963.33,
        "OtherPay": 8586.3,
        "Benefits": 36600.58,
        "TotalPay": 142617.65,
        "TotalPayBenefits": 179218.23,
        "Year": 2013
    },
    {
        "EmployeeName": "Nathaniel T Manalang",
        "JobTitle": "Police Officer",
        "BasePay": 116478.1,
        "OvertimePay": 11184.4,
        "OtherPay": 14231.42,
        "Benefits": 35741.32,
        "TotalPay": 141893.92,
        "TotalPayBenefits": 177635.24,
        "Year": 2013
    },
    {
        "EmployeeName": "Nathaniel Dillon  Olivas",
        "JobTitle": "Firefighter",
        "BasePay": 117003.99,
        "OvertimePay": 2948.98,
        "OtherPay": 8336.32,
        "Benefits": 37115.74,
        "TotalPay": 128289.29,
        "TotalPayBenefits": 165405.03,
        "Year": 2013
    },
    {
        "EmployeeName": "Nathaniel J Banks",
        "JobTitle": "Sr. Stationary Eng, Sew Plant",
        "BasePay": 97947.05,
        "OvertimePay": 5403.89,
        "OtherPay": 8234.64,
        "Benefits": 34763.98,
        "TotalPay": 111585.58,
        "TotalPayBenefits": 146349.56,
        "Year": 2013
    },
    {
        "EmployeeName": "Nathaniel  Israel",
        "JobTitle": "Clinical Psychologist",
        "BasePay": 104976.0,
        "OvertimePay": 0.0,
        "OtherPay": 0.0,
        "Benefits": 35603.77,
        "TotalPay": 104976.0,
        "TotalPayBenefits": 140579.77,
        "Year": 2013
    },
    {
        "EmployeeName": "Nathaniel S Morales",
        "JobTitle": "IS Engineer-Journey",
        "BasePay": 99269.1,
        "OvertimePay": 0.0,
        "OtherPay": 0.0,
        "Benefits": 34454.04,
        "TotalPay": 99269.1,
        "TotalPayBenefits": 133723.14,
        "Year": 2013
    },
    {
        "EmployeeName": "Nathaniel  Moore",
        "JobTitle": "Transit Operator",
        "BasePay": 66174.37,
        "OvertimePay": 15696.19,
        "OtherPay": 2378.08,
        "Benefits": 32586.08,
        "TotalPay": 84248.64,
        "TotalPayBenefits": 116834.72,
        "Year": 2013
    },
    {
        "EmployeeName": "Nathaniel D Mansker",
        "JobTitle": "General Laborer Supervisor 1",
        "BasePay": 69199.42,
        "OvertimePay": 8026.4,
        "OtherPay": 4832.27,
        "Benefits": 28338.29,
        "TotalPay": 82058.09,
        "TotalPayBenefits": 110396.38,
        "Year": 2013
    },
    {
        "EmployeeName": "Nathaniel C Intal",
        "JobTitle": "X-Ray Laboratory Aide",
        "BasePay": 61687.5,
        "OvertimePay": 16979.12,
        "OtherPay": 2456.81,
        "Benefits": 26352.09,
        "TotalPay": 81123.43,
        "TotalPayBenefits": 107475.52,
        "Year": 2013
    },
    {
        "EmployeeName": "Nathaniel  Reynolds",
        "JobTitle": "Gardener",
        "BasePay": 64641.01,
        "OvertimePay": 3231.02,
        "OtherPay": 0.0,
        "Benefits": 26485.59,
        "TotalPay": 67872.03,
        "TotalPayBenefits": 94357.62,
        "Year": 2013
    },
    {
        "EmployeeName": "Nathaniel F. R.V. Cruz",
        "JobTitle": "Patient Care Assistant",
        "BasePay": 63578.31,
        "OvertimePay": 2659.65,
        "OtherPay": 250.0,
        "Benefits": 25216.04,
        "TotalPay": 66487.96,
        "TotalPayBenefits": 91704.0,
        "Year": 2013
    },
    {
        "EmployeeName": "Nathaniel  Bailey Jr",
        "JobTitle": "Transit Operator",
        "BasePay": 37062.95,
        "OvertimePay": 7017.49,
        "OtherPay": 2533.44,
        "Benefits": 19669.87,
        "TotalPay": 46613.88,
        "TotalPayBenefits": 66283.75,
        "Year": 2013
    },
    {
        "EmployeeName": "Nathaniel D Washington",
        "JobTitle": "Asphalt Worker",
        "BasePay": 33944.78,
        "OvertimePay": 893.1,
        "OtherPay": 1643.51,
        "Benefits": 15390.46,
        "TotalPay": 36481.39,
        "TotalPayBenefits": 51871.85,
        "Year": 2013
    },
    {
        "EmployeeName": "Nathaniel  Sung",
        "JobTitle": "Automotive Service Worker",
        "BasePay": 13790.0,
        "OvertimePay": 0.0,
        "OtherPay": 0.0,
        "Benefits": 6620.49,
        "TotalPay": 13790.0,
        "TotalPayBenefits": 20410.49,
        "Year": 2013
    },
    {
        "EmployeeName": "Marc Nathaniel C Untalan",
        "JobTitle": "Licensed Vocational Nurse",
        "BasePay": 16815.0,
        "OvertimePay": 702.86,
        "OtherPay": 968.7,
        "Benefits": 184.87,
        "TotalPay": 18486.56,
        "TotalPayBenefits": 18671.43,
        "Year": 2013
    },
    {
        "EmployeeName": "Nathaniel  Tan",
        "JobTitle": "Transit Operator",
        "BasePay": 7925.82,
        "OvertimePay": 1485.25,
        "OtherPay": 4617.82,
        "Benefits": 3804.81,
        "TotalPay": 14028.89,
        "TotalPayBenefits": 17833.7,
        "Year": 2013
    },
    {
        "EmployeeName": "Nathaniel C Collins",
        "JobTitle": "Cook",
        "BasePay": 10119.2,
        "OvertimePay": 893.22,
        "OtherPay": 116.8,
        "Benefits": 0.0,
        "TotalPay": 11129.22,
        "TotalPayBenefits": 11129.22,
        "Year": 2013
    },
    {
        "EmployeeName": "Nathaniel J Swanson",
        "JobTitle": "Camp Assistant",
        "BasePay": 5520.0,
        "OvertimePay": 12.94,
        "OtherPay": 174.8,
        "Benefits": 0.0,
        "TotalPay": 5707.74,
        "TotalPayBenefits": 5707.74,
        "Year": 2013
    },
    {
        "EmployeeName": "Nathaniel  Edwards",
        "JobTitle": "Public Svc Aide-Public Works",
        "BasePay": 597.43,
        "OvertimePay": 0.0,
        "OtherPay": 8.91,
        "Benefits": 6.06,
        "TotalPay": 606.34,
        "TotalPayBenefits": 612.4,
        "Year": 2013
    },
    {
        "EmployeeName": "Nathaniel Dillon Olivas",
        "JobTitle": "Firefighter",
        "BasePay": 112703.74,
        "OvertimePay": 48306.02,
        "OtherPay": 14594.47,
        "Benefits": 41991.41,
        "TotalPay": 175604.23,
        "TotalPayBenefits": 217595.64,
        "Year": 2014
    },
    {
        "EmployeeName": "Nathaniel B Steger",
        "JobTitle": "Sergeant 3",
        "BasePay": 137982.11,
        "OvertimePay": 13437.53,
        "OtherPay": 7510.04,
        "Benefits": 42965.73,
        "TotalPay": 158929.68,
        "TotalPayBenefits": 201895.41,
        "Year": 2014
    },
    {
        "EmployeeName": "Nathaniel C Yuen",
        "JobTitle": "Sergeant 3",
        "BasePay": 122598.02,
        "OvertimePay": 23602.13,
        "OtherPay": 14992.71,
        "Benefits": 39641.0,
        "TotalPay": 161192.86,
        "TotalPayBenefits": 200833.86,
        "Year": 2014
    },
    {
        "EmployeeName": "Nathaniel T Manalang",
        "JobTitle": "Police Officer",
        "BasePay": 112164.13,
        "OvertimePay": 20432.57,
        "OtherPay": 13561.72,
        "Benefits": 37617.17,
        "TotalPay": 146158.42,
        "TotalPayBenefits": 183775.59,
        "Year": 2014
    },
    {
        "EmployeeName": "Nathaniel J Banks",
        "JobTitle": "Sr. Stationary Eng, Sew Plant",
        "BasePay": 98100.02,
        "OvertimePay": 5722.96,
        "OtherPay": 5809.28,
        "Benefits": 36570.45,
        "TotalPay": 109632.26,
        "TotalPayBenefits": 146202.71,
        "Year": 2014
    },
    {
        "EmployeeName": "Nathaniel S Morales",
        "JobTitle": "IS Engineer-Journey",
        "BasePay": 103961.6,
        "OvertimePay": 0.0,
        "OtherPay": 0.0,
        "Benefits": 37630.33,
        "TotalPay": 103961.6,
        "TotalPayBenefits": 141591.93,
        "Year": 2014
    },
    {
        "EmployeeName": "Nathaniel C Intal",
        "JobTitle": "X-Ray Laboratory Aide",
        "BasePay": 64448.0,
        "OvertimePay": 25894.58,
        "OtherPay": 2481.04,
        "Benefits": 28443.19,
        "TotalPay": 92823.62,
        "TotalPayBenefits": 121266.81,
        "Year": 2014
    },
    {
        "EmployeeName": "Nathaniel Moore",
        "JobTitle": "Transit Operator",
        "BasePay": 63339.58,
        "OvertimePay": 16732.03,
        "OtherPay": 2104.28,
        "Benefits": 33381.96,
        "TotalPay": 82175.89,
        "TotalPayBenefits": 115557.85,
        "Year": 2014
    },
    {
        "EmployeeName": "Nathaniel D Mansker",
        "JobTitle": "General Laborer Supervisor 1",
        "BasePay": 68497.04,
        "OvertimePay": 7767.0,
        "OtherPay": 5089.42,
        "Benefits": 29941.0,
        "TotalPay": 81353.46,
        "TotalPayBenefits": 111294.46,
        "Year": 2014
    },
    {
        "EmployeeName": "Nathaniel F R V Cruz",
        "JobTitle": "Patient Care Assistant",
        "BasePay": 67948.0,
        "OvertimePay": 2866.46,
        "OtherPay": 250.0,
        "Benefits": 28707.26,
        "TotalPay": 71064.46,
        "TotalPayBenefits": 99771.72,
        "Year": 2014
    },
    {
        "EmployeeName": "Nathaniel Reynolds",
        "JobTitle": "Gardener",
        "BasePay": 63978.0,
        "OvertimePay": 4659.23,
        "OtherPay": 0.0,
        "Benefits": 27845.32,
        "TotalPay": 68637.23,
        "TotalPayBenefits": 96482.55,
        "Year": 2014
    },
    {
        "EmployeeName": "Nathaniel Sung",
        "JobTitle": "Automotive Service Worker",
        "BasePay": 53087.9,
        "OvertimePay": 0.0,
        "OtherPay": 0.0,
        "Benefits": 26873.77,
        "TotalPay": 53087.9,
        "TotalPayBenefits": 79961.67,
        "Year": 2014
    },
    {
        "EmployeeName": "Nathaniel D Washington",
        "JobTitle": "Asphalt Worker",
        "BasePay": 23643.2,
        "OvertimePay": 570.98,
        "OtherPay": 1204.2,
        "Benefits": 12881.23,
        "TotalPay": 25418.38,
        "TotalPayBenefits": 38299.61,
        "Year": 2014
    },
    {
        "EmployeeName": "Nathaniel A Gladding Jr",
        "JobTitle": "PS Aide to Prof",
        "BasePay": 26308.0,
        "OvertimePay": 0.0,
        "OtherPay": 5.75,
        "Benefits": 10958.21,
        "TotalPay": 26313.75,
        "TotalPayBenefits": 37271.96,
        "Year": 2014
    },
    {
        "EmployeeName": "Nathaniel Israel",
        "JobTitle": "Clinical Psychologist",
        "BasePay": 20545.2,
        "OvertimePay": 0.0,
        "OtherPay": 5614.86,
        "Benefits": 7358.36,
        "TotalPay": 26160.06,
        "TotalPayBenefits": 33518.42,
        "Year": 2014
    },
    {
        "EmployeeName": "Nathaniel C Collins",
        "JobTitle": "Chef",
        "BasePay": 13574.8,
        "OvertimePay": 2355.94,
        "OtherPay": 25.6,
        "Benefits": 159.56,
        "TotalPay": 15956.34,
        "TotalPayBenefits": 16115.9,
        "Year": 2014
    },
    {
        "EmployeeName": "Marc Nathaniel C Untalan",
        "JobTitle": "Licensed Vocational Nurse",
        "BasePay": 12264.33,
        "OvertimePay": 0.0,
        "OtherPay": 592.96,
        "Benefits": 128.58,
        "TotalPay": 12857.29,
        "TotalPayBenefits": 12985.87,
        "Year": 2014
    },
    {
        "EmployeeName": "Nathaniel J Banks",
        "JobTitle": "Publ Svc Aide-Asst to Prof",
        "BasePay": 4332.0,
        "OvertimePay": 0.0,
        "OtherPay": 0.0,
        "Benefits": 43.32,
        "TotalPay": 4332.0,
        "TotalPayBenefits": 4375.32,
        "Year": 2014
    },
    {
        "EmployeeName": "Nathaniel T Williams",
        "JobTitle": "Public Svc Aide-Public Works",
        "BasePay": 2401.8,
        "OvertimePay": 0.0,
        "OtherPay": 0.0,
        "Benefits": 24.02,
        "TotalPay": 2401.8,
        "TotalPayBenefits": 2425.82,
        "Year": 2014
    },
    {
        "EmployeeName": "Nathaniel C Yuen",
        "JobTitle": "Sergeant 3",
        "BasePay": 140061.94,
        "OvertimePay": 33766.36,
        "OtherPay": 13904.47,
        "Benefits": 40736.77,
        "TotalPay": 187732.77,
        "TotalPayBenefits": 228469.54,
        "Year": 2015
    },
    {
        "EmployeeName": "Nathaniel Dillon Olivas",
        "JobTitle": "Firefighter",
        "BasePay": 113223.0,
        "OvertimePay": 57774.97,
        "OtherPay": 17495.05,
        "Benefits": 38858.62,
        "TotalPay": 188493.02,
        "TotalPayBenefits": 227351.64,
        "Year": 2015
    },
    {
        "EmployeeName": "Nathaniel B Steger",
        "JobTitle": "Sergeant 3",
        "BasePay": 139487.36,
        "OvertimePay": 24807.65,
        "OtherPay": 5772.82,
        "Benefits": 41355.25,
        "TotalPay": 170067.83,
        "TotalPayBenefits": 211423.08,
        "Year": 2015
    },
    {
        "EmployeeName": "Nathaniel T Manalang",
        "JobTitle": "Police Officer 2",
        "BasePay": 117706.26,
        "OvertimePay": 13004.38,
        "OtherPay": 9697.49,
        "Benefits": 36485.6,
        "TotalPay": 140408.13,
        "TotalPayBenefits": 176893.73,
        "Year": 2015
    },
    {
        "EmployeeName": "Nathaniel S Morales",
        "JobTitle": "IS Engineer-Journey",
        "BasePay": 112726.0,
        "OvertimePay": 0.0,
        "OtherPay": 14692.88,
        "Benefits": 37049.07,
        "TotalPay": 127418.88,
        "TotalPayBenefits": 164467.95,
        "Year": 2015
    },
    {
        "EmployeeName": "Nathaniel J Banks",
        "JobTitle": "Sr. Stationary Eng, Sew Plant",
        "BasePay": 106090.09,
        "OvertimePay": 3080.86,
        "OtherPay": 0.0,
        "Benefits": 35624.15,
        "TotalPay": 109170.95,
        "TotalPayBenefits": 144795.1,
        "Year": 2015
    },
    {
        "EmployeeName": "Nathaniel C Intal",
        "JobTitle": "Diagnostic Imaging Assistant",
        "BasePay": 67911.01,
        "OvertimePay": 29598.64,
        "OtherPay": 2683.75,
        "Benefits": 27559.72,
        "TotalPay": 100193.4,
        "TotalPayBenefits": 127753.12,
        "Year": 2015
    },
    {
        "EmployeeName": "Nathaniel Moore",
        "JobTitle": "Transit Operator",
        "BasePay": 67655.63,
        "OvertimePay": 14095.63,
        "OtherPay": 1622.61,
        "Benefits": 32656.79,
        "TotalPay": 83373.87,
        "TotalPayBenefits": 116030.66,
        "Year": 2015
    },
    {
        "EmployeeName": "Nathaniel D Mansker",
        "JobTitle": "General Laborer Supervisor 1",
        "BasePay": 71519.88,
        "OvertimePay": 1651.08,
        "OtherPay": 9603.12,
        "Benefits": 29558.46,
        "TotalPay": 82774.08,
        "TotalPayBenefits": 112332.54,
        "Year": 2015
    },
    {
        "EmployeeName": "Nathaniel Reynolds",
        "JobTitle": "Gardener",
        "BasePay": 66102.0,
        "OvertimePay": 8023.77,
        "OtherPay": 0.0,
        "Benefits": 26464.01,
        "TotalPay": 74125.77,
        "TotalPayBenefits": 100589.78,
        "Year": 2015
    },
    {
        "EmployeeName": "Nathaniel Fr V Cruz",
        "JobTitle": "Patient Care Assistant",
        "BasePay": 70245.0,
        "OvertimePay": 2039.85,
        "OtherPay": 250.0,
        "Benefits": 27567.52,
        "TotalPay": 72534.85,
        "TotalPayBenefits": 100102.37,
        "Year": 2015
    },
    {
        "EmployeeName": "Nathaniel Sung",
        "JobTitle": "Automotive Service Worker",
        "BasePay": 57578.2,
        "OvertimePay": 0.0,
        "OtherPay": 0.0,
        "Benefits": 24937.58,
        "TotalPay": 57578.2,
        "TotalPayBenefits": 82515.78,
        "Year": 2015
    },
    {
        "EmployeeName": "Nathaniel B Treff",
        "JobTitle": "EMT/Paramedic/Firefighter",
        "BasePay": 47830.26,
        "OvertimePay": 9562.53,
        "OtherPay": 3540.12,
        "Benefits": 11508.09,
        "TotalPay": 60932.91,
        "TotalPayBenefits": 72441.0,
        "Year": 2015
    },
    {
        "EmployeeName": "Nathaniel D Washington",
        "JobTitle": "Asphalt Finisher",
        "BasePay": 31826.3,
        "OvertimePay": 2629.95,
        "OtherPay": 1546.92,
        "Benefits": 18315.03,
        "TotalPay": 36003.17,
        "TotalPayBenefits": 54318.2,
        "Year": 2015
    },
    {
        "EmployeeName": "Nathaniel J Banks Jr",
        "JobTitle": "Publ Svc Aide-Asst to Prof",
        "BasePay": 37397.62,
        "OvertimePay": 0.0,
        "OtherPay": 0.0,
        "Benefits": 5461.96,
        "TotalPay": 37397.62,
        "TotalPayBenefits": 42859.58,
        "Year": 2015
    },
    {
        "EmployeeName": "Nathaniel V Sinlao",
        "JobTitle": "Library Page",
        "BasePay": 23158.36,
        "OvertimePay": 0.0,
        "OtherPay": 370.08,
        "Benefits": 13033.9,
        "TotalPay": 23528.44,
        "TotalPayBenefits": 36562.34,
        "Year": 2015
    },
    {
        "EmployeeName": "Nathaniel C Collins",
        "JobTitle": "Chef",
        "BasePay": 15041.4,
        "OvertimePay": 3096.61,
        "OtherPay": 170.25,
        "Benefits": 183.09,
        "TotalPay": 18308.26,
        "TotalPayBenefits": 18491.35,
        "Year": 2015
    },
    {
        "EmployeeName": "Nathaniel Vazquez",
        "JobTitle": "StdntDsgnTrain3, Arch/Eng/Plng",
        "BasePay": 8523.95,
        "OvertimePay": 0.0,
        "OtherPay": 0.0,
        "Benefits": 85.25,
        "TotalPay": 8523.95,
        "TotalPayBenefits": 8609.2,
        "Year": 2015
    },
    {
        "EmployeeName": "Nathaniel B Mak",
        "JobTitle": "Publ Svc Aide-Asst to Prof",
        "BasePay": 7111.7,
        "OvertimePay": 0.0,
        "OtherPay": 0.0,
        "Benefits": 71.12,
        "TotalPay": 7111.7,
        "TotalPayBenefits": 7182.82,
        "Year": 2015
    },
    {
        "EmployeeName": "Nathaniel A Gladding Jr",
        "JobTitle": "PS Aide to Prof",
        "BasePay": 2844.0,
        "OvertimePay": 0.0,
        "OtherPay": 0.0,
        "Benefits": 2734.06,
        "TotalPay": 2844.0,
        "TotalPayBenefits": 5578.06,
        "Year": 2015
    },
    {
        "EmployeeName": "Nathaniel B Steger",
        "JobTitle": "Sergeant 3",
        "BasePay": 143395.09,
        "OvertimePay": 43766.33,
        "OtherPay": 5650.45,
        "Benefits": 41373.08,
        "TotalPay": 192811.87,
        "TotalPayBenefits": 234184.95,
        "Year": 2016
    },
    {
        "EmployeeName": "Nathaniel Dillon Olivas",
        "JobTitle": "Firefighter",
        "BasePay": 114877.5,
        "OvertimePay": 49233.54,
        "OtherPay": 23859.87,
        "Benefits": 38590.82,
        "TotalPay": 187970.91,
        "TotalPayBenefits": 226561.73,
        "Year": 2016
    },
    {
        "EmployeeName": "Nathaniel C Yuen",
        "JobTitle": "Sergeant 3",
        "BasePay": 140254.06,
        "OvertimePay": 37506.59,
        "OtherPay": 8275.35,
        "Benefits": 38734.68,
        "TotalPay": 186036.0,
        "TotalPayBenefits": 224770.68,
        "Year": 2016
    },
    {
        "EmployeeName": "Nathaniel T Manalang",
        "JobTitle": "Police Officer 2",
        "BasePay": 118846.08,
        "OvertimePay": 22022.96,
        "OtherPay": 9594.74,
        "Benefits": 34994.63,
        "TotalPay": 150463.78,
        "TotalPayBenefits": 185458.41,
        "Year": 2016
    },
    {
        "EmployeeName": "Nathaniel S Morales",
        "JobTitle": "IS Engineer-Senior",
        "BasePay": 123846.5,
        "OvertimePay": 0.0,
        "OtherPay": 5045.49,
        "Benefits": 36669.56,
        "TotalPay": 128891.99,
        "TotalPayBenefits": 165561.55,
        "Year": 2016
    },
    {
        "EmployeeName": "Nathaniel J Banks",
        "JobTitle": "Sr. Stationary Eng, Sew Plant",
        "BasePay": 110507.66,
        "OvertimePay": 13521.97,
        "OtherPay": 0.0,
        "Benefits": 34739.03,
        "TotalPay": 124029.63,
        "TotalPayBenefits": 158768.66,
        "Year": 2016
    },
    {
        "EmployeeName": "Nathaniel B Treff",
        "JobTitle": "EMT/Paramedic/Firefighter",
        "BasePay": 69936.91,
        "OvertimePay": 18573.29,
        "OtherPay": 8550.62,
        "Benefits": 27894.17,
        "TotalPay": 97060.82,
        "TotalPayBenefits": 124954.99,
        "Year": 2016
    },
    {
        "EmployeeName": "Nathaniel D Mansker",
        "JobTitle": "Street Environ Svcs Oprs Supv",
        "BasePay": 84835.4,
        "OvertimePay": 1499.82,
        "OtherPay": 8777.57,
        "Benefits": 29287.59,
        "TotalPay": 95112.79,
        "TotalPayBenefits": 124400.38,
        "Year": 2016
    },
    {
        "EmployeeName": "Nathaniel C Intal",
        "JobTitle": "Diagnostic Imaging Assistant",
        "BasePay": 70682.51,
        "OvertimePay": 13436.33,
        "OtherPay": 2366.8,
        "Benefits": 26409.06,
        "TotalPay": 86485.64,
        "TotalPayBenefits": 112894.7,
        "Year": 2016
    },
    {
        "EmployeeName": "Nathaniel Reynolds",
        "JobTitle": "Gardener",
        "BasePay": 68822.6,
        "OvertimePay": 13476.12,
        "OtherPay": 0.0,
        "Benefits": 24702.56,
        "TotalPay": 82298.72,
        "TotalPayBenefits": 107001.28,
        "Year": 2016
    },
    {
        "EmployeeName": "Nathaniel Fr V Cruz",
        "JobTitle": "Patient Care Assistant",
        "BasePay": 73161.0,
        "OvertimePay": 3809.7,
        "OtherPay": 250.0,
        "Benefits": 26469.98,
        "TotalPay": 77220.7,
        "TotalPayBenefits": 103690.68,
        "Year": 2016
    },
    {
        "EmployeeName": "Nathaniel D Washington",
        "JobTitle": "Asphalt Finisher",
        "BasePay": 57887.61,
        "OvertimePay": 7277.78,
        "OtherPay": 2738.9,
        "Benefits": 22950.27,
        "TotalPay": 67904.29,
        "TotalPayBenefits": 90854.56,
        "Year": 2016
    },
    {
        "EmployeeName": "Nathaniel Sung",
        "JobTitle": "Automotive Service Worker",
        "BasePay": 62922.2,
        "OvertimePay": 1500.68,
        "OtherPay": 0.0,
        "Benefits": 23640.13,
        "TotalPay": 64422.88,
        "TotalPayBenefits": 88063.01,
        "Year": 2016
    },
    {
        "EmployeeName": "Nathaniel J Banks Jr",
        "JobTitle": "Senior Clerk",
        "BasePay": 47103.84,
        "OvertimePay": 0.0,
        "OtherPay": 0.0,
        "Benefits": 23312.24,
        "TotalPay": 47103.84,
        "TotalPayBenefits": 70416.08,
        "Year": 2016
    },
    {
        "EmployeeName": "Nathaniel C Armell",
        "JobTitle": "Junior Engineer",
        "BasePay": 43580.4,
        "OvertimePay": 0.0,
        "OtherPay": 0.0,
        "Benefits": 15761.85,
        "TotalPay": 43580.4,
        "TotalPayBenefits": 59342.25,
        "Year": 2016
    },
    {
        "EmployeeName": "Nathaniel D Gibson",
        "JobTitle": "Water Meter Repairer",
        "BasePay": 40011.13,
        "OvertimePay": 0.0,
        "OtherPay": 0.0,
        "Benefits": 17577.88,
        "TotalPay": 40011.13,
        "TotalPayBenefits": 57589.01,
        "Year": 2016
    },
    {
        "EmployeeName": "Nathaniel V Sinlao",
        "JobTitle": "Library Page",
        "BasePay": 31146.89,
        "OvertimePay": 0.0,
        "OtherPay": 479.34,
        "Benefits": 15878.31,
        "TotalPay": 31626.23,
        "TotalPayBenefits": 47504.54,
        "Year": 2016
    },
    {
        "EmployeeName": "Nathaniel Cleveland Jr",
        "JobTitle": "Personnel Trainee",
        "BasePay": 17541.9,
        "OvertimePay": 0.0,
        "OtherPay": 0.0,
        "Benefits": 6978.33,
        "TotalPay": 17541.9,
        "TotalPayBenefits": 24520.23,
        "Year": 2016
    },
    {
        "EmployeeName": "Nathaniel C Collins",
        "JobTitle": "Chef",
        "BasePay": 14886.63,
        "OvertimePay": 4477.49,
        "OtherPay": 115.49,
        "Benefits": 3129.32,
        "TotalPay": 19479.61,
        "TotalPayBenefits": 22608.93,
        "Year": 2016
    },
    {
        "EmployeeName": "Nathaniel H Wong",
        "JobTitle": "Junior Administrative Analyst",
        "BasePay": 13380.0,
        "OvertimePay": 0.0,
        "OtherPay": 0.0,
        "Benefits": 5520.15,
        "TotalPay": 13380.0,
        "TotalPayBenefits": 18900.15,
        "Year": 2016
    },
    {
        "EmployeeName": "Nathaniel Moore",
        "JobTitle": "Transit Operator",
        "BasePay": 5913.53,
        "OvertimePay": 742.22,
        "OtherPay": 1342.89,
        "Benefits": 6609.9,
        "TotalPay": 7998.64,
        "TotalPayBenefits": 14608.54,
        "Year": 2016
    },
    {
        "EmployeeName": "Justin-Nathaniel B Santos",
        "JobTitle": "Public Service Trainee",
        "BasePay": 2264.31,
        "OvertimePay": 0.0,
        "OtherPay": 0.0,
        "Benefits": 1092.89,
        "TotalPay": 2264.31,
        "TotalPayBenefits": 3357.2,
        "Year": 2016
    },
    {
        "EmployeeName": "Nathaniel Johnson",
        "JobTitle": "Public Svc Aide-Public Works",
        "BasePay": 128.03,
        "OvertimePay": 0.0,
        "OtherPay": 0.0,
        "Benefits": 50.99,
        "TotalPay": 128.03,
        "TotalPayBenefits": 179.02,
        "Year": 2016
    },
    {
        "EmployeeName": "Nathaniel Dillon Olivas",
        "JobTitle": "Firefighter",
        "BasePay": 124139.78,
        "OvertimePay": 54877.93,
        "OtherPay": 23716.77,
        "Benefits": 44938.72,
        "TotalPay": 202734.48,
        "TotalPayBenefits": 247673.2,
        "Year": 2017
    },
    {
        "EmployeeName": "Nathaniel B Steger",
        "JobTitle": "Sergeant 3",
        "BasePay": 145830.9,
        "OvertimePay": 35392.28,
        "OtherPay": 4346.71,
        "Benefits": 43186.16,
        "TotalPay": 185569.89,
        "TotalPayBenefits": 228756.05,
        "Year": 2017
    },
    {
        "EmployeeName": "Nathaniel C Yuen",
        "JobTitle": "Sergeant 3",
        "BasePay": 144133.42,
        "OvertimePay": 19279.78,
        "OtherPay": 1490.75,
        "Benefits": 40864.12,
        "TotalPay": 164903.95,
        "TotalPayBenefits": 205768.07,
        "Year": 2017
    },
    {
        "EmployeeName": "Nathaniel S Morales",
        "JobTitle": "IS Engineer-Senior",
        "BasePay": 142954.01,
        "OvertimePay": 0.0,
        "OtherPay": 6431.76,
        "Benefits": 42081.3,
        "TotalPay": 149385.77,
        "TotalPayBenefits": 191467.07,
        "Year": 2017
    },
    {
        "EmployeeName": "Nathaniel T Manalang",
        "JobTitle": "Police Officer 2",
        "BasePay": 121224.0,
        "OvertimePay": 20413.02,
        "OtherPay": 9942.0,
        "Benefits": 36964.42,
        "TotalPay": 151579.02,
        "TotalPayBenefits": 188543.44,
        "Year": 2017
    },
    {
        "EmployeeName": "Nathaniel D Mansker",
        "JobTitle": "Street Environ Svcs Oprs Supv",
        "BasePay": 104310.0,
        "OvertimePay": 5080.6,
        "OtherPay": 10540.9,
        "Benefits": 35827.67,
        "TotalPay": 119931.5,
        "TotalPayBenefits": 155759.17,
        "Year": 2017
    },
    {
        "EmployeeName": "Nathaniel B Treff",
        "JobTitle": "EMT/Paramedic/Firefighter",
        "BasePay": 74929.8,
        "OvertimePay": 28384.46,
        "OtherPay": 8097.04,
        "Benefits": 29599.87,
        "TotalPay": 111411.3,
        "TotalPayBenefits": 141011.17,
        "Year": 2017
    },
    {
        "EmployeeName": "Nathaniel C Intal",
        "JobTitle": "Diagnostic Imaging Assistant",
        "BasePay": 72860.02,
        "OvertimePay": 16177.31,
        "OtherPay": 2566.71,
        "Benefits": 28850.13,
        "TotalPay": 91604.04,
        "TotalPayBenefits": 120454.17,
        "Year": 2017
    },
    {
        "EmployeeName": "Nathaniel Reynolds",
        "JobTitle": "Gardener",
        "BasePay": 70990.0,
        "OvertimePay": 13968.98,
        "OtherPay": 109.9,
        "Benefits": 27404.08,
        "TotalPay": 85068.88,
        "TotalPayBenefits": 112472.96,
        "Year": 2017
    },
    {
        "EmployeeName": "Nathaniel C Armell",
        "JobTitle": "Junior Engineer",
        "BasePay": 80876.3,
        "OvertimePay": 493.64,
        "OtherPay": 493.35,
        "Benefits": 29658.94,
        "TotalPay": 81863.29,
        "TotalPayBenefits": 111522.23,
        "Year": 2017
    },
    {
        "EmployeeName": "Nathaniel Fr V Cruz",
        "JobTitle": "Patient Care Assistant",
        "BasePay": 74854.4,
        "OvertimePay": 3530.35,
        "OtherPay": 509.2,
        "Benefits": 28697.0,
        "TotalPay": 78893.95,
        "TotalPayBenefits": 107590.95,
        "Year": 2017
    },
    {
        "EmployeeName": "Nathaniel D Washington",
        "JobTitle": "Asphalt Finisher",
        "BasePay": 67709.83,
        "OvertimePay": 8607.78,
        "OtherPay": 3191.67,
        "Benefits": 27854.69,
        "TotalPay": 79509.28,
        "TotalPayBenefits": 107363.97,
        "Year": 2017
    },
    {
        "EmployeeName": "Nathaniel D Gibson",
        "JobTitle": "Water Meter Repairer",
        "BasePay": 70440.21,
        "OvertimePay": 101.25,
        "OtherPay": 0.0,
        "Benefits": 30724.59,
        "TotalPay": 70541.46,
        "TotalPayBenefits": 101266.05,
        "Year": 2017
    },
    {
        "EmployeeName": "Nathaniel Cleveland Jr",
        "JobTitle": "Human Resources Analyst",
        "BasePay": 64050.71,
        "OvertimePay": 0.0,
        "OtherPay": 0.0,
        "Benefits": 26872.26,
        "TotalPay": 64050.71,
        "TotalPayBenefits": 90922.97,
        "Year": 2017
    },
    {
        "EmployeeName": "Nathaniel Sung",
        "JobTitle": "Automotive Service Worker",
        "BasePay": 64537.41,
        "OvertimePay": 51.73,
        "OtherPay": 0.0,
        "Benefits": 24476.36,
        "TotalPay": 64589.14,
        "TotalPayBenefits": 89065.5,
        "Year": 2017
    },
    {
        "EmployeeName": "Nathaniel H Wong",
        "JobTitle": "Junior Administrative Analyst",
        "BasePay": 59462.5,
        "OvertimePay": 0.0,
        "OtherPay": 0.0,
        "Benefits": 26128.68,
        "TotalPay": 59462.5,
        "TotalPayBenefits": 85591.18,
        "Year": 2017
    },
    {
        "EmployeeName": "Nathaniel J Banks Jr",
        "JobTitle": "Senior Personnel Clerk",
        "BasePay": 41876.85,
        "OvertimePay": 0.0,
        "OtherPay": 2438.29,
        "Benefits": 19409.32,
        "TotalPay": 44315.14,
        "TotalPayBenefits": 63724.46,
        "Year": 2017
    },
    {
        "EmployeeName": "Nathaniel V Sinlao",
        "JobTitle": "Library Page",
        "BasePay": 37396.23,
        "OvertimePay": 0.0,
        "OtherPay": 504.81,
        "Benefits": 19519.41,
        "TotalPay": 37901.04,
        "TotalPayBenefits": 57420.45,
        "Year": 2017
    },
    {
        "EmployeeName": "Nathaniel A Seeskin",
        "JobTitle": "StdntDsgnTrain3, Arch/Eng/Plng",
        "BasePay": 11011.52,
        "OvertimePay": 0.0,
        "OtherPay": 0.0,
        "Benefits": 110.12,
        "TotalPay": 11011.52,
        "TotalPayBenefits": 11121.64,
        "Year": 2017
    },
    {
        "EmployeeName": "Nathaniel C Collins",
        "JobTitle": "Cook",
        "BasePay": 9873.6,
        "OvertimePay": 500.28,
        "OtherPay": 99.13,
        "Benefits": 104.73,
        "TotalPay": 10473.01,
        "TotalPayBenefits": 10577.74,
        "Year": 2017
    },
    {
        "EmployeeName": "Nathaniel J Banks",
        "JobTitle": "Sr. Stationary Eng, Sew Plant",
        "BasePay": 4323.0,
        "OvertimePay": 0.0,
        "OtherPay": 1262.32,
        "Benefits": 1410.3,
        "TotalPay": 5585.32,
        "TotalPayBenefits": 6995.62,
        "Year": 2017
    },
    {
        "EmployeeName": "Justin-Nathaniel B Santos",
        "JobTitle": "Publ Svc Aide-Asst to Prof",
        "BasePay": 4220.08,
        "OvertimePay": 0.0,
        "OtherPay": 0.0,
        "Benefits": 42.19,
        "TotalPay": 4220.08,
        "TotalPayBenefits": 4262.27,
        "Year": 2017
    },
    {
        "EmployeeName": "Nathaniel B Steger",
        "JobTitle": "Sergeant 3",
        "BasePay": 155062.48,
        "OvertimePay": 7658.32,
        "OtherPay": 5938.82,
        "Benefits": 49767.69,
        "TotalPay": 168659.62,
        "TotalPayBenefits": 218427.31,
        "Year": 2018
    },
    {
        "EmployeeName": "Nathaniel C Yuen",
        "JobTitle": "Sergeant 3",
        "BasePay": 146265.78,
        "OvertimePay": 14300.33,
        "OtherPay": 5211.1,
        "Benefits": 42748.03,
        "TotalPay": 165777.21,
        "TotalPayBenefits": 208525.24,
        "Year": 2018
    },
    {
        "EmployeeName": "Nathaniel Dillon Olivas",
        "JobTitle": "Firefighter",
        "BasePay": 120032.5,
        "OvertimePay": 22238.95,
        "OtherPay": 21761.61,
        "Benefits": 43071.59,
        "TotalPay": 164033.06,
        "TotalPayBenefits": 207104.65,
        "Year": 2018
    },
    {
        "EmployeeName": "Nathaniel S Morales",
        "JobTitle": "IS Engineer-Senior",
        "BasePay": 147252.0,
        "OvertimePay": 0.0,
        "OtherPay": 6373.78,
        "Benefits": 44087.87,
        "TotalPay": 153625.78,
        "TotalPayBenefits": 197713.65,
        "Year": 2018
    },
    {
        "EmployeeName": "Nathaniel T Manalang",
        "JobTitle": "Police Officer 2",
        "BasePay": 124792.01,
        "OvertimePay": 19962.44,
        "OtherPay": 10141.25,
        "Benefits": 38912.99,
        "TotalPay": 154895.7,
        "TotalPayBenefits": 193808.69,
        "Year": 2018
    },
    {
        "EmployeeName": "Nathaniel D Mansker",
        "JobTitle": "Street Environ Svcs Oprs Supv",
        "BasePay": 107008.02,
        "OvertimePay": 8970.68,
        "OtherPay": 10700.8,
        "Benefits": 37388.75,
        "TotalPay": 126679.5,
        "TotalPayBenefits": 164068.25,
        "Year": 2018
    },
    {
        "EmployeeName": "Nathaniel B Treff",
        "JobTitle": "EMT/Paramedic/Firefighter",
        "BasePay": 83554.79,
        "OvertimePay": 25657.71,
        "OtherPay": 5278.92,
        "Benefits": 31283.69,
        "TotalPay": 114491.42,
        "TotalPayBenefits": 145775.11,
        "Year": 2018
    },
    {
        "EmployeeName": "Nathaniel C Intal",
        "JobTitle": "Diagnostic Imaging Assistant",
        "BasePay": 74757.3,
        "OvertimePay": 19523.16,
        "OtherPay": 2150.44,
        "Benefits": 31142.95,
        "TotalPay": 96430.9,
        "TotalPayBenefits": 127573.85,
        "Year": 2018
    },
    {
        "EmployeeName": "Nathaniel C Armell",
        "JobTitle": "Junior Engineer",
        "BasePay": 87465.2,
        "OvertimePay": 2238.05,
        "OtherPay": 0.0,
        "Benefits": 31860.16,
        "TotalPay": 89703.25,
        "TotalPayBenefits": 121563.41,
        "Year": 2018
    },
    {
        "EmployeeName": "Nathaniel D Washington",
        "JobTitle": "Asphalt Finisher",
        "BasePay": 75876.84,
        "OvertimePay": 5208.91,
        "OtherPay": 2262.7,
        "Benefits": 29812.78,
        "TotalPay": 83348.45,
        "TotalPayBenefits": 113161.23,
        "Year": 2018
    },
    {
        "EmployeeName": "Nathaniel D Gibson",
        "JobTitle": "Water Meter Repairer",
        "BasePay": 77531.03,
        "OvertimePay": 0.0,
        "OtherPay": 1200.0,
        "Benefits": 33445.16,
        "TotalPay": 78731.03,
        "TotalPayBenefits": 112176.19,
        "Year": 2018
    },
    {
        "EmployeeName": "Nathaniel Fr V Cruz",
        "JobTitle": "Patient Care Assistant",
        "BasePay": 76685.11,
        "OvertimePay": 2694.0,
        "OtherPay": 866.0,
        "Benefits": 31034.75,
        "TotalPay": 80245.11,
        "TotalPayBenefits": 111279.86,
        "Year": 2018
    },
    {
        "EmployeeName": "Nathaniel Reynolds",
        "JobTitle": "Gardener",
        "BasePay": 73120.01,
        "OvertimePay": 7257.99,
        "OtherPay": 0.0,
        "Benefits": 28506.54,
        "TotalPay": 80378.0,
        "TotalPayBenefits": 108884.54,
        "Year": 2018
    },
    {
        "EmployeeName": "Nathaniel Sung",
        "JobTitle": "Automotive Service Worker",
        "BasePay": 72730.01,
        "OvertimePay": 0.0,
        "OtherPay": 0.0,
        "Benefits": 27506.97,
        "TotalPay": 72730.01,
        "TotalPayBenefits": 100236.98,
        "Year": 2018
    },
    {
        "EmployeeName": "Nathaniel Cleveland Jr",
        "JobTitle": "Human Resources Analyst",
        "BasePay": 69504.51,
        "OvertimePay": 0.0,
        "OtherPay": 0.0,
        "Benefits": 27719.79,
        "TotalPay": 69504.51,
        "TotalPayBenefits": 97224.3,
        "Year": 2018
    },
    {
        "EmployeeName": "Nathaniel H Wong",
        "JobTitle": "Junior Administrative Analyst",
        "BasePay": 64301.0,
        "OvertimePay": 0.0,
        "OtherPay": 0.0,
        "Benefits": 27285.25,
        "TotalPay": 64301.0,
        "TotalPayBenefits": 91586.25,
        "Year": 2018
    },
    {
        "EmployeeName": "Nathaniel V Sinlao",
        "JobTitle": "Library Page",
        "BasePay": 38446.96,
        "OvertimePay": 0.0,
        "OtherPay": 621.76,
        "Benefits": 19571.74,
        "TotalPay": 39068.72,
        "TotalPayBenefits": 58640.46,
        "Year": 2018
    },
    {
        "EmployeeName": "Nathaniel P Ashmead",
        "JobTitle": "Watershed Keeper",
        "BasePay": 22482.07,
        "OvertimePay": 468.38,
        "OtherPay": 0.0,
        "Benefits": 5381.62,
        "TotalPay": 22950.45,
        "TotalPayBenefits": 28332.07,
        "Year": 2018
    },
    {
        "EmployeeName": "Nathaniel S Warren",
        "JobTitle": "Pool Lifeguard",
        "BasePay": 12950.5,
        "OvertimePay": 0.0,
        "OtherPay": 26.32,
        "Benefits": 129.78,
        "TotalPay": 12976.82,
        "TotalPayBenefits": 13106.6,
        "Year": 2018
    },
    {
        "EmployeeName": "Nathaniel M Hunt",
        "JobTitle": "Recreation Facility Assistant",
        "BasePay": 5575.93,
        "OvertimePay": 0.0,
        "OtherPay": 127.29,
        "Benefits": 57.03,
        "TotalPay": 5703.22,
        "TotalPayBenefits": 5760.25,
        "Year": 2018
    },
    {
        "EmployeeName": "Justin-Nathaniel B Santos",
        "JobTitle": "Publ Svc Aide-Asst to Prof",
        "BasePay": 1594.91,
        "OvertimePay": 0.0,
        "OtherPay": 0.0,
        "Benefits": 15.95,
        "TotalPay": 1594.91,
        "TotalPayBenefits": 1610.86,
        "Year": 2018
    }
]