EmployeeName,JobTitle,BasePay,OvertimePay,OtherPay,Benefits,TotalPay,TotalPayBenefits,Year
ALBERT PARDINI,CAPTAIN III (POLICE DEPARTMENT),212739.13,106088.18,16452.6,,335279.91,335279.91,2011
KEVIN PARDINI,"LIEUTENANT, FIRE DEPARTMENT",123105.03,15273.94,19083.6,,157462.57,157462.57,2011
PETER PARDINI,SENIOR ACCOUNTANT,72463.98,0.0,0.0,,72463.98,72463.98,2011
Albert Pardini,Captain 3,196265.04,0.0,11404.04,46326.21,207669.08,253995.29,2012
Kevin Pardini,"Lieutenant, Fire Suppression",140183.63,13170.93,20128.1,44958.06,173482.66,218440.72,2012
Peter Pardini,Accountant II,74165.04,0.0,0.0,33683.39,74165.04,107848.43,2012
Albert A Pardini,Captain 3,206820.01,0.0,18047.31,55170.95,224867.32,280038.27,2013
Kevin J Pardini,"Captain, Fire Suppression",153763.84,14018.6,19935.99,49099.61,187718.43,236818.04,2013
Michael A Pardini,Police Officer,78591.0,1765.89,1429.53,27183.27,81786.42,108969.69,2013
Peter A Pardini,Accountant II,79339.55,0.0,0.0,29448.16,79339.55,108787.71,2013
Albert A Pardini,Captain 3,188436.01,0.0,16890.23,54884.21,205326.24,260210.45,2014
Kevin J Pardini,"Captain, Fire Suppression",149531.76,19899.85,24898.43,51079.27,194330.04,245409.31,2014
Michael A Pardini,Police Officer,88842.08,8952.34,4803.58,34452.14,102598.0,137050.14,2014
Peter A Pardini,Accountant II,78524.02,0.0,0.0,31024.22,78524.02,109548.24,2014
Kevin J Pardini,"Captain, Fire Suppression",148823.31,23558.47,9618.34,45950.81,182000.12,227950.93,2015
Michael A Pardini,Police Officer,97303.64,6488.58,4577.61,34529.77,108369.83,142899.6,2015
Peter A Pardini,Accountant II,81116.05,0.0,0.0,29437.28,81116.05,110553.33,2015
Albert A Pardini,Captain 3,0.0,0.0,109631.84,0.0,109631.84,109631.84,2015
Kevin J Pardini,"Captain, Fire Suppression",152421.16,24031.29,19978.35,46266.29,196430.8,242697.09,2016
Michael A Pardini,Police Officer,103624.64,10468.25,5819.58,34377.06,119912.47,154289.53,2016
Peter A Pardini,Accountant II,84444.51,0.0,0.0,28678.43,84444.51,113122.94,2016
Kevin J Pardini,"Captain, Fire Suppression",153992.75,11996.63,23065.7,48658.24,189055.08,237713.32,2017
Michael A Pardini,Police Officer,110796.66,7273.01,5048.07,36873.58,123117.74,159991.32,2017
Peter A Pardini,Accountant II,87092.0,0.0,0.0,30985.39,87092.0,118077.39,2017
Kevin J Pardini,"Captain, Fire Suppression",159261.49,18550.27,23932.09,51699.81,201743.85,253443.66,2018
Michael A Pardini,Police Officer 2,126010.24,961.42,2502.0,40408.63,129473.66,169882.29,2018
Peter A Pardini,Accountant II,89702.05,0.0,0.0,32630.09,89702.05,122332.14,2018
