[
    {
        "EmployeeName": "ALBERT PARDINI",
        "JobTitle": "CAPTAIN III (POLICE DEPARTMENT)",
        "BasePay": 212739.13,
        "OvertimePay": 106088.18,
        "OtherPay": 16452.6,
        "Benefits": null,
        "TotalPay": 335279.91,
        "TotalPayBenefits": 335279.91,
        "Year": 2011
    },
    {
        "EmployeeName": "KEVIN PARDINI",
        "JobTitle": "LIEUTENANT, FIRE DEPARTMENT",
        "BasePay": 123105.03,
        "OvertimePay": 15273.94,
        "OtherPay": 19083.6,
        "Benefits": null,
        "TotalPay": 157462.57,
        "TotalPayBenefits": 157462.57,
        "Year": 2011
    },
    {
        "EmployeeName": "PETER PARDINI",
        "JobTitle": "SENIOR ACCOUNTANT",
        "BasePay": 72463.98,
        "OvertimePay": 0.0,
        "OtherPay": 0.0,
        "Benefits": null,
        "TotalPay": 72463.98,
        "TotalPayBenefits": 72463.98,
        "Year": 2011
    },
    {
        "EmployeeName": "Albert Pardini",
        "JobTitle": "Captain 3",
        "BasePay": 196265.04,
        "OvertimePay": 0.0,
        "OtherPay": 11404.04,
        "Benefits": 46326.21,
        "TotalPay": 207669.08,
        "TotalPayBenefits": 253995.29,
        "Year": 2012
    },
    {
        "EmployeeName": "Kevin Pardini",
        "JobTitle": "Lieutenant, Fire Suppression",
        "BasePay": 140183.63,
        "OvertimePay": 13170.93,
        "OtherPay": 20128.1,
        "Benefits": 44958.06,
        "TotalPay": 173482.66,
        "TotalPayBenefits": 218440.72,
        "Year": 2012
    },
    {
        "EmployeeName": "Peter Pardini",
        "JobTitle": "Accountant II",
        "BasePay": 74165.04,
        "OvertimePay": 0.0,
        "OtherPay": 0.0,
        "Benefits": 33683.39,
        "TotalPay": 74165.04,
        "TotalPayBenefits": 107848.43,
        "Year": 2012
    },
    {
        "EmployeeName": "Albert A Pardini",
        "JobTitle": "Captain 3",
        "BasePay": 206820.01,
        "OvertimePay": 0.0,
        "OtherPay": 18047.31,
        "Benefits": 55170.95,
        "TotalPay": 224867.32,
        "TotalPayBenefits": 280038.27,
        "Year": 2013
    },
    {
        "EmployeeName": "Kevin J Pardini",
        "JobTitle": "Captain, Fire Suppression",
        "BasePay": 153763.84,
        "OvertimePay": 14018.6,
        "OtherPay": 19935.99,
        "Benefits": 49099.61,
        "TotalPay": 187718.43,
        "TotalPayBenefits": 236818.04,
        "Year": 2013
    },
    {
        "EmployeeName": "Michael A Pardini",
        "JobTitle": "Police Officer",
        "BasePay": 78591.0,
        "OvertimePay": 1765.89,
        "OtherPay": 1429.53,
        "Benefits": 27183.27,
        "TotalPay": 81786.42,
        "TotalPayBenefits": 108969.69,
        "Year": 2013
    },
    {
        "EmployeeName": "Peter A Pardini",
        "JobTitle": "Accountant II",
        "BasePay": 79339.55,
        "OvertimePay": 0.0,
        "OtherPay": 0.0,
        "Benefits": 29448.16,
        "TotalPay": 79339.55,
        "TotalPayBenefits": 108787.71,
        "Year": 2013
    },
    {
        "EmployeeName": "Albert A Pardini",
        "JobTitle": "Captain 3",
        "BasePay": 188436.01,
        "OvertimePay": 0.0,
        "OtherPay": 16890.23,
        "Benefits": 54884.21,
        "TotalPay": 205326.24,
        "TotalPayBenefits": 260210.45,
        "Year": 2014
    },
    {
        "EmployeeName": "Kevin J Pardini",
        "JobTitle": "Captain, Fire Suppression",
        "BasePay": 149531.76,
        "OvertimePay": 19899.85,
        "OtherPay": 24898.43,
        "Benefits": 51079.27,
        "TotalPay": 194330.04,
        "TotalPayBenefits": 245409.31,
        "Year": 2014
    },
    {
        "EmployeeName": "Michael A Pardini",
        "JobTitle": "Police Officer",
        "BasePay": 88842.08,
        "OvertimePay": 8952.34,
        "OtherPay": 4803.58,
        "Benefits": 34452.14,
        "TotalPay": 102598.0,
        "TotalPayBenefits": 137050.14,
        "Year": 2014
    },
    {
        "EmployeeName": "Peter A Pardini",
        "JobTitle": "Accountant II",
        "BasePay": 78524.02,
        "OvertimePay": 0.0,
        "OtherPay": 0.0,
        "Benefits": 31024.22,
        "TotalPay": 78524.02,
        "TotalPayBenefits": 109548.24,
        "Year": 2014
    },
    {
        "EmployeeName": "Kevin J Pardini",
        "JobTitle": "Captain, Fire Suppression",
        "BasePay": 148823.31,
        "OvertimePay": 23558.47,
        "OtherPay": 9618.34,
        "Benefits": 45950.81,
        "TotalPay": 182000.12,
        "TotalPayBenefits": 227950.93,
        "Year": 2015
    },
    {
        "EmployeeName": "Michael A Pardini",
        "JobTitle": "Police Officer",
        "BasePay": 97303.64,
        "OvertimePay": 6488.58,
        "OtherPay": 4577.61,
        "Benefits": 34529.77,
        "TotalPay": 108369.83,
        "TotalPayBenefits": 142899.6,
        "Year": 2015
    },
    {
        "EmployeeName": "Peter A Pardini",
        "JobTitle": "Accountant II",
        "BasePay": 81116.05,
        "OvertimePay": 0.0,
        "OtherPay": 0.0,
        "Benefits": 29437.28,
        "TotalPay": 81116.05,
        "TotalPayBenefits": 110553.33,
        "Year": 2015
    },
    {
        "EmployeeName": "Albert A Pardini",
        "JobTitle": "Captain 3",
        "BasePay": 0.0,
        "OvertimePay": 0.0,
        "OtherPay": 109631.84,
        "Benefits": 0.0,
        "TotalPay": 109631.84,
        "TotalPayBenefits": 109631.84,
        "Year": 2015
    },
    {
        "EmployeeName": "Kevin J Pardini",
        "JobTitle": "Captain, Fire Suppression",
        "BasePay": 152421.16,
        "OvertimePay": 24031.29,
        "OtherPay": 19978.35,
        "Benefits": 46266.29,
        "TotalPay": 196430.8,
        "TotalPayBenefits": 242697.09,
        "Year": 2016
    },
    {
        "EmployeeName": "Michael A Pardini",
        "JobTitle": "Police Officer",
        "BasePay": 103624.64,
        "OvertimePay": 10468.25,
        "OtherPay": 5819.58,
        "Benefits": 34377.06,
        "TotalPay": 119912.47,
        "TotalPayBenefits": 154289.53,
        "Year": 2016
    },
    {
        "EmployeeName": "Peter A Pardini",
        "JobTitle": "Accountant II",
        "BasePay": 84444.51,
        "OvertimePay": 0.0,
        "OtherPay": 0.0,
        "Benefits": 28678.43,
        "TotalPay": 84444.51,
        "TotalPayBenefits": 113122.94,
        "Year": 2016
    },
    {
        "EmployeeName": "Kevin J Pardini",
        "JobTitle": "Captain, Fire Suppression",
        "BasePay": 153992.75,
        "OvertimePay": 11996.63,
        "OtherPay": 23065.7,
        "Benefits": 48658.24,
        "TotalPay": 189055.08,
        "TotalPayBenefits": 237713.32,
        "Year": 2017
    },
    {
        "EmployeeName": "Michael A Pardini",
        "JobTitle": "Police Officer",
        "BasePay": 110796.66,
        "OvertimePay": 7273.01,
        "OtherPay": 5048.07,
        "Benefits": 36873.58,
        "TotalPay": 123117.74,
        "TotalPayBenefits": 159991.32,
        "Year": 2017
    },
    {
        "EmployeeName": "Peter A Pardini",
        "JobTitle": "Accountant II",
        "BasePay": 87092.0,
        "OvertimePay": 0.0,
        "OtherPay": 0.0,
        "Benefits": 30985.39,
        "TotalPay": 87092.0,
        "TotalPayBenefits": 118077.39,
        "Year": 2017
    },
    {
        "EmployeeName": "Kevin J Pardini",
        "JobTitle": "Captain, Fire Suppression",
        "BasePay": 159261.49,
        "OvertimePay": 18550.27,
        "OtherPay": 23932.09,
        "Benefits": 51699.81,
        "TotalPay": 201743.85,
        "TotalPayBenefits": 253443.66,
        "Year": 2018
    },
    {
        "EmployeeName": "Michael A Pardini",
        "JobTitle": "Police Officer 2",
        "BasePay": 126010.24,
        "OvertimePay": 961.42,
        "OtherPay": 2502.0,
        "Benefits": 40408.63,
        "TotalPay": 129473.66,
        "TotalPayBenefits": 169882.29,
        "Year": 2018
    },
    {
        "EmployeeName": "Peter A Pardini",
        "JobTitle": "Accountant II",
        "BasePay": 89702.05,
        "OvertimePay": 0.0,
        "OtherPay": 0.0,
        "Benefits": 32630.09,
        "TotalPay": 89702.05,
        "TotalPayBenefits": 122332.14,
        "Year": 2018
    }
]