EmployeeName,JobTitle,BasePay,OvertimePay,OtherPay,Benefits,TotalPay,TotalPayBenefits,Year
DAVID SULLIVAN,ASSISTANT DEPUTY CHIEF II,118602.0,8601.0,189082.74,,316285.74,316285.74,2011
TIMOTHY SULLIVAN,FIREFIGHTER,105934.65,82384.96,15962.27,,204281.88,204281.88,2011
TERENCE OSULLIVAN,FIREFIGHTER,105934.64,67825.38,19907.17,,193667.19,193667.19,2011
CHARLES SULLIVAN,"HEAD ATTORNEY, CIVIL AND CRIMINAL",176856.19,0.0,681.0,,177537.19,177537.19,2011
DENNIS SULLIVAN,"LIEUTENANT, FIRE DEPARTMENT",120729.63,35170.62,17429.5,,173329.75,173329.75,2011
KEVIN OSULLIVAN,"CAPTAIN, FIRE SUPPRESSION",140546.86,6105.88,18037.1,,164689.84,164689.84,2011
ROBERT JR OSULLIVAN,LIEUTENANT III (POLICE DEPARTMENT),149050.55,5482.91,6599.29,,161132.75,161132.75,2011
MATTHEW SULLIVAN,POLICE OFFICER II,107797.61,16220.74,26736.29,,150754.64,150754.64,2011
MARK SULLIVAN,"INSPECTOR III, (POLICE DEPARTMENT)",130505.15,6380.13,10644.65,,147529.93,147529.93,2011
PATRICK SULLIVAN,"LIEUTENANT, FIRE DEPARTMENT",127886.03,0.0,16440.84,,144326.87,144326.87,2011
SEAN SULLIVAN,ATTORNEY (CIVIL/CRIMINAL),143920.92,0.0,0.0,,143920.92,143920.92,2011
VICTORIA SULLIVAN,SERGEANT III (POLICE DEPARTMENT),130481.54,300.19,12342.51,,143124.24,143124.24,2011
MATTHEW SULLIVAN,POLICE OFFICER II,95636.67,8882.45,28831.58,,133350.7,133350.7,2011
JANE SULLIVAN,MANAGER II,123143.16,0.0,0.0,,123143.16,123143.16,2011
STEPHEN OSULLIVAN,ENGINEER,120937.04,0.0,0.0,,120937.04,120937.04,2011
MICHAEL SULLIVAN,ATTORNEY (CIVIL/CRIMINAL),117217.62,0.0,0.0,,117217.62,117217.62,2011
TERRENCE O'SULLIVAN,UTILITY SPECIALIST,113214.28,0.0,2936.06,,116150.34,116150.34,2011
TODD SULLIVAN,POLICE OFFICER II,110223.04,2549.89,2758.64,,115531.57,115531.57,2011
COLLEEN SULLIVAN,POLICE OFFICER III,112416.8,0.0,3067.29,,115484.09,115484.09,2011
MARGARET OSULLIVAN,MANAGER II,109302.78,0.0,0.0,,109302.78,109302.78,2011
DERMOTT SULLIVAN,BUILDING INSPECTOR,101268.3,0.0,5064.12,,106332.42,106332.42,2011
JAMES OSULLIVAN,PLUMBING INSPECTOR,100658.25,155.56,3019.53,,103833.34,103833.34,2011
JOHN OSULLIVAN,BUILDING INSPECTOR,100048.22,266.89,1200.0,,101515.11,101515.11,2011
TIMOTHY OSULLIVAN,BUILDING INSPECTOR,98141.83,0.0,1100.0,,99241.83,99241.83,2011
SEAN SULLIVAN,STATIONARY ENGINEER,72410.0,21371.85,5409.97,,99191.82,99191.82,2011
DAVID SULLIVAN,PLANNER III,94758.0,0.0,1716.92,,96474.92,96474.92,2011
TARA SULLIVAN,PLANNER III,94758.05,0.0,0.0,,94758.05,94758.05,2011
ELISA SULLIVAN,SUPERVISING AUDITOR,92920.9,0.0,0.0,,92920.9,92920.9,2011
LAWRENCE SULLIVAN,CLINICAL PSYCHOLOGIST,92493.8,0.0,96.0,,92589.8,92589.8,2011
PRESTON SULLIVAN,PROTECTIVE SERVICES WORKER,83902.59,0.0,0.0,,83902.59,83902.59,2011
KEVIN SULLIVAN,PHYSICAL THERAPIST ASSISTANT,79991.84,2059.74,0.0,,82051.58,82051.58,2011
JOHN SULLIVAN-JR,TRUCK DRIVER,73775.01,3098.55,1902.5,,78776.06,78776.06,2011
SULLIVAN PHILLIPS,TRANSIT OPERATOR,61929.41,7550.55,3609.14,,73089.1,73089.1,2011
AMANDA SULLIVAN,GARDENER,58705.0,0.0,2718.22,,61423.22,61423.22,2011
CARL SULLIVAN,"COUNSELOR, JUVENILE HALL",54453.3,2761.26,4157.13,,61371.69,61371.69,2011
TIMOTHY SULLIVAN,WATERSHED KEEPER,60206.61,697.05,0.0,,60903.66,60903.66,2011
TIMOTHY SULLIVAN,MUSEUM GUARD,53528.73,6948.09,8.09,,60484.91,60484.91,2011
REGINA SULLIVAN,CLERK,46386.4,623.92,624.01,,47634.33,47634.33,2011
GORDON SULLIVAN,CUSTODIAN,45499.38,874.35,585.58,,46959.31,46959.31,2011
JACK SULLIVAN,ASPHALT WORKER,36174.6,1600.61,2511.7,,40286.91,40286.91,2011
FATIMA SULLIVAN,TRANSIT OPERATOR,30117.2,865.63,42.65,,31025.48,31025.48,2011
ELAINE SULLIVAN,PUBLIC SERVICE TRAINEE,27238.27,0.0,0.0,,27238.27,27238.27,2011
SARA SULLIVAN,SPECIAL NURSE,23191.44,87.13,0.0,,23278.57,23278.57,2011
LEE SULLIVAN,POLICE OFFICER III,13140.91,0.0,1504.61,,14645.52,14645.52,2011
MARY ANN SULLIVAN,PHARMACIST,11509.2,0.0,0.0,,11509.2,11509.2,2011
MAURICE SULLIVAN,PUBLIC SERVICE AIDE-ASSOCIATE TO PROFESSIONALS,10552.5,0.0,105.88,,10658.38,10658.38,2011
DONALD SULLIVAN,SUPERIOR COURT JUDGE,9464.0,0.0,0.0,,9464.0,9464.0,2011
ROY SULLIVAN,MANAGEMENT ASSISTANT,6170.98,0.0,0.0,,6170.98,6170.98,2011
KATHRYN SULLIVAN,SENIOR PARKING CONTROL OFFICER,0.0,32.28,4318.4,,4350.68,4350.68,2011
JACK O'SULLIVAN,PUBLIC SERVICE TRAINEE,3841.52,0.0,0.0,,3841.52,3841.52,2011
CLARE SULLIVAN,CAMP ASSISTANT,1427.9,0.0,27.85,,1455.75,1455.75,2011
Timothy Sullivan,Firefighter,109783.86,94938.18,18608.12,39712.88,223330.16,263043.04,2012
Charles Sullivan,"Head Atty, Civil & Criminal",180896.46,0.0,3931.28,56799.32,184827.74,241627.06,2012
Terence OSullivan,Firefighter,109783.85,64914.13,20049.83,39707.01,194747.81,234454.82,2012
Dennis Sullivan,"Lieutenant, Fire Suppression",127573.39,50737.79,15770.05,39917.75,194081.23,233998.98,2012
Robert O'Sullivan Jr,Lieutenant 3,155320.02,2635.23,22271.22,44453.91,180226.47,224680.38,2012
Patrick Sullivan,"Captain, Fire Suppression",147069.71,6870.87,18383.7,46537.62,172324.28,218861.9,2012
Kevin OSullivan,"Captain, Fire Suppression",145659.04,4871.3,21883.89,45769.28,172414.23,218183.51,2012
Sean Sullivan,Attorney (Civil/Criminal),150967.33,0.0,312.5,50251.72,151279.83,201531.55,2012
Matthew Sullivan,Police Officer 2,114905.0,24248.74,16862.27,34671.3,156016.01,190687.31,2012
Victoria Sullivan,Sergeant 3,135967.47,1799.41,7399.06,38213.69,145165.94,183379.63,2012
Jane Sullivan,Manager II,125633.62,0.0,3486.0,47605.12,129119.62,176724.74,2012
Michael Sullivan,Attorney (Civil/Criminal),129991.69,0.0,312.5,46239.04,130304.19,176543.23,2012
Margaret OSullivan,Manager II,116538.14,0.0,5486.0,52100.04,122024.14,174124.18,2012
Stephen OSullivan,Engineer,123747.0,0.0,0.0,45360.8,123747.0,169107.8,2012
Matthew Sullivan,Police Officer 2,107021.3,13301.7,14252.3,33074.88,134575.3,167650.18,2012
Terrence O'Sullivan,Utility Specialist,115947.02,0.0,2800.26,43616.34,118747.28,162363.62,2012
Todd Sullivan,Police Officer 3,115235.15,6731.88,3419.61,34189.23,125386.64,159575.87,2012
Colleen Sullivan,Police Officer 3,117171.0,0.0,3338.2,32867.28,120509.2,153376.48,2012
James OSullivan,Plumbing Inspector,104318.55,315.2,4065.37,41933.91,108699.12,150633.03,2012
Elisa Sullivan,Auditor III,106417.98,0.0,0.0,40860.51,106417.98,147278.49,2012
John OSullivan,Building Inspector,102488.42,190.64,827.96,40009.5,103507.02,143516.52,2012
Timothy OSullivan,Building Inspector,101217.51,0.0,840.67,39305.6,102058.18,141363.78,2012
Sean Sullivan,Stationary Engineer,73814.0,25452.63,5536.17,36112.32,104802.8,140915.12,2012
Tara Sullivan,Planner 3,96967.06,0.0,0.0,39008.85,96967.06,135975.91,2012
David Sullivan,Planner 3,96967.0,0.0,0.0,38889.44,96967.0,135856.44,2012
Preston Sullivan,Protective Services Worker,89162.68,0.0,384.0,37069.19,89546.68,126615.87,2012
Sullivan Phillips,Transit Operator,64950.79,13469.12,4010.47,38363.08,82430.38,120793.46,2012
John Sullivan-Jr,Truck Driver,74070.11,8056.18,1913.74,34167.54,84040.03,118207.57,2012
Kevin Sullivan,Physical Therapist Assistant,79705.3,316.8,100.0,34232.96,80122.1,114355.06,2012
Mark Sullivan,Inspector 3,46209.31,7794.66,39338.02,11897.89,93341.99,105239.88,2012
Carl Sullivan,"Counselor, Juvenile Hall",59884.13,6813.54,6333.07,30365.99,73030.74,103396.73,2012
Timothy Sullivan,Watershed Keeper,63994.99,1610.47,0.0,31619.07,65605.46,97224.53,2012
Timothy Sullivan,Museum Guard,56967.9,12193.04,0.0,27979.31,69160.94,97140.25,2012
Lawrence Sullivan,Clinical Psychologist,53284.55,0.0,17307.19,23821.87,70591.74,94413.61,2012
Amanda Sullivan,Gardener,59972.53,0.0,2475.61,29251.19,62448.14,91699.33,2012
Jack Machon Sullivan,Asphalt Finisher,46238.18,2048.81,2864.75,25838.38,51151.74,76990.12,2012
Gordon Sullivan,Custodian,49319.58,924.3,598.31,25850.55,50842.19,76692.74,2012
Regina Sullivan,Clerk,49291.5,3319.76,624.0,15627.43,53235.26,68862.69,2012
Maurice Sullivan,PS Aide to Prof,36656.94,0.0,394.02,21563.81,37050.96,58614.77,2012
Sissy Sullivan,Eligibility Worker,30399.69,2064.78,2432.32,3098.07,34896.79,37994.86,2012
Brian Sullivan,Firefighter,24656.0,0.0,0.0,9793.08,24656.0,34449.08,2012
Dermott Sullivan,Building Inspector,4067.0,12.71,18724.52,3060.37,22804.23,25864.6,2012
Donald Sullivan,Superior Court Judge,9463.87,0.0,0.0,13819.68,9463.87,23283.55,2012
Mary Ann Sullivan,Pharmacist,14323.13,0.0,0.0,1135.04,14323.13,15458.17,2012
Sara Sullivan,Special Nurse,12806.23,0.0,0.0,1126.78,12806.23,13933.01,2012
Kathryn Sullivan,Recreation Leader,5812.75,0.0,81.95,457.59,5894.7,6352.29,2012
Casey Sullivan,Public Svc Aide-Public Works,2857.25,0.0,63.44,261.64,2920.69,3182.33,2012
Sean O'Sullivan,Eligibility Worker,1650.25,0.0,16.98,138.56,1667.23,1805.79,2012
Jack O'Sullivan,Public Service Trainee,999.36,0.0,2.05,78.01,1001.41,1079.42,2012
Robert P O'Sullivan Jr,Captain 3,205222.02,1478.14,25047.67,52683.16,231747.83,284430.99,2013
Dennis W Sullivan,"Lieutenant, Fire Suppression",135902.92,67554.69,17161.01,45356.77,220618.62,265975.39,2013
Terence M OSullivan,Firefighter,116956.72,80773.73,21983.11,42048.16,219713.56,261761.72,2013
Charles R Sullivan,"Head Atty, Civil & Criminal",193736.02,0.0,5125.16,52432.58,198861.18,251293.76,2013
Kevin E OSullivan,"Captain, Fire Suppression",155174.51,9141.2,24806.88,50526.02,189122.59,239648.61,2013
Matthew D Sullivan,Sergeant 3,127557.02,31936.57,33581.28,37904.48,193074.87,230979.35,2013
Patrick  Sullivan,"Captain, Fire Suppression",153846.1,2242.98,19230.77,49018.16,175319.85,224338.01,2013
Sean M Sullivan,Attorney (Civil/Criminal),167911.5,0.0,1249.5,46735.71,169161.0,215896.71,2013
Timothy V Sullivan,Firefighter,116161.05,31681.94,20137.53,41464.55,167980.52,209445.07,2013
Matthew P Sullivan,Police Officer 2,118464.05,25941.78,20109.91,36133.65,164515.74,200649.39,2013
Victoria  Sullivan,Sergeant 3,143289.19,3706.62,5297.89,40803.06,152293.7,193096.76,2013
Michael R Sullivan,Attorney (Civil/Criminal),146809.54,0.0,1250.0,42660.4,148059.54,190719.94,2013
Margaret M OSullivan,Manager II,124262.01,0.0,2000.0,46518.25,126262.01,172780.26,2013
Stephen J OSullivan,Engineer,132401.51,0.0,0.0,39396.66,132401.51,171798.17,2013
Todd G Sullivan,Police Officer 3,123471.16,4453.33,3739.69,37190.57,131664.18,168854.75,2013
Terrence W O'Sullivan,Utility Specialist,124073.06,0.0,2720.0,38273.75,126793.06,165066.81,2013
Colleen C Sullivan,Police Officer 3,123471.0,0.0,3591.36,37559.65,127062.36,164622.01,2013
James A OSullivan,Plumbing Inspector,110296.55,0.0,5515.54,36112.84,115812.09,151924.93,2013
Elisa  Sullivan,Auditor III,113831.53,0.0,0.0,35776.4,113831.53,149607.93,2013
John G OSullivan,Building Inspector,110296.61,76.99,900.0,35225.01,111273.6,146498.61,2013
Jane  Sullivan,Manager II,104045.61,0.0,3872.26,37474.3,107917.87,145392.17,2013
Sean J Sullivan,Stationary Engineer,78473.5,25785.35,5885.59,30413.78,110144.44,140558.22,2013
Timothy M OSullivan,Building Inspector,105652.4,0.0,600.0,33630.87,106252.4,139883.27,2013
David M Sullivan,Emergency Services Coord III,103752.0,0.0,0.0,34329.71,103752.0,138081.71,2013
Carl J Sullivan,"Counselor, Juvenile Hall",66233.89,35422.47,7187.09,27939.59,108843.45,136783.04,2013
Preston A Sullivan,Protective Services Worker,95229.03,6455.59,2128.25,32739.3,103812.87,136552.17,2013
Brian K Sullivan,Firefighter,82959.59,9976.89,8356.06,34685.92,101292.54,135978.46,2013
Sullivan K Phillips,Transit Operator,68478.46,11267.41,6607.39,34836.28,86353.26,121189.54,2013
Kevin E Sullivan,Physical Therapist Assistant,83612.54,0.0,0.0,29686.0,83612.54,113298.54,2013
Brent R Sullivan,Police Officer 3,67167.06,5511.32,7807.33,22316.54,80485.71,102802.25,2013
Timothy G Sullivan,Museum Guard,59987.3,14757.46,874.61,25402.09,75619.37,101021.46,2013
Timothy C Sullivan,Watershed Keeper,68391.01,3989.48,10.0,27218.21,72390.49,99608.7,2013
Amanda A Sullivan,Gardener,64400.98,0.0,2277.75,26831.8,66678.73,93510.53,2013
Sissy  Sullivan,Eligibility Worker,54309.08,7397.87,2244.88,21739.8,63951.83,85691.63,2013
Gordon  Sullivan,Custodian,54228.66,1540.5,638.59,24329.35,56407.75,80737.1,2013
John F Sullivan-Jr,Truck Driver,42411.21,3552.38,13405.74,15345.78,59369.33,74715.11,2013
Fatima  Sullivan,Transit Operator,48177.23,1220.97,311.51,23271.77,49709.71,72981.48,2013
Regina M Sullivan,Clerk,52677.03,5759.55,663.53,13708.73,59100.11,72808.84,2013
Maurice A Sullivan,PS Aide to Prof,40184.39,0.0,471.3,23265.45,40655.69,63921.14,2013
Sara K Sullivan,Special Nurse,56127.0,0.0,194.2,563.23,56321.2,56884.43,2013
Jack Machon  Sullivan,Asphalt Worker,26228.5,2078.69,1160.2,12347.61,29467.39,41815.0,2013
Tara N Sullivan,Planner 3,26315.72,0.0,194.65,8340.68,26510.37,34851.05,2013
Donald J Sullivan,Superior Court Judge,9827.56,0.0,0.0,13535.55,9827.56,23363.11,2013
Mary Ann  Sullivan,Pharmacist,15082.18,0.0,0.0,0.0,15082.18,15082.18,2013
Kathryn M Sullivan,Recreation Leader,9952.49,0.0,125.04,100.79,10077.53,10178.32,2013
Casey J Sullivan,Public Svc Aide-Public Works,7844.46,0.0,221.04,80.66,8065.5,8146.16,2013
Robert P O'Sullivan Jr,Captain 3,199160.01,1149.0,5607.22,55586.46,205916.23,261502.69,2014
Patrick Sullivan,"Captain, Fire Suppression",149572.93,31213.18,26637.13,52060.4,207423.24,259483.64,2014
Charles R Sullivan,"Head Atty, Civil & Criminal",191709.04,0.0,5084.23,55896.9,196793.27,252690.17,2014
Dennis W Sullivan,"Lieutenant, Fire Suppression",129159.81,46605.33,16191.7,46880.05,191956.84,238836.89,2014
Timothy V Sullivan,Firefighter,111605.93,61321.16,21417.04,43416.61,194344.13,237760.74,2014
Matthew D Sullivan,Sergeant 3,137982.09,32859.71,14960.44,42967.61,185802.24,228769.85,2014
Sean M Sullivan,Attorney (Civil/Criminal),174863.9,0.0,1250.0,51498.58,176113.9,227612.48,2014
Terence M Osullivan,Firefighter,111640.55,53584.11,18851.53,43216.13,184076.19,227292.32,2014
Kevin E Osullivan,"Captain, Fire Suppression",148121.11,634.81,21477.48,52160.68,170233.4,222394.08,2014
Matthew P Sullivan,Sergeant 2,122408.01,24013.73,24399.49,39604.15,170821.23,210425.38,2014
Michael R Sullivan,Attorney (Civil/Criminal),152814.93,0.0,1312.5,46791.47,154127.43,200918.9,2014
Victoria Sullivan,Sergeant 3,137982.18,8453.93,2169.45,42828.68,148605.56,191434.24,2014
Brian K Sullivan,Firefighter,98486.78,35088.28,9824.29,41360.06,143399.35,184759.41,2014
Stephen J Osullivan,Engineer,131071.03,0.0,0.0,41858.98,131071.03,172930.01,2014
Brent R Sullivan,Police Officer 3,104181.18,23204.86,6782.51,37809.55,134168.55,171978.1,2014
Margaret M Osullivan,Manager II,122992.01,0.0,0.0,48845.95,122992.01,171837.96,2014
Todd G Sullivan,Police Officer 3,118898.14,7915.26,4590.84,38839.63,131404.24,170243.87,2014
Terrence W O'Sullivan,Utility Specialist,122868.02,0.0,2520.0,40641.91,125388.02,166029.93,2014
Elisa Sullivan,Auditor III,112673.03,0.0,0.0,37929.37,112673.03,150602.4,2014
John G Osullivan,Building Inspector,109163.07,0.0,3130.5,37848.91,112293.57,150142.48,2014
Timothy M Osullivan,Building Inspector,109058.41,0.0,0.0,37143.34,109058.41,146201.75,2014
Sean J Sullivan,Stationary Engineer,78607.07,25889.9,4677.25,32063.16,109174.22,141237.38,2014
David M Sullivan,Emergency Services Coord III,102696.0,0.0,0.0,36306.92,102696.0,139002.92,2014
Preston A Sullivan,Protective Services Worker,94691.02,5098.49,1765.19,34696.1,101554.7,136250.8,2014
Carl J Sullivan,"Counselor, Juvenile Hall",62941.37,32296.61,6689.41,28197.8,101927.39,130125.19,2014
Sullivan K Phillips,Transit Operator,64367.23,12772.0,6847.11,35288.66,83986.34,119275.0,2014
Timothy G Sullivan,Museum Guard,61036.01,17402.75,773.92,27369.1,79212.68,106581.78,2014
Kevin E Sullivan,Physical Therapist Assistant,75168.91,0.0,0.0,28482.9,75168.91,103651.81,2014
Jack Machon Sullivan,Asphalt Worker,58331.7,10691.78,2508.45,27879.36,71531.93,99411.29,2014
Timothy C Sullivan,Watershed Keeper,67948.02,759.9,529.4,28826.19,69237.32,98063.51,2014
Sissy Sullivan,Social Worker,61022.21,8115.48,0.0,27902.43,69137.69,97040.12,2014
Amanda A Sullivan,Gardener,63732.69,584.78,2051.29,28187.72,66368.76,94556.48,2014
James A Osullivan,Plumbing Inspector,65626.24,324.56,3281.37,22954.11,69232.17,92186.28,2014
Regina M Sullivan,Clerk,52362.01,17115.15,624.0,14905.8,70101.16,85006.96,2014
Kevin W Sullivan,Registered Nurse,47864.85,3460.51,7876.33,19736.11,59201.69,78937.8,2014
Gordon Sullivan,Custodian,50091.68,625.35,571.51,23771.3,51288.54,75059.84,2014
Fatima Sullivan,Transit Operator,44947.11,3697.38,463.06,23464.43,49107.55,72571.98,2014
Maurice A Sullivan,PS Aide to Prof,39979.04,0.0,499.82,24506.06,40478.86,64984.92,2014
Katy Sullivan,Legal Assistant,20277.8,0.0,0.0,8910.12,20277.8,29187.92,2014
Ashley A Sullivan,Special Nurse,24193.18,1166.92,1811.8,271.71,27171.9,27443.61,2014
Sara K Sullivan,Special Nurse,26449.75,0.0,27.98,264.79,26477.73,26742.52,2014
Colleen C Sullivan,Police Officer 3,9603.31,0.0,13143.88,3123.62,22747.19,25870.81,2014
Mary Ann Sullivan,Pharmacist,9738.85,0.0,0.0,0.0,9738.85,9738.85,2014
Jack M O'Sullivan,Recreation Leader,4259.15,0.0,0.0,42.61,4259.15,4301.76,2014
Michael R Sullivan,Special Examiner,1046.13,0.0,0.0,223.5,1046.13,1269.63,2014
Robert P O'Sullivan Jr,Commander 3,214196.2,0.0,6068.17,61772.91,220264.37,282037.28,2015
Patrick Sullivan,"Captain, Fire Suppression",150234.0,57698.98,19551.93,48386.97,227484.91,275871.88,2015
Dennis W Sullivan,"Lieutenant, Fire Suppression",131564.79,60904.76,22509.12,45238.8,214978.67,260217.47,2015
Charles R Sullivan,"Head Atty, Civil & Criminal",199701.58,0.0,3962.78,54943.62,203664.36,258607.98,2015
Timothy V Sullivan,Firefighter,112159.76,70334.16,21170.96,40276.11,203664.88,243940.99,2015
Sean M Sullivan,Attorney (Civil/Criminal),185851.51,0.0,0.0,51208.39,185851.51,237059.9,2015
Matthew P Sullivan,Sergeant 2,137193.86,34498.1,7616.54,40042.73,179308.5,219351.23,2015
Kevin E Osullivan,"Captain, Fire Suppression",150233.98,0.0,19236.36,48474.47,169470.34,217944.81,2015
Matthew D Sullivan,Sergeant 3,141001.99,18687.54,10333.19,41710.62,170022.72,211733.34,2015
Michael R Sullivan,Attorney (Civil/Criminal),163960.66,0.0,0.0,46847.16,163960.66,210807.82,2015
Terence M Osullivan,Firefighter,113233.64,35521.17,20047.67,40824.22,168802.48,209626.7,2015
Victoria Sullivan,Sergeant 3,139474.09,9550.11,5027.92,41407.38,154052.12,195459.5,2015
Brian K Sullivan,Firefighter,101844.94,29559.32,11614.54,38972.58,143018.8,181991.38,2015
Brent R Sullivan,Police Officer 3,109870.71,24962.93,4701.97,37128.19,139535.61,176663.8,2015
Stephen J Osullivan,Engineer,135421.0,0.0,0.0,40160.94,135421.0,175581.94,2015
Margaret M Osullivan,Manager II,127129.03,0.0,0.0,41345.12,127129.03,168474.15,2015
Todd G Sullivan,Police Officer 3,119465.05,2737.27,3791.76,36868.99,125994.08,162863.07,2015
Terrence W O'Sullivan,Utility Specialist,124385.04,0.0,530.0,37787.97,124915.04,162703.01,2015
Elisa Sullivan,Accountant IV,116384.03,0.0,0.0,36265.42,116384.03,152649.45,2015
John G Osullivan,Building Inspector,112776.04,0.0,1615.0,36744.25,114391.04,151135.29,2015
David M Sullivan,Emergency Services Coord III,106116.0,2585.7,0.0,34677.47,108701.7,143379.17,2015
Preston A Sullivan,Protective Services Worker,97934.02,2590.89,1149.33,33485.19,101674.24,135159.43,2015
Timothy M Osullivan,Building Inspector,98414.38,0.0,0.0,32833.54,98414.38,131247.92,2015
Sean J Sullivan,Stationary Engineer,85004.05,5819.1,0.0,31219.26,90823.15,122042.41,2015
Kevin E Sullivan,Physical Therapist Assistant,89631.1,0.0,0.0,31217.09,89631.1,120848.19,2015
Carl J Sullivan,"Counselor, Juvenile Hall",66183.25,17720.87,7056.33,27588.59,90960.45,118549.04,2015
Sullivan K Phillips,Transit Operator,65174.56,8496.82,7067.92,32990.43,80739.3,113729.73,2015
Jack Machon Sullivan,Asphalt Worker,63264.8,14059.09,2399.8,27139.71,79723.69,106863.4,2015
Timothy G Sullivan,Museum Guard,63024.69,9608.26,3246.71,26687.04,75879.66,102566.7,2015
Sissy Sullivan,HSA Social Worker,69642.61,0.0,0.0,28116.15,69642.61,97758.76,2015
Katy Sullivan,Legal Assistant,69493.0,0.0,0.0,27624.0,69493.0,97117.0,2015
Amanda A Sullivan,Gardener,65333.94,2344.5,2657.4,26704.18,70335.84,97040.02,2015
Kathleen M O'Sullivan,Special Nurse,84580.81,3431.02,2468.91,904.78,90480.74,91385.52,2015
Regina M Sullivan,Clerk,54124.01,17980.96,624.0,13873.38,72728.97,86602.35,2015
Maurice A Sullivan,General Laborer,51701.02,4383.07,2253.74,26295.45,58337.83,84633.28,2015
Gordon Sullivan,Custodian,51526.94,1990.35,568.44,23295.23,54085.73,77380.96,2015
Fatima Sullivan,Transit Operator,33323.48,2059.99,634.52,16769.51,36017.99,52787.5,2015
Sara K Sullivan,Special Nurse,48800.37,0.0,0.86,488.02,48801.23,49289.25,2015
Kevin W Sullivan,Registered Nurse,29067.27,2612.28,5101.69,10906.3,36781.24,47687.54,2015
Timothy C Sullivan,Watershed Keeper,17106.14,0.0,238.25,8253.51,17344.39,25597.9,2015
Brian R Sullivan,Firefighter,11013.6,0.0,0.0,3960.84,11013.6,14974.44,2015
Mya C Sullivan,Public Service Trainee,8891.15,0.0,0.0,117.76,8891.15,9008.91,2015
Chris M Sullivan,Public Svc Aide-Public Works,5165.48,0.0,152.8,161.32,5318.28,5479.6,2015
Mary Ann Sullivan,Pharmacist,4303.0,0.0,0.0,0.0,4303.0,4303.0,2015
Jack M O'Sullivan,Recreation Leader,4231.5,0.0,24.8,42.56,4256.3,4298.86,2015
Ashley A Sullivan,Special Nurse,2372.56,0.0,189.82,25.62,2562.38,2588.0,2015
James A Osullivan,Plumbing Inspector,0.0,0.0,78.41,0.0,78.41,78.41,2015
Robert P O'Sullivan Jr,Commander 3,222563.04,0.0,6120.67,59399.28,228683.71,288082.99,2016
Charles R Sullivan,Assistant Chief Attorney 1,216905.21,0.0,469.02,54048.13,217374.23,271422.36,2016
Timothy V Sullivan,Firefighter,113782.22,93697.18,23845.15,39366.81,231324.55,270691.36,2016
Dennis W Sullivan,"Lieutenant, Fire Suppression",133486.55,35124.36,30039.93,44745.11,198650.84,243395.95,2016
Sean M Sullivan,Attorney (Civil/Criminal),193453.6,0.0,0.0,49570.28,193453.6,243023.88,2016
Matthew P Sullivan,Sergeant 3,139901.18,44468.42,6895.88,38674.59,191265.48,229940.07,2016
Matthew D Sullivan,Sergeant 3,140835.69,41241.38,4512.14,39015.03,186589.21,225604.24,2016
Kevin E Osullivan,"Captain, Fire Suppression",152449.7,6480.58,20160.33,46435.26,179090.61,225525.87,2016
Patrick Sullivan,"Captain, Fire Suppression",152449.67,7110.54,16930.89,45861.57,176491.1,222352.67,2016
Michael R Sullivan,Attorney (Civil/Criminal),140857.46,0.0,29484.04,37339.57,170341.5,207681.07,2016
Victoria Sullivan,Sergeant 3,140849.1,10334.81,6664.27,38993.92,157848.18,196842.1,2016
Brent R Sullivan,Police Officer 3,117067.33,33346.41,5266.85,36612.45,155680.59,192293.04,2016
Brian K Sullivan,Firefighter,108323.41,24714.61,17793.69,39894.16,150831.71,190725.87,2016
Stephen J Osullivan,Engineer,141046.09,0.0,0.0,38678.61,141046.09,179724.7,2016
Kathleen M O'Sullivan,Special Nurse,137755.05,17181.35,4503.24,13812.84,159439.64,173252.48,2016
Todd G Sullivan,Police Officer 3,121209.61,9518.66,4970.46,35404.86,135698.73,171103.59,2016
Margaret M Osullivan,Manager II,132379.81,0.0,0.0,38102.62,132379.81,170482.43,2016
Terrence W O'Sullivan,Utility Specialist,132284.31,0.0,0.0,37085.65,132284.31,169369.96,2016
Elisa Sullivan,Accountant IV,121156.84,0.0,0.0,35035.81,121156.84,156192.65,2016
John G Osullivan,Building Inspector,117392.22,0.0,0.0,36674.18,117392.22,154066.4,2016
Timothy M Osullivan,Building Inspector,111165.11,0.0,0.0,34757.53,111165.11,145922.64,2016
David M Sullivan,Emergency Services Coord III,110521.57,0.0,0.0,33607.26,110521.57,144128.83,2016
Preston A Sullivan,Protective Services Worker,96465.46,2581.29,591.0,30340.26,99637.75,129978.01,2016
Sean J Sullivan,Stationary Engineer,88548.92,5485.07,0.0,30622.15,94033.99,124656.14,2016
Kevin E Sullivan,Physical Therapist Assistant,93367.1,0.0,0.0,30364.83,93367.1,123731.93,2016
Timothy G Sullivan,Museum Guard,63884.01,17872.84,3332.1,25011.37,85088.95,110100.32,2016
Jack Machon Sullivan,Asphalt Worker,67850.3,13236.96,2418.4,25703.1,83505.66,109208.76,2016
Katy Sullivan,Legal Assistant,76249.81,0.0,0.0,27800.22,76249.81,104050.03,2016
Bartholomew B Sullivan,Police Officer,72752.32,2100.4,860.61,26211.41,75713.33,101924.74,2016
Carl J Sullivan,"Counselor, Juvenile Hall",66751.28,8027.73,2187.52,24746.44,76966.53,101712.97,2016
Sullivan K Phillips,Transit Operator,57927.85,10333.68,6113.43,26803.71,74374.96,101178.67,2016
Terence M Osullivan,Firefighter,56913.52,0.0,18249.11,20140.93,75162.63,95303.56,2016
Amanda A Sullivan,Gardener,67949.31,0.0,2343.88,24808.83,70293.19,95102.02,2016
Sissy Sullivan,HSA Social Worker,67597.85,0.0,0.0,25217.08,67597.85,92814.93,2016
Maurice A Sullivan,General Laborer,57248.02,6012.03,2968.91,24715.63,66228.96,90944.59,2016
Regina M Sullivan,Clerk,56344.9,10141.05,624.0,23399.41,67109.95,90509.36,2016
Gordon Sullivan,Custodian,53761.57,652.14,569.95,21827.82,54983.66,76811.48,2016
Fatima Sullivan,Transit Operator,35069.13,3853.59,733.09,14889.61,39655.81,54545.42,2016
Sara L Sullivan,Special Nurse,29809.88,0.0,0.0,3620.98,29809.88,33430.86,2016
Mya C Sullivan,Public Service Trainee,12039.09,0.0,0.0,6581.77,12039.09,18620.86,2016
Steve M Sullivan,Public Svc Aide-Public Works,11566.32,0.0,346.09,4575.94,11912.41,16488.35,2016
Jack M O'Sullivan,Recreation Leader,4863.51,0.0,2.81,1697.05,4866.32,6563.37,2016
Sara L Sullivan,Nurse Practitioner,5224.5,0.0,69.66,610.83,5294.16,5904.99,2016
Mary Ann Sullivan,Pharmacist,4492.65,0.0,0.0,364.74,4492.65,4857.39,2016
Robert P O'Sullivan Jr,Commander 3,227002.03,0.0,820.04,60725.58,227822.07,288547.65,2017
Charles R Sullivan,Assistant Chief Attorney 1,224768.03,0.0,0.0,57880.51,224768.03,282648.54,2017
Sean M Sullivan,Attorney (Civil/Criminal),199434.0,0.0,0.0,53013.4,199434.0,252447.4,2017
Matthew D Sullivan,Sergeant 3,143450.04,47169.41,6723.37,41091.09,197342.82,238433.91,2017
Matthew P Sullivan,Sergeant 3,142083.32,47728.48,7304.18,40720.54,197115.98,237836.52,2017
Kevin E Osullivan,"Captain, Fire Suppression",154021.82,2397.96,25938.17,49416.92,182357.95,231774.87,2017
Timothy V Sullivan,Firefighter,117174.03,38488.06,24497.74,41894.54,180159.83,222054.37,2017
Patrick Sullivan,"Captain, Fire Suppression",63207.33,0.0,133465.6,19956.71,196672.93,216629.64,2017
Dennis W Sullivan,"Lieutenant, Fire Suppression",136148.74,3232.47,28146.14,46601.81,167527.35,214129.16,2017
Brent R Sullivan,Police Officer 3,123614.21,31819.41,8681.38,39083.4,164115.0,203198.4,2017
Brian K Sullivan,Firefighter,116056.83,18715.23,15382.69,42064.46,150154.75,192219.21,2017
Victoria Sullivan,Sergeant 3,144301.6,2279.93,3291.41,41672.54,149872.94,191545.48,2017
Terrence W O'Sullivan,Utility Specialist,136410.06,0.0,0.0,39894.75,136410.06,176304.81,2017
Elisa Sullivan,Accountant IV,124918.02,11150.04,0.0,37781.53,136068.06,173849.59,2017
Todd G Sullivan,Police Officer 3,123614.03,2149.4,1920.49,37302.57,127683.92,164986.49,2017
John G Osullivan,Building Inspector,121022.03,0.0,0.0,38896.46,121022.03,159918.49,2017
Timothy M Osullivan,Building Inspector,116249.82,0.0,0.0,37376.72,116249.82,153626.54,2017
David M Sullivan,Emergency Services Coord III,113958.06,1621.18,0.0,36206.78,115579.24,151786.02,2017
Sean J Sullivan,Stationary Engineer,95904.8,7602.15,0.0,33739.54,103506.95,137246.49,2017
Kathleen M O'Sullivan,Registered Nurse,93752.23,5382.43,5288.34,27540.54,104423.0,131963.54,2017
Kevin E Sullivan,Physical Therapist Assistant,95932.73,0.0,0.0,32650.27,95932.73,128583.0,2017
Sara L Sullivan,Nurse Practitioner,94716.83,0.0,2061.04,28443.73,96777.87,125221.6,2017
Bartholomew B Sullivan,Police Officer,83387.05,6722.12,1503.39,31338.92,91612.56,122951.48,2017
Margaret M Osullivan,Manager II,91020.37,0.0,0.0,31019.13,91020.37,122039.5,2017
Sullivan K Phillips,Transit Operator,71435.45,12763.74,7697.72,29460.06,91896.91,121356.97,2017
Sissy Sullivan,HSA Social Worker,85248.08,0.0,0.0,31301.91,85248.08,116549.99,2017
Katy Sullivan,Legal Assistant,82563.0,0.0,0.0,30635.93,82563.0,113198.93,2017
Carl J Sullivan,"Counselor, Juvenile Hall",73122.4,3129.02,6653.09,29430.27,82904.51,112334.78,2017
Joseph M Sullivan,Truck Driver,67253.02,5440.69,5035.49,26871.25,77729.2,104600.45,2017
Stephen J Osullivan,Engineer,77252.07,0.0,3073.53,21750.16,80325.6,102075.76,2017
Amanda A Sullivan,Gardener,70971.38,0.0,2343.91,27775.96,73315.29,101091.25,2017
Maurice A Sullivan,General Laborer,61963.4,7816.95,3017.83,26646.98,72798.18,99445.16,2017
Timothy G Sullivan,Museum Guard,60426.19,10116.75,3268.59,25059.07,73811.53,98870.6,2017
Preston A Sullivan,Protective Services Worker,55846.0,0.0,14536.0,18236.79,70382.0,88618.79,2017
Gordon Sullivan,Custodian,56845.35,0.0,584.3,24468.06,57429.65,81897.71,2017
Regina M Sullivan,Clerk,58096.0,8391.51,624.0,13799.06,67111.51,80910.57,2017
Kathleen M O'Sullivan,Special Nurse,41643.85,0.0,1228.84,5644.86,42872.69,48517.55,2017
Fatima Sullivan,Transit Operator,32702.57,2099.47,558.41,12975.54,35360.45,48335.99,2017
Jack Machon Sullivan,Asphalt Worker,17516.4,2934.25,3704.29,7006.08,24154.94,31161.02,2017
Emily A Sullivan,Firefighter,17628.0,0.0,0.0,6688.24,17628.0,24316.24,2017
Jack M O'Sullivan,Recreation Leader,14299.57,0.0,6.29,143.06,14305.86,14448.92,2017
Frank S Sullivan,Public Svc Aide-Public Works,8632.06,0.0,0.0,116.53,8632.06,8748.59,2017
Monisha G Sullivan,Public Service Trainee,5463.76,0.0,0.0,76.83,5463.76,5540.59,2017
Roseanne E Sullivan,Special Nurse,4763.2,0.0,0.0,47.63,4763.2,4810.83,2017
Mary Ann Sullivan,Pharmacist,3873.26,0.0,0.0,16.1,3873.26,3889.36,2017
Steve M Sullivan,Public Service Trainee,1175.01,131.47,139.86,29.82,1446.34,1476.16,2017
Robert P O'Sullivan Jr,Commander 3,235377.7,0.0,4950.9,58493.17,240328.6,298821.77,2018
Charles R Sullivan,Assistant Chief Attorney 1,231468.03,0.0,0.0,60975.06,231468.03,292443.09,2018
Timothy V Sullivan,Firefighter,120065.99,85716.59,24907.77,44169.34,230690.35,274859.69,2018
Sean M Sullivan,Attorney (Civil/Criminal),205368.0,0.0,0.0,55837.2,205368.0,261205.2,2018
Matthew D Sullivan,Sergeant 3,147688.01,47679.46,13232.64,43410.61,208600.11,252010.72,2018
Matthew P Sullivan,Sergeant 3,148419.86,33754.08,19454.4,43362.99,201628.34,244991.33,2018
Dennis W Sullivan,"Lieutenant, Fire Suppression",132125.62,0.0,35008.59,47676.05,167134.21,214810.26,2018
Brian K Sullivan,Firefighter,120077.02,26931.35,19672.64,44785.43,166681.01,211466.44,2018
Victoria Sullivan,Sergeant 3,151369.4,906.39,2824.28,46418.21,155100.07,201518.28,2018
Brent R Sullivan,Police Officer 3,127198.24,23609.72,5073.7,40570.76,155881.66,196452.42,2018
Terrence W O'Sullivan,Utility Specialist,140500.06,0.0,0.0,42156.35,140500.06,182656.41,2018
Melinda S Sullivan,Project Manager 1,138812.14,0.0,0.0,42361.59,138812.14,181173.73,2018
Elisa Sullivan,Accountant IV,128658.01,11204.18,0.0,39930.47,139862.19,179792.66,2018
Sara L Sullivan,Nurse Practitioner,131806.94,5556.85,830.26,40187.64,138194.05,178381.69,2018
Kathleen M O'Sullivan,Registered Nurse,118094.63,9573.72,5499.61,37441.1,133167.96,170609.06,2018
Timothy M Osullivan,Building Inspector,122752.24,0.0,0.0,40304.6,122752.24,163056.84,2018
David M Sullivan,Emergency Services Coord III,117386.01,2408.18,0.0,38220.32,119794.19,158014.51,2018
John G Osullivan,Building Inspector,118925.9,0.0,0.0,39052.89,118925.9,157978.79,2018
Roseanne E Sullivan,Registered Nurse,102697.53,2710.68,8375.26,33241.06,113783.47,147024.53,2018
Sean J Sullivan,Stationary Engineer,97674.96,7389.55,0.0,35213.46,105064.51,140277.97,2018
Joseph M Sullivan,Truck Driver,84535.9,14073.81,6056.65,33274.42,104666.36,137940.78,2018
Kevin E Sullivan,Physical Therapist Assistant,99194.08,109.01,0.0,34541.41,99303.09,133844.5,2018
Bartholomew B Sullivan,Police Officer,89687.48,8023.25,2173.99,33435.17,99884.72,133319.89,2018
Sullivan K Phillips,Transit Operator,72494.47,14545.95,7175.3,30515.66,94215.72,124731.38,2018
Katy Sullivan,Legal Assistant,89192.0,0.0,0.0,32867.57,89192.0,122059.57,2018
Emily A Sullivan,Firefighter,78006.68,5528.7,3583.74,32942.39,87119.12,120061.51,2018
Sissy Sullivan,HSA Social Worker,87806.05,0.0,0.0,31878.43,87806.05,119684.48,2018
Maurice A Sullivan,General Laborer,66997.7,16173.48,1872.87,28020.73,85044.05,113064.78,2018
Todd G Sullivan,Police Officer 3,81825.45,0.0,597.7,25229.24,82423.15,107652.39,2018
Amanda A Sullivan,Gardener,70919.09,0.0,2251.67,28056.73,73170.76,101227.49,2018
Kevin E Osullivan,"Captain, Fire Suppression",55269.99,47.55,12065.66,18157.3,67383.2,85540.5,2018
Regina M Sullivan,Clerk,59836.05,8731.96,624.0,15574.42,69192.01,84766.43,2018
Gordon Sullivan,Custodian,57177.81,716.4,570.98,25325.74,58465.19,83790.93,2018
Fatima Sullivan,Transit Operator,42423.25,3914.92,841.07,16332.0,47179.24,63511.24,2018
Timothy G Sullivan,Museum Guard,29579.97,1882.76,1659.22,18185.3,33121.95,51307.25,2018
Margaret M Osullivan,Manager II,15819.09,0.0,23608.33,4110.49,39427.42,43537.91,2018
Kathleen M O'Sullivan,Special Nurse,24609.7,0.0,772.2,3942.99,25381.9,29324.89,2018
Anne L Sullivan,EMT/Paramedic/Firefighter,11230.65,1154.87,267.55,4424.06,12653.07,17077.13,2018
Brian R Sullivan,Police Officer,8142.5,0.0,0.0,3056.76,8142.5,11199.26,2018
Jack M O'Sullivan,Recreation Leader,10104.9,0.0,37.74,101.44,10142.64,10244.08,2018
Carl J Sullivan,"Counselor, Juvenile Hall PERS",2912.0,0.0,3966.09,660.68,6878.09,7538.77,2018
Terence M Osullivan,Firefighter,0.0,6404.88,0.0,0.0,6404.88,6404.88,2018
Craig E Sullivan,Recreation Leader,4398.05,0.0,329.16,47.26,4727.21,4774.47,2018
Mary Ann Sullivan,Pharmacist,3502.59,0.0,0.0,19.64,3502.59,3522.23,2018
Patrick Sullivan,"Captain, Fire Suppression",0.0,1714.54,0.0,0.0,1714.54,1714.54,2018
Michael J Sullivan,"BdComm Mbr, Grp2,M=$25/Mtg",50.0,0.0,0.0,0.5,50.0,50.5,2018
