EmployeeName,JobTitle,BasePay,OvertimePay,OtherPay,Benefits,TotalPay,TotalPayBenefits,Year
PHONG WANG,ATTORNEY (CIVIL/CRIMINAL),153440.35,0.0,0.0,,153440.35,153440.35,2011
CHRISTINA WANG,CLINICAL PHARMACIST,140078.0,3382.88,0.0,,143460.88,143460.88,2011
JANE WANG,SENIOR ENGINEER,140003.07,0.0,2426.86,,142429.93,142429.93,2011
WAYLEN WANG,FIREFIGHTER,105934.66,17123.87,10631.22,,133689.75,133689.75,2011
YU-RUO WANG,REGISTERED NURSE,123240.12,2221.9,7447.5,,132909.52,132909.52,2011
RUTH WANG,REGISTERED NURSE,126984.0,0.0,2073.29,,129057.29,129057.29,2011
XING WANG,IS ENGINEER - JOURNEY,107117.4,0.0,17019.66,,124137.06,124137.06,2011
JIM WANG,ENGINEER,115396.23,0.0,3521.69,,118917.92,118917.92,2011
LINLING WANG,IS ENGINEER - SENIOR,118692.01,0.0,0.0,,118692.01,118692.01,2011
LILY WANG,MANAGER II,114237.38,0.0,3443.27,,117680.65,117680.65,2011
HUI-FANG HWANG,COURT COMPUTER APPLICATIONS PROGRAMMER,114655.6,0.0,576.0,,115231.6,115231.6,2011
VICTOR HWANG,ATTORNEY (CIVIL/CRIMINAL),114617.23,0.0,0.0,,114617.23,114617.23,2011
PORNSOWANG DECHARAT,REGISTERED NURSE,109044.0,1258.2,250.0,,110552.2,110552.2,2011
XIAOJUN WANG,REGISTERED NURSE,100248.2,4966.19,4576.25,,109790.64,109790.64,2011
DAVID WANG,ASSOCIATE ENGINEER,104486.0,0.0,3778.2,,108264.2,108264.2,2011
CELIA WANG,"COUNSELOR, FAMILY COURT SERVICE",98771.48,0.0,6489.65,,105261.13,105261.13,2011
SUZANNE WANG,PRINCIPAL ADMINISTRATIVE ANALYST,105057.15,0.0,0.0,,105057.15,105057.15,2011
NGAWANG BISTA,DEPUTY SHERIFF,71343.02,22947.46,5376.88,,99667.36,99667.36,2011
LULU MABELITINI-HWANG,IS ADMINISTRATOR III,95203.2,0.0,0.0,,95203.2,95203.2,2011
SHU-JIUAN HWANG,BENEFITS SUPERVISOR,93895.63,0.0,624.0,,94519.63,94519.63,2011
THOMAS WANG,PLANNER III,94027.54,0.0,0.0,,94027.54,94027.54,2011
HUGH WANG,MANAGER II,91755.95,0.0,729.84,,92485.79,92485.79,2011
YONGWEN WANG,IS PROGRAMMER ANALYST - SENIOR,90756.03,0.0,21.77,,90777.8,90777.8,2011
SHAO WANG,IS ADMINISTRATOR III,90664.04,0.0,0.0,,90664.04,90664.04,2011
GEORGE WANG,TRANSIT OPERATOR,64931.58,19072.1,3159.94,,87163.62,87163.62,2011
MAGGIE WANG,IS BUSINESS ANALYST - SENIOR,85914.87,0.0,0.0,,85914.87,85914.87,2011
DONALD WANG,AIRPORT COMMUNICATIONS OPERATOR,72718.33,6599.8,3939.78,,83257.91,83257.91,2011
WEI-MIN WANG,SENIOR COMMUNITY DEVELOPMENT SPECIALIST I,82216.6,0.0,0.0,,82216.6,82216.6,2011
JAMES WANG,PRINCIPAL ACCOUNTANT,76776.0,0.0,1050.0,,77826.0,77826.0,2011
CAYLIN WANG,SENIOR ADMINISTRATIVE ANALYST,77128.03,0.0,0.0,,77128.03,77128.03,2011
SHERRY WANG,LIBRARIAN I,72464.9,0.0,2104.0,,74568.9,74568.9,2011
ADELINE HWANG,LIBRARIAN I,72464.99,0.0,1358.67,,73823.66,73823.66,2011
PAUL WANG,TRANSIT OPERATOR,57888.72,10962.12,2347.25,,71198.09,71198.09,2011
PHEBE WANG,IS BUSINESS ANALYST - SENIOR,70125.81,0.0,0.0,,70125.81,70125.81,2011
YUN-CHEN WANG,PRINCIPAL PAYROLL AND PERSONNEL CLERK,69527.24,562.1,0.0,,70089.34,70089.34,2011
HENG WANG,TRANSIT OPERATOR,52733.7,17073.81,247.06,,70054.57,70054.57,2011
ADELA MANGAWANG,MENTAL HEALTH REHABILITATION WORKER,60133.12,8738.79,0.0,,68871.91,68871.91,2011
ZHI GANG WANG,TRANSIT OPERATOR,64481.72,3844.44,109.73,,68435.89,68435.89,2011
CHRISTINA WANG,CHIEF CLERK,68276.6,0.0,0.0,,68276.6,68276.6,2011
PHIEU HWANG,SENIOR ELIGIBILITY WORKER,66066.37,0.0,2164.0,,68230.37,68230.37,2011
REBECCA WANG,FINGERPRINT TECHNICIAN II,57617.51,2128.29,4027.11,,63772.91,63772.91,2011
MAY XM WANG,HEALTH CARE BILLING CLERK II,61117.25,107.2,0.0,,61224.45,61224.45,2011
DAVID KWANG,COOK,56231.6,3602.32,782.71,,60616.63,60616.63,2011
YAN RONG WANG,SENIOR ACCOUNT CLERK,57630.63,0.0,0.0,,57630.63,57630.63,2011
SU MEI WANG,ELIGIBILITY WORKER,55736.27,171.9,1265.0,,57173.17,57173.17,2011
QI WANG,IS OPERATOR - JOURNEY,54869.0,0.0,0.0,,54869.0,54869.0,2011
ELISA WANG-GAO,PORTER,48461.5,3103.65,624.0,,52189.15,52189.15,2011
TRACY WEI JU WANG,CUSTODIAN,48461.5,1971.75,624.0,,51057.25,51057.25,2011
SARA WANG,ACCOUNT CLERK,49777.73,0.0,320.0,,50097.73,50097.73,2011
AILIAN WANG,PORTER,41310.0,2784.85,0.0,,44094.85,44094.85,2011
ELAINE WANG,COMMUNITY DEVELOPMENT SPECIALIST,42375.91,0.0,768.24,,43144.15,43144.15,2011
LILY WANG,PAYROLL CLERK,40051.14,0.0,0.0,,40051.14,40051.14,2011
ANN CHWANG,ASSESSMENT CLERK,37346.33,0.0,0.0,,37346.33,37346.33,2011
KANHU WANG,CUSTODIAN,32792.89,536.91,3091.86,,36421.66,36421.66,2011
NING LING WANG,CUSTODIAN,20511.4,0.0,1161.75,,21673.15,21673.15,2011
HONG XIA WANG,PORTER,20316.5,700.65,0.0,,21017.15,21017.15,2011
XIAOJUN WANG,SPECIAL NURSE,14544.9,0.0,484.76,,15029.66,15029.66,2011
LI ZHEN WANG,CUSTODIAN,13818.28,0.0,811.66,,14629.94,14629.94,2011
RAYMOND WANG,LIBRARY PAGE,14432.3,0.0,6.81,,14439.11,14439.11,2011
CHUN FEN WANG,PUBLIC SERVICE AIDE-HEALTH SERVICES,12794.53,0.0,0.0,,12794.53,12794.53,2011
OLIVER WANG,STUDENT DESIGN TRAINEE 1/ARC-ENG-PLNG,10707.55,0.0,0.0,,10707.55,10707.55,2011
LIZHEN WANG,SCHOOL CROSSING GUARD,8551.63,0.0,0.0,,8551.63,8551.63,2011
RU XIN WANG,SCHOOL CROSSING GUARD,7419.21,0.0,0.0,,7419.21,7419.21,2011
YU-RUO WANG,SPECIAL NURSE,4650.37,122.18,446.53,,5219.08,5219.08,2011
RAYMOND WANG,JUNIOR CLERK,3023.18,465.28,80.0,,3568.46,3568.46,2011
PORNSOWANG DECHARAT,SPECIAL NURSE,1897.09,286.09,447.28,,2630.46,2630.46,2011
HUAN-KUNG WANG,PUBLIC SERVICE TRAINEE,2282.0,5.25,0.0,,2287.25,2287.25,2011
CHRISTINE HWANG,"BOARD/COMMISSION MEMBER, GROUP III",1150.0,0.0,0.0,,1150.0,1150.0,2011
David Wangler,Anesthetist,160662.27,641.54,6494.98,55910.66,167798.79,223709.45,2012
Phong Wang,Attorney (Civil/Criminal),164362.88,0.0,312.5,52782.89,164675.38,217458.27,2012
Christina Wang,Clinical Pharmacist,146706.61,5263.7,55.79,49632.36,152026.1,201658.46,2012
Jane Wang,Eng/Arch/Landscape Arch Sr,143260.0,0.0,4313.02,49607.9,147573.02,197180.92,2012
Ruth Wang,Registered Nurse,134022.01,0.0,5620.78,53345.05,139642.79,192987.84,2012
Yu-Ruo Wang,Registered Nurse,126734.68,3154.97,7559.84,51921.81,137449.49,189371.3,2012
Jim Wang,Engineer,123747.0,0.0,4462.21,45741.86,128209.21,173951.07,2012
Victor Hwang,Attorney (Civil/Criminal),124360.72,0.0,312.5,46365.85,124673.22,171039.07,2012
Xing Wang,IS Engineer-Journey,109668.01,0.0,17722.18,42506.9,127390.19,169897.09,2012
Lily Wang,Manager II,111461.58,0.0,7177.43,50552.69,118639.01,169191.7,2012
Waylen Wang,Firefighter,109783.87,10784.59,11365.01,37020.08,131933.47,168953.55,2012
Linling Wang,IS Engineer-Senior,121524.02,0.0,238.03,44008.17,121762.05,165770.22,2012
Pornsowang Decharat,Registered Nurse,116072.01,0.0,926.51,46960.6,116998.52,163959.12,2012
Xiaojun Wang,Registered Nurse,106594.82,5270.25,5012.29,43164.7,116877.36,160042.06,2012
Hui-Fang Hwang,Ct Comp App Programmer,114891.52,0.0,624.0,43294.21,115515.52,158809.73,2012
Ngawang Bista,Deputy Sheriff,76560.13,32349.97,6452.4,33598.68,115362.5,148961.18,2012
Suzanne Wang,Pr Administrative Analyst,107567.28,0.0,0.0,41078.99,107567.28,148646.27,2012
David Wang,Assoc Engineer,106912.03,0.0,628.45,40432.84,107540.48,147973.32,2012
Celia Wang,"Counselor, Family Court Svc",98790.05,0.0,7364.6,41765.52,106154.65,147920.17,2012
Hugh Wang,Manager II,98218.01,0.0,3486.0,41880.57,101704.01,143584.58,2012
Shu Jiuan Hwang,Benefits Supervisor,99772.5,0.0,624.0,39321.13,100396.5,139717.63,2012
Lulu Mabelitini-Hwang,IS Administrator 3,97461.05,0.0,0.0,38789.99,97461.05,136251.04,2012
Thomas Wang,Planner 3,96967.08,0.0,0.0,38838.93,96967.08,135806.01,2012
Shao Wang,IS Administrator 3,97461.0,0.0,0.0,38249.71,97461.0,135710.71,2012
George Wang,Transit Operator,65400.99,22467.77,5624.23,39434.51,93492.99,132927.5,2012
Yongwen Wang,IS Programmer Analyst-Senior,92937.08,0.0,205.94,37144.54,93143.02,130287.56,2012
Maggie Wang,IS Business Analyst-Senior,92645.57,0.0,78.76,37091.64,92724.33,129815.97,2012
Heng Wang,Transit Operator,65634.42,22685.76,2659.35,38835.84,90979.53,129815.37,2012
Donald Wang,Airport Communications Disp,76630.69,8848.72,4577.64,34722.09,90057.05,124779.14,2012
Yun-Chen Wang,Senior Management Assistant,85339.52,0.0,1430.74,36100.84,86770.26,122871.1,2012
James Wang,Accountant III,83681.55,0.0,0.0,35548.68,83681.55,119230.23,2012
Caylin Wang,Senior Administrative Analyst,83354.9,0.0,42.19,35284.32,83397.09,118681.41,2012
Paul Wang,Transit Operator,64647.63,11346.08,3545.95,37637.34,79539.66,117177.0,2012
Wei-Min Wang,Sr. Community Devl Spc 1,82165.18,0.0,0.0,33381.41,82165.18,115546.59,2012
Sherry Wang,Librarian 1,77011.51,0.0,2064.0,33842.78,79075.51,112918.29,2012
Adeline Hwang,Librarian 1,76998.22,0.0,918.84,33968.31,77917.06,111885.37,2012
Christina Wang,Chief Clerk,76719.2,0.0,0.0,33687.18,76719.2,110406.38,2012
Phieu Hwang,Senior Eligibility Worker,70225.47,262.03,2024.0,32373.16,72511.5,104884.66,2012
Adela Mangawang,Patient Care Assistant,63817.98,3840.67,410.91,30535.4,68069.56,98604.96,2012
Rebecca Wang,Fingerprint Technician 2,61253.02,5118.24,1544.0,30488.55,67915.26,98403.81,2012
Ngawang Tashi,Licensed Vocational Nurse,49405.01,18571.16,3761.23,26399.24,71737.4,98136.64,2012
Su Mei Wang,Hospital Eligiblity Worker,63677.35,419.41,740.0,29996.62,64836.76,94833.38,2012
David Kwang,Cook,59754.21,4381.51,311.36,29087.9,64447.08,93534.98,2012
May X Wang,Health Care Billing Clerk 2,62707.97,137.13,0.0,29119.58,62845.1,91964.68,2012
Yan Rong Wang,Senior Account Clerk,61253.02,398.72,0.0,29384.47,61651.74,91036.21,2012
Zhi Gang Wang,Transit Operator,53394.28,1834.4,476.32,30337.7,55705.0,86042.7,2012
Qi Wang,IS Operator-Journey,56147.0,0.0,0.0,28062.06,56147.0,84209.06,2012
Elisa Wang-Gao,Porter,51492.8,2692.5,624.0,27804.39,54809.3,82613.69,2012
Lily Wang,Payroll Clerk,54465.35,0.0,0.0,27927.34,54465.35,82392.69,2012
Tracy Wei Jun Wang,Custodian,51492.8,2692.5,624.0,27392.07,54809.3,82201.37,2012
Sara Wang,Account Clerk,52914.57,588.94,600.0,27417.03,54103.51,81520.54,2012
Min Wang,Senior Account Clerk,51603.81,469.19,0.0,27100.55,52073.0,79173.55,2012
Kanhu Wang,Custodian,45068.36,1699.0,2999.22,26664.26,49766.58,76430.84,2012
Ning Ling Wang,Custodian,44512.09,840.35,3822.16,27083.37,49174.6,76257.97,2012
Ailian Wang,Porter,45972.6,4005.58,0.0,26210.98,49978.18,76189.16,2012
Ann Chwang,Assessment Clerk,45709.07,0.0,0.0,26038.11,45709.07,71747.18,2012
Minyi Wang,Custodian,34953.3,1361.14,1061.76,20749.49,37376.2,58125.69,2012
Calvinn Wang,Police Officer,40977.5,10.68,0.0,16229.94,40988.18,57218.12,2012
Edward Wang,Account Clerk,32659.52,0.0,0.0,19063.72,32659.52,51723.24,2012
Chun Fen Wang,Health Worker 1,27634.0,844.71,860.0,16717.21,29338.71,46055.92,2012
Jennifer Wang,Environmental Assistant,17423.1,0.0,0.0,8440.84,17423.1,25863.94,2012
Joshua Wang,Police Officer,17085.0,0.0,0.0,6888.15,17085.0,23973.15,2012
Raymond Wang,Senior Personnel Clerk,14069.2,0.0,0.0,7271.61,14069.2,21340.81,2012
Phebe Wang,IS Business Analyst-Senior,14617.21,0.0,0.0,5776.29,14617.21,20393.5,2012
Ka Wang Yip,IS Business Analyst-Principal,18695.19,0.0,0.0,1546.96,18695.19,20242.15,2012
Li Zhen Wang,Custodian,15221.91,1494.47,635.84,1478.29,17352.22,18830.51,2012
Xiaojun Wang,Special Nurse,10729.38,0.0,335.09,2886.34,11064.47,13950.81,2012
Lizhen Wang,School Crossing Guard,8879.1,0.0,0.0,690.21,8879.1,9569.31,2012
Ru Xin Wang,School Crossing Guard,8288.0,0.0,0.0,720.98,8288.0,9008.98,2012
Yu-Ruo Wang,Special Nurse,6231.28,0.0,479.53,1828.48,6710.81,8539.29,2012
Raymond Wang,Library Page,7457.4,0.0,0.0,623.65,7457.4,8081.05,2012
Pornsowang Decharat,Special Nurse,3699.85,0.0,270.88,1129.72,3970.73,5100.45,2012
Christine Hwang,"BdComm Mbr, Grp3,M=$50/Mtg",1200.0,0.0,0.0,95.68,1200.0,1295.68,2012
Arthur L Wang,Manager VIII,212033.04,0.0,3433.0,63894.42,215466.04,279360.46,2013
David M Wangler,Anesthetist,196716.94,2546.94,6102.48,58681.58,205366.36,264047.94,2013
Phong  Wang,Attorney (Civil/Criminal),180051.03,0.0,1250.0,49008.89,181301.03,230309.92,2013
Christina S Wang,Clinical Pharmacist,161757.03,3967.17,269.59,44918.83,165993.79,210912.62,2013
Jane M Wang,Eng/Arch/Landscape Arch Sr,153291.54,0.0,5805.04,44536.9,159096.58,203633.48,2013
Ruth C Wang,Nurse Manager,152972.01,0.0,2868.44,45068.63,155840.45,200909.08,2013
Yu-Ruo  Wang,Registered Nurse,138213.02,3263.36,10819.54,45065.17,152295.92,197361.09,2013
Victor M Hwang,Attorney (Civil/Criminal),139819.63,0.0,1250.0,41376.37,141069.63,182446.0,2013
Pornsowang  Decharat,Registered Nurse,126090.01,2802.0,7987.07,42666.9,136879.08,179545.98,2013
Linling  Wang,IS Engineer-Senior,130038.09,0.0,9102.96,38936.3,139141.05,178077.35,2013
Jim T Wang,Engineer,132401.5,0.0,4978.65,40354.66,137380.15,177734.81,2013
Lily L Wang,Manager II,124256.32,0.0,3949.28,46831.94,128205.6,175037.54,2013
Hui-Fang  Hwang,Ct Comp App Programmer,122933.0,0.0,7264.78,38875.03,130197.78,169072.81,2013
Xing  Wang,IS Engineer-Journey,117339.54,0.0,13292.17,36460.47,130631.71,167092.18,2013
Waylen K Wang,Firefighter,115975.06,1455.76,8999.72,38396.24,126430.54,164826.78,2013
Xiaojun  Wang,Registered Nurse,114762.12,4891.48,4677.43,35997.83,124331.03,160328.86,2013
Celia F Wang,"Counselor, Family Court Svc",105497.67,0.0,14013.57,37012.78,119511.24,156524.02,2013
Hugh V Wang,Manager II,109870.71,0.0,0.0,43182.96,109870.71,153053.67,2013
Suzanne S Wang,Pr Administrative Analyst,115476.6,0.0,0.0,36090.27,115476.6,151566.87,2013
David Y Wang,Assoc Engineer,114386.01,0.0,0.0,35884.34,114386.01,150270.35,2013
Ngawang T Bista,Deputy Sheriff,86570.52,21635.24,6298.83,33308.53,114504.59,147813.12,2013
Shu Jiuan  Hwang,Benefits Supervisor,106596.01,0.0,648.0,34751.49,107244.01,141995.5,2013
Maggie W Wang,IS Business Analyst-Senior,104140.62,0.0,0.0,35468.81,104140.62,139609.43,2013
Calvinn S Wang,Police Officer,92259.07,8495.13,6001.13,32555.32,106755.33,139310.65,2013
Lulu  Mabelitini-Hwang,IT Operations Support Admin IV,104250.58,0.0,0.0,34150.94,104250.58,138401.52,2013
Shao L Wang,IT Operations Support Admin IV,104250.53,0.0,0.0,34150.94,104250.53,138401.47,2013
Donald  Wang,Airport Communications Disp,81565.68,19776.4,5831.31,30954.57,107173.39,138127.96,2013
Thomas C Wang,Planner 3,103369.46,0.0,0.0,34209.95,103369.46,137579.41,2013
Joshua L Wang,Police Officer,92259.03,5877.65,4439.06,32451.76,102575.74,135027.5,2013
Yongwen  Wang,IS Programmer Analyst-Senior,99444.53,0.0,0.0,33468.98,99444.53,132913.51,2013
George Y Wang,Transit Operator,67328.91,21927.86,5166.47,33892.14,94423.24,128315.38,2013
Yun-Chen  Wang,Senior Management Assistant,94320.55,0.0,0.0,32424.41,94320.55,126744.96,2013
James  Wang,Accountant III,94063.12,0.0,0.0,32420.64,94063.12,126483.76,2013
Wei-Min  Wang,Sr. Community Devl Spc 1,93420.09,0.0,0.0,32244.17,93420.09,125664.26,2013
Caylin C Wang,Senior Administrative Analyst,93146.81,0.0,0.0,32235.06,93146.81,125381.87,2013
Ngawang  Tashi,Licensed Vocational Nurse,64974.01,19349.77,4961.04,28387.21,89284.82,117672.03,2013
Sherry  Wang,Librarian 1,82269.08,0.0,2208.0,30445.47,84477.08,114922.55,2013
Adeline L Hwang,Librarian 1,82269.04,0.0,1585.62,30314.98,83854.66,114169.64,2013
Eric Y Wang,Police Officer,78591.0,3622.53,1839.32,27754.31,84052.85,111807.16,2013
Christina C Wang,Principal Clerk,81160.0,0.0,0.0,29761.93,81160.0,110921.93,2013
Zhi Gang  Wang,Transit Operator,66798.71,1536.39,507.46,32360.2,68842.56,101202.76,2013
Su Mei W Wang,Hospital Eligiblity Worker,71511.26,0.0,560.0,27702.43,72071.26,99773.69,2013
Paul  Wang,Transit Operator,57525.61,9373.05,3263.5,28612.63,70162.16,98774.79,2013
Rebecca L Wang,Fingerprint Technician 2,65448.01,2806.8,1688.0,26966.4,69942.81,96909.21,2013
David P Kwang,Cook,63855.05,3298.73,10.06,26325.39,67163.84,93489.23,2013
Yan Rong  Wang,Senior Account Clerk,65357.1,681.75,0.0,27264.69,66038.85,93303.54,2013
Lily C Wang,Sr Payroll & Personnel Clerk,63176.21,0.0,0.0,26852.31,63176.21,90028.52,2013
Ka Wang K Yip,IS Business Analyst-Principal,71652.23,0.0,0.0,14874.04,71652.23,86526.27,2013
Patricia Shu  Pei Wang,Health Worker 3,60115.2,727.2,544.92,24807.52,61387.32,86194.84,2013
Qi  Wang,IT Operations Support Admin I,60067.5,0.0,0.0,25594.71,60067.5,85662.21,2013
Ning Ling  Wang,Custodian,49492.85,3050.9,4308.31,26309.12,56852.06,83161.18,2013
Elisa S Wang-Gao,Porter,55026.0,2175.96,648.0,24669.82,57849.96,82519.78,2013
Tracy Wei Jun  Wang,Custodian,55026.01,2156.7,648.0,24669.82,57830.71,82500.53,2013
Ailian  Wang,Porter,51597.4,4721.19,0.0,25959.22,56318.59,82277.81,2013
Sara  Wang,Account Clerk,56538.11,0.0,720.0,25004.11,57258.11,82262.22,2013
Raymond W Wang,Senior Personnel Clerk,56656.11,0.0,0.0,25461.09,56656.11,82117.2,2013
Jennifer  Wang,Environmental Assistant,56833.8,0.0,0.0,25192.56,56833.8,82026.36,2013
Minyi  Wang,Custodian,48303.8,2092.07,4326.1,26177.01,54721.97,80898.98,2013
Kanhu  Wang,Custodian,50603.8,1024.44,2287.5,25649.92,53915.74,79565.66,2013
Min  Wang,Senior Account Clerk,53869.58,180.47,0.0,24671.81,54050.05,78721.86,2013
Ann  Chwang,ASR Senior Office Specialist,52821.02,0.0,0.0,24835.53,52821.02,77656.55,2013
Adela R Mangawang,Patient Care Assistant,53066.39,1519.8,337.51,21078.79,54923.7,76002.49,2013
Edward W Wang,Account Clerk,49446.02,0.0,0.0,25410.61,49446.02,74856.63,2013
Chun Fen  Wang,Health Worker 1,46600.01,1025.58,1220.0,25022.93,48845.59,73868.52,2013
May X M Wang,Health Care Billing Clerk 2,50520.22,265.14,0.0,20311.44,50785.36,71096.8,2013
Jeremiah H Swangler,Police Officer,50913.3,0.0,0.0,18323.88,50913.3,69237.18,2013
Angel  Wang,Physician Specialist,56172.71,0.0,0.0,11830.23,56172.71,68002.94,2013
Phieu H Hwang,Senior Eligibility Worker,40295.52,0.0,12593.44,14940.67,52888.96,67829.63,2013
Tony W Wang,Deputy Sheriff 1,40741.5,1254.07,1783.4,18007.58,43778.97,61786.55,2013
Heng  Wang,Transit Operator,27533.31,6162.54,976.48,13488.67,34672.33,48161.0,2013
Kwang-Heng G Nah,Epidemiologist 2,39097.0,0.0,0.0,6639.05,39097.0,45736.05,2013
Emily  Wang,Senior Administrative Analyst,30560.0,0.0,0.0,11204.39,30560.0,41764.39,2013
Pema  Tsewang,Patient Care Assistant,28787.04,1214.92,954.78,2011.47,30956.74,32968.21,2013
Li Zhen  Wang,Custodian,21638.29,752.85,1203.89,0.0,23595.03,23595.03,2013
Xiaojun  Wang,Special Nurse,11627.1,0.0,387.57,2275.27,12014.67,14289.94,2013
Marina  Wang,PS Aide Health Services,13064.33,0.0,0.0,130.64,13064.33,13194.97,2013
Lizhen  Wang,School Crossing Guard,9713.55,0.0,0.0,97.14,9713.55,9810.69,2013
Ru Xin  Wang,School Crossing Guard,8373.75,0.0,0.0,83.74,8373.75,8457.49,2013
Villy  Wang,"Commissioner 16.700c, No Pay",,0.0,0.0,7959.18,0.0,7959.18,2013
Liyun J Wang,Food Service Worker,6688.55,0.0,490.08,71.78,7178.63,7250.41,2013
Yu-Ruo  Wang,Special Nurse,4852.04,0.0,273.97,1048.08,5126.01,6174.09,2013
Jenny  Wang,Public Service Trainee,2927.64,0.0,0.0,29.27,2927.64,2956.91,2013
Pornsowang  Decharat,Special Nurse,955.47,0.0,95.55,220.68,1051.02,1271.7,2013
Christine S Hwang,"BdComm Mbr, Grp3,M=$50/Mtg",1200.0,0.0,0.0,12.0,1200.0,1212.0,2013
Wangsen  Xie,Public Service Trainee,585.53,0.0,0.84,5.87,586.37,592.24,2013
Zhicong  Wang,Public Service Trainee,195.18,0.0,5.07,2.0,200.25,202.25,2013
Arthur L Wang,Manager VIII,240008.92,0.0,0.0,76801.17,240008.92,316810.09,2014
David M Wangler,Anesthetist,192759.13,4477.63,10702.71,61868.36,207939.47,269807.83,2014
Phong Wang,Attorney (Civil/Criminal),178296.01,0.0,1312.5,52226.83,179608.51,231835.34,2014
Christina S Wang,Clinical Pharmacist,160798.0,3466.02,254.04,48250.48,164518.06,212768.54,2014
Jane M Wang,Eng/Arch/Landscape Arch Sr,151730.06,0.0,6275.52,47613.21,158005.58,205618.79,2014
Ruth C Wang,Nurse Manager,155382.02,0.0,910.0,47243.63,156292.02,203535.65,2014
Linling Wang,IS Engineer-Senior,128763.05,0.0,22050.94,41366.1,150813.99,192180.09,2014
Waylen K Wang,Firefighter,112734.75,22173.18,14606.33,42541.15,149514.26,192055.41,2014
Pornsowang Decharat,Registered Nurse,126419.83,1443.0,8280.15,44788.18,136142.98,180931.16,2014
Jim T Wang,Engineer,131071.0,0.0,5104.38,42946.14,136175.38,179121.52,2014
Lily L Wang,Manager II,122697.25,0.0,4870.87,49794.3,127568.12,177362.42,2014
Xing Wang,IS Engineer-Journey,116200.02,0.0,10108.13,38682.81,126308.15,164990.96,2014
Hugh V Wang,Manager II,114586.66,0.0,0.0,47626.29,114586.66,162212.95,2014
Xiaojun Wang,Registered Nurse,114952.12,5868.25,6018.7,33512.37,126839.07,160351.44,2014
Suzanne S Wang,Pr Administrative Analyst,114317.06,0.0,0.0,38282.24,114317.06,152599.3,2014
Calvinn S Wang,Police Officer,93500.63,16381.72,5989.81,35636.77,115872.16,151508.93,2014
David Y Wang,Assoc Engineer,113209.01,0.0,0.0,38043.78,113209.01,151252.79,2014
Joshua L Wang,Police Officer,91229.13,14204.41,6634.84,35099.57,112068.38,147167.95,2014
Maggie W Wang,IS Business Analyst-Senior,107819.01,0.0,0.0,38252.58,107819.01,146071.59,2014
Ka Wang K Yip,IS Business Analyst-Principal,105764.13,0.0,0.0,37768.16,105764.13,143532.29,2014
Shu Jiuan Hwang,Benefits Supervisor,105994.0,0.0,624.0,36636.25,106618.0,143254.25,2014
Lulu Mabelitini-Hwang,IT Operations Support Admin IV,103180.04,0.0,0.0,36412.57,103180.04,139592.61,2014
Shao L Wang,IT Operations Support Admin IV,103180.01,0.0,0.0,36412.57,103180.01,139592.58,2014
Thomas C Wang,Planner 3,102696.04,0.0,0.0,36306.92,102696.04,139002.96,2014
Jeremiah H Swangler,Police Officer,88842.09,10594.72,4985.12,34365.32,104421.93,138787.25,2014
Ngawang T Bista,Deputy Sheriff,90080.61,6712.34,6210.53,35589.15,103003.48,138592.63,2014
Ngawang Tashi,Licensed Vocational Nurse,67877.0,33918.53,5411.33,30904.44,107206.86,138111.3,2014
Eric Y Wang,Police Officer,88414.97,10293.06,3397.19,34281.91,102105.22,136387.13,2014
Donald Wang,Airport Communications Disp,81442.05,15155.16,5389.39,32836.91,101986.6,134823.51,2014
Yongwen Wang,IS Programmer Analyst-Senior,98471.02,0.0,0.0,35383.57,98471.02,133854.59,2014
Caylin C Wang,Senior Administrative Analyst,96914.02,0.0,0.0,35053.05,96914.02,131967.07,2014
James Wang,Accountant III,94984.01,0.0,0.0,34621.43,94984.01,129605.44,2014
Yun-Chen Wang,Senior Administrative Analyst,92924.38,0.0,0.0,34142.99,92924.38,127067.37,2014
Wei-Min Wang,Sr. Community Devl Spc 1,92886.05,0.0,0.0,34163.14,92886.05,127049.19,2014
George Y Wang,Transit Supervisor,69936.18,13811.04,4418.86,33210.96,88166.08,121377.04,2014
Adeline L Hwang,Librarian 1,81797.11,0.0,2605.32,32310.4,84402.43,116712.83,2014
Sherry Wang,Librarian 1,81797.12,0.0,2104.0,32200.08,83901.12,116101.2,2014
Tony W Wang,Deputy Sheriff (SFERS),70434.31,8719.84,5570.15,31346.34,84724.3,116070.64,2014
Emily Wang,Senior Administrative Analyst,82825.42,0.0,0.0,32801.48,82825.42,115626.9,2014
Yu-Ruo Wang,Registered Nurse,67471.02,1631.68,18156.69,22986.45,87259.39,110245.84,2014
Su Mei W Wang,Hospital Eligiblity Worker,73978.85,0.0,1000.0,30139.96,74978.85,105118.81,2014
Christina C Wang,Principal Clerk,71731.0,0.0,0.0,29539.8,71731.0,101270.8,2014
Zhi Gang Wang,Transit Operator,64184.11,2685.56,374.82,33299.92,67244.49,100544.41,2014
May X M Wang,Health Care Billing Clerk 2,68985.08,2094.32,0.0,28939.69,71079.4,100019.09,2014
Adela R Mangawang,Patient Care Assistant,67948.0,1956.45,0.0,28710.15,69904.45,98614.6,2014
Jennifer Wang,Environmental Spec,68314.01,0.0,0.0,29486.13,68314.01,97800.14,2014
Yan Rong Wang,Accountant II,67917.0,0.0,0.0,29401.99,67917.0,97318.99,2014
Rebecca L Wang,Fingerprint Technician 2,63043.53,1734.98,4922.72,27539.17,69701.23,97240.4,2014
David P Kwang,Cook,63462.01,4362.19,0.0,27732.63,67824.2,95556.83,2014
Paul Wang,Transit Operator,52335.37,12653.65,2421.81,27833.99,67410.83,95244.82,2014
Lily C Wang,Payroll Clerk,65766.25,0.0,0.0,28888.83,65766.25,94655.08,2014
Min Wang,Senior Account Clerk,60496.05,0.0,0.0,27697.2,60496.05,88193.25,2014
Ailian Wang,Porter,53912.0,3844.35,1905.63,27197.49,59661.98,86859.47,2014
Ann Chwang,ASR Senior Office Specialist,58174.11,1565.17,0.0,26584.57,59739.28,86323.85,2014
Qi Wang,IT Operations Support Admin I,59458.07,0.0,0.0,26857.57,59458.07,86315.64,2014
Minyi Wang,Custodian,50443.5,2244.51,4484.13,28330.0,57172.14,85502.14,2014
Elisa S Wang-Gao,Porter,54703.02,2532.3,624.0,25950.06,57859.32,83809.38,2014
Tracy Wei Jun Wang,Custodian,54703.0,2532.3,624.0,25950.05,57859.3,83809.35,2014
Sara Wang,Account Clerk,56165.27,0.0,980.0,26343.96,57145.27,83489.23,2014
Kanhu Wang,Custodian,52832.0,2164.78,0.0,27225.39,54996.78,82222.17,2014
Edward W Wang,Account Clerk,51616.86,0.0,0.0,27437.81,51616.86,79054.67,2014
Heng Wang,Transit Operator,35224.11,23116.7,691.22,19115.15,59032.03,78147.18,2014
Ning Ling Wang,Custodian,43089.34,2050.19,3380.94,23709.33,48520.47,72229.8,2014
Chun Fen Wang,Health Worker 1,40725.06,1065.51,1000.0,22577.21,42790.57,65367.78,2014
Patricia Shu Pei Wang,Health Worker 3,44307.29,0.0,489.34,18713.22,44796.63,63509.85,2014
Yingying Wang,Accountant III,42526.0,0.0,921.0,17091.37,43447.0,60538.37,2014
Xiaojun Wang,Special Nurse,40761.6,0.0,1400.05,7036.5,42161.65,49198.15,2014
Pema Tsewang,Patient Care Assistant,24645.8,6972.02,2110.48,14764.88,33728.3,48493.18,2014
Li Zhen Wang,Custodian,25856.95,2878.94,1654.97,12000.77,30390.86,42391.63,2014
Raymond W Wang,Senior Personnel Clerk,25758.5,0.0,0.0,11959.14,25758.5,37717.64,2014
Victor M Hwang,Attorney (Civil/Criminal),7907.5,0.0,20267.48,2474.81,28174.98,30649.79,2014
Liyun J Wang,Food Service Worker,14859.6,561.2,1077.01,5423.74,16497.81,21921.55,2014
Tim Z Wang,Transit Operator,7285.39,1646.73,27.74,2155.93,8959.86,11115.79,2014
Zhen Wang,Food Service Worker,7353.91,18.74,507.83,2694.66,7880.48,10575.14,2014
Lizhen Wang,School Crossing Guard,8857.35,0.0,0.0,88.57,8857.35,8945.92,2014
Ru Xin Wang,School Crossing Guard,8404.45,0.0,0.0,84.07,8404.45,8488.52,2014
Wanglan Wu,Patient Care Assistant,6127.6,0.0,0.0,61.29,6127.6,6188.89,2014
Wendy W Wang,"StdntDsgnTrain1, Arch/Eng/Plng",5847.0,0.0,0.0,58.47,5847.0,5905.47,2014
Yongting Wang,StdntDsgn Train2/Arch/Eng/Plng,5465.35,0.0,0.0,54.66,5465.35,5520.01,2014
Yu-Ruo Wang,Special Nurse,4234.96,0.0,243.16,823.93,4478.12,5302.05,2014
Marina Wang,PS Aide Health Services,4954.04,0.0,0.0,49.54,4954.04,5003.58,2014
Phieu H Hwang,Senior Eligibility Worker,0.0,0.0,3795.37,686.58,3795.37,4481.95,2014
Kelly X Wang,Public Service Trainee,4279.89,0.0,6.02,42.84,4285.91,4328.75,2014
Jenny Wang,Public Service Trainee,3195.15,0.0,0.0,31.94,3195.15,3227.09,2014
Wang Xun Liu,Transit Operator,1513.85,681.23,0.0,450.37,2195.08,2645.45,2014
Pornsowang Decharat,Special Nurse,1927.88,0.0,192.8,481.71,2120.68,2602.39,2014
Zhicong Wang,Public Service Trainee,2258.02,0.0,11.98,22.71,2270.0,2292.71,2014
Teresa S Wang,Publ Svc Aide-Asst to Prof,1409.97,485.92,37.69,19.33,1933.58,1952.91,2014
Wangsen Xie,Public Service Trainee,883.37,0.0,3.44,8.86,886.81,895.67,2014
Victor M Hwang,"BdComm Mbr, Grp5,M$100/Mo",736.0,0.0,0.0,43.76,736.0,779.76,2014
Christine S Hwang,"BdComm Mbr, Grp3,M=$50/Mtg",700.0,0.0,0.0,7.0,700.0,707.0,2014
Arthur L Wang,Manager VIII,253057.0,0.0,0.0,62434.57,253057.0,315491.57,2015
Phong Wang,Attorney (Civil/Criminal),185789.0,0.0,0.0,51194.66,185789.0,236983.66,2015
Christina S Wang,Clinical Pharmacist,166171.0,17783.87,0.0,46627.55,183954.87,230582.42,2015
Ruth C Wang,Nurse Manager,163930.61,0.0,875.0,49070.42,164805.61,213876.03,2015
Jane M Wang,Eng/Arch/Landscape Arch Sr,156746.06,0.0,6171.69,45701.57,162917.75,208619.32,2015
Linling Wang,IS Engineer-Senior,133087.03,0.0,21096.55,39684.59,154183.58,193868.17,2015
Pornsowang Decharat,Registered Nurse,135615.91,1638.32,9071.32,45337.63,146325.55,191663.18,2015
Jim T Wang,Eng/Arch/Landscape Arch Sr,139216.0,0.0,4705.61,41793.19,143921.61,185714.8,2015
Calvinn S Wang,Police Officer 2,103922.76,32932.29,5020.01,36029.19,141875.06,177904.25,2015
Lily L Wang,Manager II,127129.07,0.0,5610.99,42513.54,132740.06,175253.6,2015
Waylen K Wang,Firefighter,113233.59,798.32,15659.56,39549.03,129691.47,169240.5,2015
Xing Wang,IS Engineer-Journey,120111.03,688.65,10903.3,37028.39,131702.98,168731.37,2015
Hugh V Wang,Manager II,124282.41,0.0,0.0,44406.84,124282.41,168689.25,2015
Xiaojun Wang,Registered Nurse,120883.32,7164.98,6171.97,33664.8,134220.27,167885.07,2015
Ngawang T Bista,Deputy Sheriff,97347.04,22606.14,6997.63,40919.54,126950.81,167870.35,2015
Jeremiah H Swangler,Police Officer,94689.93,34988.27,3693.14,34202.98,133371.34,167574.32,2015
Joshua L Wang,Police Officer,98783.78,22760.14,5119.06,35015.63,126662.98,161678.61,2015
Suzanne S Wang,Pr Administrative Analyst,118026.8,0.0,0.0,36587.86,118026.8,154614.66,2015
Ngawang Tashi,Licensed Vocational Nurse,73659.2,43720.66,5644.9,30582.59,123024.76,153607.35,2015
Ka Wang K Yip,IS Business Analyst-Principal,114876.8,0.0,0.0,37370.36,114876.8,152247.16,2015
Maggie W Wang,IS Business Analyst-Senior,112209.05,0.0,0.0,36532.48,112209.05,148741.53,2015
Shu Jiuan Hwang,Benefits Supervisor,109563.01,0.0,624.0,35361.1,110187.01,145548.11,2015
Eric Y Wang,Police Officer,96682.68,12644.28,1136.66,34457.09,110463.62,144920.71,2015
Tony W Wang,Deputy Sheriff (SFERS),82259.71,19941.01,6348.2,33019.0,108548.92,141567.92,2015
Shao L Wang,IT Operations Support Admin IV,106605.05,0.0,0.0,34780.21,106605.05,141385.26,2015
Lulu Mabelitini-Hwang,IT Operations Support Admin IV,106605.03,0.0,0.0,34780.21,106605.03,141385.24,2015
Caylin C Wang,Senior Administrative Analyst,102019.01,0.0,0.0,33818.54,102019.01,135837.55,2015
Yongwen Wang,IS Programmer Analyst-Senior,101770.04,0.0,0.0,33766.65,101770.04,135536.69,2015
Donald Wang,Airport Communications Disp,84157.12,7989.82,6371.36,31815.22,98518.3,130333.52,2015
James Wang,Accountant IV,97429.84,0.0,0.0,31750.14,97429.84,129179.98,2015
Wei-Min Wang,Sr. Community Devl Spc 1,95968.07,0.0,0.0,32948.81,95968.07,128916.88,2015
Yingying Wang,Accountant III,95428.28,0.0,0.0,33384.87,95428.28,128813.15,2015
David Y Wang,Assoc Engineer,94703.17,0.0,0.0,31909.13,94703.17,126612.3,2015
Emily Wang,Senior Administrative Analyst,89820.41,0.0,0.0,32126.88,89820.41,121947.29,2015
Adeline L Hwang,Librarian 1,84599.1,0.0,2862.91,31153.39,87462.01,118615.4,2015
Sherry Wang,Librarian 1,84599.08,0.0,2124.0,30998.52,86723.08,117721.6,2015
Su Mei W Wang,Estate Investigator,81841.05,0.0,200.0,29594.57,82041.05,111635.62,2015
Yan Rong Wang,Accountant III,80224.03,0.0,1030.0,30245.98,81254.03,111500.01,2015
May X M Wang,Patient Accounts Clerk,71836.08,3352.57,0.0,27870.34,75188.65,103058.99,2015
Christina C Wang,Permit Technician II,74165.0,0.0,0.0,28370.24,74165.0,102535.24,2015
Jennifer Wang,Environmental Spec,73561.01,0.0,0.0,28262.06,73561.01,101823.07,2015
Adela R Mangawang,Patient Care Assistant,70245.0,3650.85,0.0,27541.02,73895.85,101436.87,2015
Rebecca L Wang,Fingerprint Technician 2,67261.03,4436.2,1624.0,27264.81,73321.23,100586.04,2015
Zhi Gang Wang,Transit Operator,65982.36,1421.92,702.6,31560.94,68106.88,99667.82,2015
Pema Tsewang,Patient Care Assistant,47205.6,22053.33,3734.64,25845.71,72993.57,98839.28,2015
David P Kwang,Cook,65592.02,6158.45,57.22,26590.45,71807.69,98398.14,2015
Lily C Wang,Payroll Clerk,69247.0,0.0,0.0,28029.83,69247.0,97276.83,2015
Min Wang,Senior Account Clerk,65027.76,0.0,0.0,27180.71,65027.76,92208.47,2015
Ning Ling Wang,Custodian,56531.0,3243.26,4873.0,27415.32,64647.26,92062.58,2015
Minyi Wang,Custodian,54728.5,2450.75,4804.61,27903.74,61983.86,89887.6,2015
Raymond W Wang,Senior Personnel Clerk,61976.84,0.0,970.0,26540.7,62946.84,89487.54,2015
Yun-Chen Wang,Senior Administrative Analyst,67130.67,0.0,60.42,22196.39,67191.09,89387.48,2015
Li Zhen Wang,Custodian,43311.01,20380.35,2943.02,22515.85,66634.38,89150.23,2015
Ann Chwang,ASR Senior Office Specialist,63109.43,0.0,0.0,26020.16,63109.43,89129.59,2015
Edward W Wang,Senior Account Clerk,60117.34,0.0,0.0,27051.59,60117.34,87168.93,2015
Qi Wang,IT Operations Support Admin I,61428.0,0.0,0.0,25310.11,61428.0,86738.11,2015
Heng Wang,Transit Operator,44701.22,15809.95,556.66,24882.98,61067.83,85950.81,2015
Ailian Wang,Porter,56531.01,2911.04,60.78,25292.07,59502.83,84794.9,2015
Sara Wang,Account Clerk,58101.05,0.0,1404.0,25287.66,59505.05,84792.71,2015
Tracy Wei Jun Wang,Custodian,56531.01,2306.55,624.0,24812.4,59461.56,84273.96,2015
Kanhu Wang,Custodian,56531.0,1965.6,0.0,25695.73,58496.6,84192.33,2015
Chun Fen Wang,Health Worker 1,52798.72,1336.6,1260.0,26509.2,55395.32,81904.52,2015
Elisa S Wang-Gao,Porter,54301.04,2306.55,600.0,23885.16,57207.59,81092.75,2015
Wang Xun Liu,Transit Operator,41697.84,3516.85,1865.09,25095.83,47079.78,72175.61,2015
Patricia Shu Pei Wang,Health Worker 3,44428.5,385.65,1021.68,19579.11,45835.83,65414.94,2015
Tim Z Wang,Transit Operator,43899.75,5500.44,1474.82,12263.87,50875.01,63138.88,2015
Paul Wang,Transit Operator,34285.86,2064.94,1315.17,22466.59,37665.97,60132.56,2015
Xiaojun Wang,Special Nurse,46241.9,0.0,1920.0,6746.74,48161.9,54908.64,2015
George Y Wang,Transit Supervisor,24081.61,4642.01,938.15,21152.8,29661.77,50814.57,2015
Aaron Wang,Police Officer,34690.3,0.0,0.0,12489.29,34690.3,47179.59,2015
Hong Xia Wang,Porter,25177.0,1128.38,1335.22,13204.93,27640.6,40845.53,2015
Liyun J Wang,Food Service Worker,20539.35,993.73,1467.35,10719.53,23000.43,33719.96,2015
Sing Wang,Legal Assistant,23537.6,0.0,0.0,8884.52,23537.6,32422.12,2015
Xiaoping Wang,Medical Evaluations Assistant,18249.7,0.0,460.0,11749.8,18709.7,30459.5,2015
Thomas C Wang,Planner 3,14196.0,0.0,2614.09,4919.08,16810.09,21729.17,2015
Dongji Wang,Payroll Clerk,13413.0,1811.65,0.0,5639.56,15224.65,20864.21,2015
Shychai Douangsawang,Publ Svc Aide-Asst to Prof,16566.01,0.0,0.0,165.67,16566.01,16731.68,2015
Yong An Wang,Transit Operator,7510.71,572.57,27.42,4183.27,8110.7,12293.97,2015
Lizhen Wang,School Crossing Guard,9763.92,0.0,0.0,97.71,9763.92,9861.63,2015
Zhengcheng Wang,"StdntDsgnTrain1, Arch/Eng/Plng",9031.5,0.0,0.0,90.32,9031.5,9121.82,2015
Ru Xin Wang,School Crossing Guard,8740.38,61.31,0.0,88.04,8801.69,8889.73,2015
Vicki Wang,Admission Attendant,8360.18,28.6,0.0,83.87,8388.78,8472.65,2015
David M Wangler,Anesthetist,0.0,0.0,8415.1,0.0,8415.1,8415.1,2015
Xueying Wang,Patient Care Assistant,6748.73,0.0,384.92,71.34,7133.65,7204.99,2015
Wanglan Wu,Patient Care Assistant,3869.0,0.0,35.12,39.07,3904.12,3943.19,2015
Jenny Wang,Public Service Trainee,3117.63,0.0,4.9,31.23,3122.53,3153.76,2015
Kelly X Wang,Public Service Trainee,2393.64,0.0,8.82,24.02,2402.46,2426.48,2015
Zilu Wang,StdntDsgn Train2/Arch/Eng/Plng,2397.44,0.0,0.0,23.97,2397.44,2421.41,2015
Teresa S Wang,PS Aide to Prof,1425.24,721.08,79.82,22.26,2226.14,2248.4,2015
Pornsowang Decharat,Special Nurse,1706.51,0.0,56.89,346.03,1763.4,2109.43,2015
Victor M Hwang,"BdComm Mbr, Grp5,M$100/Mo",1104.0,0.0,0.0,11.04,1104.0,1115.04,2015
Arthur L Wang,Managing Director,414515.72,0.0,0.0,93010.69,414515.72,507526.41,2016
Phong Wang,Attorney (Civil/Criminal),193453.62,0.0,0.0,49570.28,193453.62,243023.9,2016
Christina S Wang,Clinical Pharmacist,173088.91,16515.19,0.0,44293.01,189604.1,233897.11,2016
Ruth C Wang,Nurse Manager,177138.91,0.0,875.0,48546.06,178013.91,226559.97,2016
Jane M Wang,Eng/Arch/Landscape Arch Sr,163282.05,0.0,6284.36,43830.62,169566.41,213397.03,2016
Jim T Wang,Eng/Arch/Landscape Arch Sr,157631.12,0.0,6444.63,42837.37,164075.75,206913.12,2016
Jeremiah H Swangler,Police Officer,102026.54,54424.74,8260.32,34527.7,164711.6,199239.3,2016
Linling Wang,IS Engineer-Senior,138621.16,0.0,21686.98,38265.32,160308.14,198573.46,2016
Pornsowang Decharat,Registered Nurse,143636.75,0.0,9269.7,41293.27,152906.45,194199.72,2016
Calvinn S Wang,Police Officer 2,111383.15,33783.02,10705.4,36076.94,155871.57,191948.51,2016
Hugh V Wang,Manager II,135379.85,0.0,0.0,51450.54,135379.85,186830.39,2016
Eric Y Wang,Police Officer 2,109525.8,31920.37,4706.67,35570.64,146152.84,181723.48,2016
Ngawang T Bista,Deputy Sheriff,102559.7,25043.69,7112.95,44562.37,134716.34,179278.71,2016
Xing Wang,IS Engineer-Journey,125103.42,0.0,14925.0,35781.18,140028.42,175809.6,2016
Xiaojun Wang,Registered Nurse,129261.02,7733.91,6377.0,31731.42,143371.93,175103.35,2016
Joshua L Wang,Police Officer 2,111718.38,23885.7,1311.55,35887.85,136915.63,172803.48,2016
Ka Wang K Yip,IS Engineer-Principal,130254.51,0.0,0.0,37850.42,130254.51,168104.93,2016
David Y Wang,Engineer,130552.54,0.0,0.0,36760.3,130552.54,167312.84,2016
Waylen K Wang,Firefighter,114877.55,1195.54,7571.03,37522.46,123644.12,161166.58,2016
Tony W Wang,Deputy Sheriff (SFERS),90528.54,29682.87,6460.46,33810.42,126671.87,160482.29,2016
Suzanne S Wang,Pr Administrative Analyst,122988.12,0.0,0.0,35373.95,122988.12,158362.07,2016
James Wang,Accountant IV,120393.32,0.0,0.0,35164.4,120393.32,155557.72,2016
Emily Wang,Pr Administrative Analyst,115788.47,0.0,0.0,35579.52,115788.47,151367.99,2016
Shu Jiuan Hwang,Benefits Supervisor,114031.52,0.0,624.0,33714.96,114655.52,148370.48,2016
Shao L Wang,IT Operations Support Admin IV,113082.23,0.0,0.0,34086.4,113082.23,147168.63,2016
Lulu Mabelitini-Hwang,IT Operations Support Admin IV,113082.2,0.0,0.0,34085.75,113082.2,147167.95,2016
Ngawang Tashi,Licensed Vocational Nurse,78731.7,31969.59,6306.05,29712.12,117007.34,146719.46,2016
Heng Wang,Transit Operator,71584.65,40740.31,1605.64,32040.74,113930.6,145971.34,2016
Maggie W Wang,IS Business Analyst-Senior,107992.91,0.0,0.0,32613.7,107992.91,140606.61,2016
Caylin C Wang,Senior Administrative Analyst,106264.74,0.0,0.0,32802.74,106264.74,139067.48,2016
Yongwen Wang,IS Programmer Analyst-Senior,106001.11,0.0,0.0,32752.93,106001.11,138754.04,2016
Donald Wang,Airport Communications Disp,87423.35,12542.97,7201.74,30502.1,107168.06,137670.16,2016
Yingying Wang,Accountant III,102210.52,0.0,0.0,32937.66,102210.52,135148.18,2016
Wei-Min Wang,Sr. Community Devl Spc 1,99964.27,0.0,0.0,31537.27,99964.27,131501.54,2016
Adeline L Hwang,Librarian 1,88080.96,0.0,2797.45,29808.63,90878.41,120687.04,2016
Sherry Wang,Librarian 1,88081.0,0.0,2124.0,29683.78,90205.0,119888.78,2016
Yan Rong Wang,Senior Administrative Analyst,86517.62,0.0,2020.0,29896.72,88537.62,118434.34,2016
Su Mei W Wang,Estate Investigator,88290.72,0.0,140.0,29431.2,88430.72,117861.92,2016
Li Zhen Wang,Custodian,52801.4,33463.58,3440.65,24922.87,89705.63,114628.5,2016
Ann Chwang,IS Business Analyst-Senior,82622.4,0.0,0.0,28345.54,82622.4,110967.94,2016
May X M Wang,Patient Accounts Clerk,77005.41,3501.6,0.0,27192.15,80507.01,107699.16,2016
Jennifer Wang,Environmental Spec,76122.62,0.0,0.0,27271.86,76122.62,103394.48,2016
Zhi Gang Wang,Transit Operator,69530.44,1478.23,1658.31,30125.13,72666.98,102792.11,2016
Adela R Mangawang,Patient Care Assistant,71461.8,3796.2,0.0,25845.15,75258.0,101103.15,2016
David P Kwang,Cook,68318.3,6243.84,804.4,25665.9,75366.54,101032.44,2016
Lily L Wang,Manager II,75447.77,0.0,3151.95,22129.23,78599.72,100728.95,2016
Sing Wang,Legal Assistant,72252.71,0.0,0.0,26912.07,72252.71,99164.78,2016
Pema Tsewang,Patient Care Assistant,51608.4,18931.64,2833.48,25109.81,73373.52,98483.33,2016
Min Wang,Senior Account Clerk,69659.31,149.29,0.0,26879.31,69808.6,96687.91,2016
Raymond W Wang,Personnel Analyst,69853.75,0.0,0.0,26652.72,69853.75,96506.47,2016
Edward W Wang,Principal Account Clerk,67572.1,0.0,0.0,25999.74,67572.1,93571.84,2016
Ailian Wang,Porter,58856.0,8256.49,0.0,24356.94,67112.49,91469.43,2016
Minyi Wang,Custodian,58828.14,2903.06,3379.33,26071.19,65110.53,91181.72,2016
Qi Wang,Medical Records Clerk,65363.2,0.0,0.0,24960.26,65363.2,90323.46,2016
Lena Wang,IS Business Analyst-Senior,69016.44,0.0,0.0,21267.33,69016.44,90283.77,2016
Ning Ling Wang,Custodian,58856.01,2865.65,2918.5,24874.79,64640.16,89514.95,2016
Rebecca L Wang,Fingerprint Technician 2,60039.05,5375.74,1376.65,22522.53,66791.44,89313.97,2016
Tim Z Wang,Transit Operator,53244.32,5891.68,2253.7,27480.33,61389.7,88870.03,2016
Dongji Wang,Payroll Clerk,59966.01,3323.11,160.0,24555.66,63449.12,88004.78,2016
Patricia Shu Pei Wang,Health Worker 3,61660.54,0.0,1379.78,23439.77,63040.32,86480.09,2016
Sara Wang,Account Clerk,60468.05,0.0,1424.0,24321.82,61892.05,86213.87,2016
Tracy Wei Jun Wang,Custodian,58856.0,2054.25,624.0,23873.3,61534.25,85407.55,2016
Kanhu Wang,Custodian,58863.3,2028.9,0.0,23757.73,60892.2,84649.93,2016
Chun Fen Wang,Health Worker 1,57163.02,271.68,1220.0,25216.2,58654.7,83870.9,2016
Xiaoping Wang,Medical Evaluations Assistant,53611.63,0.0,1430.0,24959.71,55041.63,80001.34,2016
Steven Z Wang,Police Officer,57102.3,944.18,39.91,20443.1,58086.39,78529.49,2016
Diane Wang,HSA Sr Eligibility Worker,52242.3,210.68,940.0,24696.29,53392.98,78089.27,2016
Lily C Wang,Payroll Clerk,54503.78,0.0,0.0,20119.72,54503.78,74623.5,2016
Yong An Wang,Transit Operator,42019.06,5809.18,1662.09,23197.66,49490.33,72687.99,2016
Hong Xia Wang,Porter,37769.85,1048.47,2602.69,19160.69,41421.01,60581.7,2016
Nalungo N Mwanga-Conley,Senior Administrative Analyst,43861.2,0.0,0.0,14957.71,43861.2,58818.91,2016
Fei Hai Wang,Transit Operator,33000.26,2661.67,1105.04,18428.96,36766.97,55195.93,2016
John Z Wang,Stationary Engineer,41221.6,2143.35,2668.57,8966.05,46033.52,54999.57,2016
Liyun J Wang,Food Service Worker,22516.55,15920.14,1615.95,11964.83,40052.64,52017.47,2016
Christina C Wang,Permit Technician II,29260.0,0.0,9672.99,11143.35,38932.99,50076.34,2016
Xiaojun Wang,Special Nurse,35565.65,0.0,1128.19,7586.23,36693.84,44280.07,2016
Lauren E Lwanga,Public Service Trainee,28347.5,0.0,0.0,7098.64,28347.5,35446.14,2016
Xueying Wang,Patient Care Assistant,18446.8,0.0,1466.67,5026.57,19913.47,24940.04,2016
Zhengcheng Wang,"StdntDsgnTrain1, Arch/Eng/Plng",18000.5,0.0,0.0,4413.37,18000.5,22413.87,2016
George Y Wang,Transit Operator,5548.63,0.0,3163.54,8182.25,8712.17,16894.42,2016
Lizhen Wang,School Crossing Guard,10381.82,0.0,0.0,3917.44,10381.82,14299.26,2016
David Z Wang,Senior Administrative Analyst,10254.0,0.0,0.0,3463.49,10254.0,13717.49,2016
Tsewang Tsomo,Licensed Vocational Nurse,10979.27,0.0,19.0,2232.38,10998.27,13230.65,2016
Ru Xin Wang,School Crossing Guard,9226.98,0.0,0.0,3478.78,9226.98,12705.76,2016
Shao Dong Wang,Porter,6585.13,599.76,333.52,3205.23,7518.41,10723.64,2016
Villy Wang,"Commissioner 16.700c, No Pay",0.0,0.0,0.0,9393.23,0.0,9393.23,2016
Nuoyi Wang,Medical Evaluations Assistant,6732.8,420.8,155.7,1618.84,7309.3,8928.14,2016
Rolina I Wang,Public Service Trainee,4700.01,0.0,0.0,1994.55,4700.01,6694.56,2016
Kelly X Wang,Camp Assistant,4321.11,0.0,9.95,2105.33,4331.06,6436.39,2016
Shychai Douangsawang,Publ Svc Aide-Asst to Prof,3541.13,0.0,789.3,1182.64,4330.43,5513.07,2016
Paul Wang,Transit Operator,0.0,0.0,358.21,5042.94,358.21,5401.15,2016
Maria Wangamez,Public Service Trainee,3335.25,0.0,9.61,1627.51,3344.86,4972.37,2016
Elisa S Wang-Gao,Porter,0.0,0.0,4548.29,17.83,4548.29,4566.12,2016
Anoah E Wang,Public Service Trainee,1789.94,0.0,6.62,879.91,1796.56,2676.47,2016
Wang Xun Liu,Transit Operator,0.0,0.0,1883.87,0.43,1883.87,1884.3,2016
Victor M Hwang,"BdComm Mbr, Grp5,M$100/Mo",1150.0,0.0,0.0,147.21,1150.0,1297.21,2016
Wanglan Wu,Patient Care Assistant,725.6,0.0,18.14,200.65,743.74,944.39,2016
Pornsowang Decharat,Special Nurse,427.74,0.0,42.77,116.84,470.51,587.35,2016
Arthur L Wang,Managing Director,456034.86,0.0,0.0,95081.23,456034.86,551116.09,2017
Phong Wang,Attorney (Civil/Criminal),199434.01,0.0,2231.61,53498.49,201665.62,255164.11,2017
Ruth C Wang,Nurse Manager,187009.03,0.0,910.0,53233.62,187919.03,241152.65,2017
Christina S Wang,Clinical Pharmacist,178430.03,11707.45,233.84,47782.13,190371.32,238153.45,2017
Jim T Wang,Eng/Arch/Landscape Arch Sr,168366.02,0.0,6984.11,47134.68,175350.13,222484.81,2017
Jane M Wang,Eng/Arch/Landscape Arch Sr,168366.04,0.0,6702.17,46338.71,175068.21,221406.92,2017
Calvinn S Wang,Police Officer 2,118760.01,43315.16,13194.96,38622.74,175270.13,213892.87,2017
Jeremiah H Swangler,Police Officer,109130.6,53713.94,9155.03,37058.7,171999.57,209058.27,2017
Pornsowang Decharat,Registered Nurse,150732.02,0.0,9271.16,48076.16,160003.18,208079.34,2017
Linling Wang,IS Engineer-Senior,142954.05,0.0,22893.83,41198.25,165847.88,207046.13,2017
Hugh V Wang,Manager II,142053.48,0.0,0.0,49515.18,142053.48,191568.66,2017
Joshua L Wang,Police Officer 2,117226.85,26304.17,6042.45,38319.0,149573.47,187892.47,2017
Xing Wang,IS Engineer-Journey,129008.08,0.0,19888.49,38571.74,148896.57,187468.31,2017
Eric Y Wang,Police Officer 2,114191.85,27325.03,7569.88,37588.48,149086.76,186675.24,2017
Ka Wang K Yip,IS Engineer-Principal,142811.92,0.0,0.0,41998.38,142811.92,184810.3,2017
David Y Wang,Engineer,143329.7,0.0,0.0,41195.13,143329.7,184524.83,2017
Xiaojun Wang,Registered Nurse,133912.46,7446.13,6110.07,35947.82,147468.66,183416.48,2017
Emily Wang,Pr Administrative Analyst,131482.77,0.0,0.0,40055.32,131482.77,171538.09,2017
Ngawang T Bista,Deputy Sheriff,106147.86,10542.22,7396.42,45359.57,124086.5,169446.07,2017
Waylen K Wang,Firefighter,116056.83,5429.67,7298.46,39109.64,128784.96,167894.6,2017
Shao L Wang,IT Operations Support Admin V,124618.04,0.0,0.0,37991.33,124618.04,162609.37,2017
Suzanne S Wang,Pr Administrative Analyst,125447.24,0.0,0.0,36953.9,125447.24,162401.14,2017
Tony W Wang,Deputy Sheriff (SFERS),98574.32,23199.32,2191.36,35259.3,123965.0,159224.3,2017
James Wang,Accountant IV,121970.01,0.0,0.0,37167.93,121970.01,159137.94,2017
Maggie W Wang,IS Business Analyst-Senior,120516.01,0.0,0.0,37655.28,120516.01,158171.29,2017
Shu Jiuan Hwang,Benefits Supervisor,117516.0,0.0,624.0,36523.26,118140.0,154663.26,2017
Lulu Mabelitini-Hwang,IT Operations Support Admin IV,116724.03,0.0,0.0,36472.62,116724.03,153196.65,2017
Caylin C Wang,Senior Administrative Analyst,109530.04,0.0,0.0,35339.47,109530.04,144869.51,2017
Yongwen Wang,IS Programmer Analyst-Senior,109310.04,0.0,0.0,35296.79,109310.04,144606.83,2017
Ngawang Tashi,Licensed Vocational Nurse,81184.0,25083.59,6172.03,31907.08,112439.62,144346.7,2017
Donald Wang,Airport Safety Officer,92303.67,12711.94,4637.22,33037.41,109652.83,142690.24,2017
Yingying Wang,Accountant III,105388.04,0.0,0.0,35202.66,105388.04,140590.7,2017
John Z Wang,Stationary Engineer,90965.6,6835.23,7770.7,34854.86,105571.53,140426.39,2017
Wei-Min Wang,Sr. Community Devl Spc 1,103064.08,0.0,0.0,34214.54,103064.08,137278.62,2017
Heng Wang,Transit Operator,73012.52,29218.36,4275.55,30154.36,106506.43,136660.79,2017
Ann Chwang,IS Business Analyst-Senior,99408.82,0.0,0.0,33382.41,99408.82,132791.23,2017
Judy Mei Wah Chiang Wang,Medical Social Worker,96575.8,0.0,1000.0,33777.93,97575.8,131353.73,2017
Yan Rong Wang,Senior Administrative Analyst,94590.06,0.0,1440.0,32577.69,96030.06,128607.75,2017
Adeline L Hwang,Librarian 1,90832.04,0.0,2861.56,32394.68,93693.6,126088.28,2017
Nalungo N Mwanga-Conley,Senior Administrative Analyst,92609.3,0.0,0.0,32651.9,92609.3,125261.2,2017
Sherry Wang,Librarian 1,90832.08,0.0,2124.0,32253.34,92956.08,125209.42,2017
Su Mei W Wang,Estate Investigator,91026.0,0.0,1000.0,31940.56,92026.0,123966.56,2017
David Z Wang,Senior Administrative Analyst,90632.0,0.0,0.0,31507.28,90632.0,122139.28,2017
Jennifer Wang,Environmental Spec,83725.57,0.0,0.0,30640.43,83725.57,114366.0,2017
Li Zhen Wang,Custodian,57174.5,24271.4,3681.62,27851.09,85127.52,112978.61,2017
Zhi Gang Wang,Transit Operator,75013.97,3697.22,1887.18,29729.42,80598.37,110327.79,2017
May X M Wang,Patient Accounts Clerk,79392.03,367.09,0.0,29624.91,79759.12,109384.03,2017
Lena Wang,IS Business Analyst-Senior,78480.71,0.0,6020.46,24842.03,84501.17,109343.2,2017
Willy C Wang,Electrical Transit System Mech,75638.01,4060.73,0.0,29072.84,79698.74,108771.58,2017
Sing Wang,Legal Assistant,78818.42,0.0,0.0,29885.61,78818.42,108704.03,2017
Raymond W Wang,Senior Personnel Clerk,77053.31,0.0,0.0,29632.0,77053.31,106685.31,2017
Pema Tsewang,Patient Care Assistant,55849.7,21741.77,250.0,27231.64,77841.47,105073.11,2017
David P Kwang,Cook,70432.0,4986.46,1341.22,28155.55,76759.68,104915.23,2017
Tim Z Wang,Transit Operator,64693.85,5219.65,3248.86,29777.56,73162.36,102939.92,2017
Edward W Wang,Principal Account Clerk,73387.85,0.0,0.0,28923.75,73387.85,102311.6,2017
Dongji Wang,Payroll Clerk,66198.42,7054.73,1040.0,27762.84,74293.15,102055.99,2017
Min Wang,Senior Account Clerk,72146.02,0.0,0.0,29059.18,72146.02,101205.2,2017
Yong An Wang,Transit Operator,56119.62,13481.01,1197.59,28174.0,70798.22,98972.22,2017
Patricia Shu Pei Wang,Health Worker 3,70155.77,0.0,1380.0,26826.91,71535.77,98362.68,2017
Lauren E Lwanga,Environmental Health Inspector,70949.06,0.0,225.0,27177.65,71174.06,98351.71,2017
Jane J Hwang,Special Nurse,66586.75,16849.49,10771.13,942.08,94207.37,95149.45,2017
Qi Wang,IT Operations Support Admin I,67428.5,500.07,0.0,27176.63,67928.57,95105.2,2017
Rebecca L Wang,Fingerprint Technician 2,66205.01,709.56,1491.9,26224.78,68406.47,94631.25,2017
Ailian Wang,Porter,60706.0,7423.61,0.0,26449.54,68129.61,94579.15,2017
Tracy Wei Jun Wang,Window Cleaner,64866.01,1391.4,655.81,26942.92,66913.22,93856.14,2017
Minyi Wang,Custodian,60719.94,2294.4,3207.78,27033.02,66222.12,93255.14,2017
Ning Ling Wang,Custodian,60747.81,2146.93,0.0,26404.81,62894.74,89299.55,2017
Hong Xia Wang,Custodian,53653.41,3689.9,4273.88,27517.37,61617.19,89134.56,2017
Kanhu Wang,Custodian,60706.0,1758.3,0.0,25995.67,62464.3,88459.97,2017
Sara Wang,Account Clerk,59906.02,0.0,1320.0,26210.81,61226.02,87436.83,2017
Chun Fen Wang,Health Worker 1,58940.02,128.28,1260.0,26270.23,60328.3,86598.53,2017
Xiaoping Wang,Medical Evaluations Assistant,58215.57,20.71,1350.0,26778.4,59586.28,86364.68,2017
Shao Dong Wang,Porter,50267.6,2806.78,2492.06,26312.98,55566.44,81879.42,2017
Fei Hai Wang,Transit Operator,54567.27,9966.35,2126.7,12823.76,66660.32,79484.08,2017
Liyun J Wang,Food Service Worker,24366.45,30603.36,1697.8,13401.62,56667.61,70069.23,2017
Diane Wang,HSA Sr Eligibility Worker,44062.67,80.44,1180.0,22880.98,45323.11,68204.09,2017
Xueying Wang,Patient Care Assistant,38092.0,4912.71,3209.16,17907.04,46213.87,64120.91,2017
Francis Y Wang,Clinical Pharmacist,48176.01,0.0,0.0,13981.03,48176.01,62157.04,2017
Lily C Wang,Sr Payroll & Personnel Clerk,44418.02,0.0,0.0,16693.51,44418.02,61111.53,2017
Xiaojun Wang,Special Nurse,49426.03,0.0,1635.36,6741.17,51061.39,57802.56,2017
Phoebe T Hwang,Administrative Analyst,38969.6,0.0,0.0,7226.45,38969.6,46196.05,2017
Pamela Wang,Public Service Trainee,31756.0,0.0,0.0,10930.65,31756.0,42686.65,2017
Ngawang Gyaltsen,Food Service Worker,16064.55,14671.28,204.97,7573.19,30940.8,38513.99,2017
Rolina I Wang,Public Service Trainee,19752.85,0.0,960.89,11279.61,20713.74,31993.35,2017
Suji Wang,Porter,15616.0,976.23,858.88,174.51,17451.11,17625.62,2017
Steven Z Wang,Police Officer,8591.18,4753.33,184.6,3188.94,13529.11,16718.05,2017
Yumeng Wang,StdntDsgn Train2/Arch/Eng/Plng,14538.12,0.0,0.0,145.37,14538.12,14683.49,2017
Calvin C Wang,"StdntDsgnTrain1, Arch/Eng/Plng",14197.67,0.0,0.0,141.98,14197.67,14339.65,2017
Lizhen Wang,School Crossing Guard,10522.63,0.0,0.0,105.24,10522.63,10627.87,2017
Tsewang Tsomo,Licensed Vocational Nurse,10015.5,0.0,17.73,100.35,10033.23,10133.58,2017
Ru Xin Wang,School Crossing Guard,8885.33,0.0,0.0,88.86,8885.33,8974.19,2017
Adela R Mangawang,Patient Care Assistant,2575.8,429.3,4378.86,991.75,7383.96,8375.71,2017
Long D Wang,Community Police Services Aide,3513.0,0.0,0.0,1549.34,3513.0,5062.34,2017
Howard C Wang,Security Guard,4590.01,112.3,0.0,47.03,4702.31,4749.34,2017
Maria Wangamez,Public Service Trainee,3660.0,0.0,14.16,36.73,3674.16,3710.89,2017
Zhengcheng Wang,"StdntDsgnTrain1, Arch/Eng/Plng",0.0,0.0,1085.81,0.0,1085.81,1085.81,2017
Pornsowang Decharat,Special Nurse,631.88,0.0,49.79,126.02,681.67,807.69,2017
Kelly X Wang,Camp Assistant,35.2,0.0,0.98,0.36,36.18,36.54,2017
Arthur L Wang,Managing Director,415876.1,0.0,48784.5,82143.88,464660.6,546804.48,2018
Phong Wang,Attorney (Civil/Criminal),205368.03,0.0,4077.36,56624.75,209445.39,266070.14,2018
Ruth C Wang,Nurse Manager,198499.53,0.0,875.0,57288.43,199374.53,256662.96,2018
Christina S Wang,Clinical Pharmacist,183780.01,9587.94,456.81,50056.2,193824.76,243880.96,2018
Jane M Wang,Eng/Arch/Landscape Arch Sr,178476.05,0.0,5661.63,49911.83,184137.68,234049.51,2018
Jim T Wang,Eng/Arch/Landscape Arch Sr,173418.0,0.0,7604.16,49983.94,181022.16,231006.1,2018
Linling Wang,IS Engineer-Senior,147252.04,0.0,23773.68,43606.13,171025.72,214631.85,2018
Calvinn S Wang,Police Officer 2,124877.96,36480.34,10111.26,40357.22,171469.56,211826.78,2018
Ngawang T Bista,Deputy Sheriff,109829.5,39183.56,7913.87,53490.27,156926.93,210417.2,2018
Pornsowang Decharat,Registered Nurse,155264.0,0.0,4391.43,49083.39,159655.43,208738.82,2018
Jeremiah H Swangler,Police Officer 2,118686.82,36861.49,9202.2,39645.9,164750.51,204396.41,2018
Eric Y Wang,Police Officer 2,124483.25,25772.41,11312.98,40439.93,161568.64,202008.57,2018
Ka Wang K Yip,IS Engineer-Principal,154427.28,0.0,0.0,45436.35,154427.28,199863.63,2018
David Y Wang,Engineer,149836.37,0.0,0.0,43959.79,149836.37,193796.16,2018
Xing Wang,IS Engineer-Journey,132878.05,0.0,19927.17,40799.15,152805.22,193604.37,2018
Jane J Hwang,Special Nurse,122288.44,47764.42,18993.95,1890.49,189046.81,190937.3,2018
Xiaojun Wang,Registered Nurse,138276.21,7362.42,7129.82,36630.59,152768.45,189399.04,2018
Ngawang Tashi,Licensed Vocational Nurse,83612.0,55169.93,6579.71,34640.48,145361.64,180002.12,2018
Hugh V Wang,Manager II,148552.84,0.0,0.0,30641.29,148552.84,179194.13,2018
Waylen K Wang,Firefighter,120066.07,5972.45,11793.84,41263.02,137832.36,179095.38,2018
Emily Wang,Pr Administrative Analyst,131928.02,0.0,0.0,41671.07,131928.02,173599.09,2018
Suzanne S Wang,Pr Administrative Analyst,130592.04,0.0,0.0,39551.5,130592.04,170143.54,2018
Shao L Wang,IT Operations Support Admin V,129398.03,0.0,0.0,39992.91,129398.03,169390.94,2018
Caylin C Wang,Accountant IV,126520.86,0.0,0.0,39739.39,126520.86,166260.25,2018
Maggie W Wang,IS Business Analyst-Senior,124126.02,0.0,0.0,39432.31,124126.02,163558.33,2018
Shu Jiuan Hwang,Benefits Supervisor,121048.01,0.0,624.0,38585.16,121672.01,160257.17,2018
James Wang,Accountant IV,122005.07,0.0,0.0,37764.84,122005.07,159769.91,2018
Tony W Wang,Deputy Sheriff (SFERS),106828.72,11832.37,3124.27,37333.58,121785.36,159118.94,2018
Lulu Mabelitini-Hwang,IT Operations Support Admin IV,120230.06,0.0,0.0,38192.05,120230.06,158422.11,2018
Yan Rong Wang,Accountant IV,113197.11,0.0,0.0,37189.08,113197.11,150386.19,2018
Yongwen Wang,IS Programmer Analyst-Senior,112582.06,0.0,0.0,37235.34,112582.06,149817.4,2018
Willy C Wang,Electrical Transit System Mech,94548.01,15801.42,2181.17,37074.52,112530.6,149605.12,2018
Yingying Wang,Accountant III,108556.05,0.0,0.0,36840.52,108556.05,145396.57,2018
Ann Chwang,IS Business Analyst-Senior,108494.62,0.0,0.0,36413.42,108494.62,144908.04,2018
Heng Wang,Transit Operator,73150.92,34005.41,4471.47,30763.8,111627.8,142391.6,2018
Wei-Min Wang,Sr. Community Devl Spc 1,106154.02,0.0,0.0,35457.83,106154.02,141611.85,2018
Donald Wang,Aviation Security Analyst,97944.2,4028.87,4139.89,34873.29,106112.96,140986.25,2018
Nalungo N Mwanga-Conley,Senior Administrative Analyst,100141.01,0.0,0.0,35113.57,100141.01,135254.58,2018
Li Zhen Wang,Custodian,61807.2,39172.46,3960.39,29594.78,104940.05,134534.83,2018
David Z Wang,Senior Administrative Analyst,98024.0,0.0,0.0,34004.69,98024.0,132028.69,2018
Lauren E Lwanga,Environmental Health Inspector,97849.23,0.0,225.0,32990.43,98074.23,131064.66,2018
Adeline L Hwang,Librarian 1,93900.96,0.0,3010.19,33665.32,96911.15,130576.47,2018
Sherry Wang,Librarian 1,93546.03,0.0,2124.0,33365.63,95670.03,129035.66,2018
Su Mei W Wang,Estate Investigator,93766.0,0.0,1120.0,33669.64,94886.0,128555.64,2018
John Z Wang,Stationary Engineer,76179.47,10822.41,6093.6,29545.72,93095.48,122641.2,2018
Phoebe T Hwang,Senior Administrative Analyst,87905.61,0.0,400.0,32017.8,88305.61,120323.41,2018
Sing Wang,Legal Assistant,85221.84,0.0,0.0,32053.33,85221.84,117275.17,2018
Pema Tsewang,Patient Care Assistant,60370.8,25981.31,250.0,29365.28,86602.11,115967.39,2018
Tim Z Wang,Transit Operator,74141.04,4934.32,4415.41,32135.38,83490.77,115626.15,2018
David P Kwang,Cook,72588.62,7402.94,3840.99,30838.05,83832.55,114670.6,2018
Suji Wang,Porter,51454.1,32790.89,2608.77,27710.57,86853.76,114564.33,2018
Yong An Wang,Transit Operator,65499.09,14945.37,2514.91,30954.72,82959.37,113914.09,2018
May X M Wang,Patient Accounts Clerk,81768.07,523.46,0.0,30565.07,82291.53,112856.6,2018
Jennifer F Wang,Diagnostic Imaging Tech IV,84006.21,0.0,2397.35,26365.55,86403.56,112769.11,2018
Lily C Wang,Sr Payroll & Personnel Clerk,80803.84,0.0,0.0,30776.21,80803.84,111580.05,2018
Edward W Wang,Principal Account Clerk,79342.41,0.0,0.0,31021.04,79342.41,110363.45,2018
Raymond W Wang,Senior Personnel Clerk,77923.0,0.0,0.0,30084.21,77923.0,108007.21,2018
Rebecca L Wang,Fingerprint Technician 2,74314.0,2410.23,1624.0,29395.72,78348.23,107743.95,2018
Min Wang,Senior Account Clerk,74314.0,3777.09,0.0,28309.8,78091.09,106400.89,2018
Xueying Wang,Patient Care Assistant,52176.2,17985.25,3772.51,29122.21,73933.96,103056.17,2018
Ailian Wang,Porter,62516.9,11201.18,0.0,28384.62,73718.08,102102.7,2018
Patricia Shu Pei Wang,Health Worker 3,72332.22,0.0,1380.0,28171.93,73712.22,101884.15,2018
Tracy Wei Jun Wang,Window Cleaner,71592.01,0.0,666.39,29494.0,72258.4,101752.4,2018
Qi Wang,IT Operations Support Admin I,69276.0,0.0,0.0,28518.55,69276.0,97794.55,2018
Long D Wang,Community Police Services Aide,61664.71,196.57,6227.12,28231.83,68088.4,96320.23,2018
Hong Xia Wang,Custodian,58041.81,2649.74,5262.53,30075.64,65954.08,96029.72,2018
Minyi Wang,Custodian,62516.9,2963.73,546.07,27911.56,66026.7,93938.26,2018
Dongji Wang,Payroll and Personnel Clerk,63488.03,3633.31,760.0,26016.84,67881.34,93898.18,2018
Xiaoping Wang,Medical Evaluations Assistant,63283.05,22.4,1370.0,28860.2,64675.45,93535.65,2018
Kanhu Wang,Custodian,62516.9,1444.5,0.0,27523.74,63961.4,91485.14,2018
Judy Mei Wah Chiang Wang,Medical Social Worker,67678.04,0.0,400.0,23395.09,68078.04,91473.13,2018
Shao Dong Wang,Porter,54363.3,3695.11,2533.55,29066.26,60591.96,89658.22,2018
Fei Hai Wang,Transit Operator,62639.71,6234.11,3098.47,14399.07,71972.29,86371.36,2018
Diane Wang,HSA Social Worker,58111.89,0.0,1460.0,26084.91,59571.89,85656.8,2018
Chun Fen Wang,Health Worker 1,58633.31,0.0,1220.0,25110.07,59853.31,84963.38,2018
Ning Ling Wang,Custodian,57488.37,769.55,547.85,25698.29,58805.77,84504.06,2018
Huan Chen Wang,Payroll and Personnel Clerk,57961.1,0.0,0.0,24822.68,57961.1,82783.78,2018
Liyun J Wang,Food Service Worker,34587.41,25725.59,1507.98,19165.72,61820.98,80986.7,2018
Pamela Wang,Public Service Trainee,49954.0,0.0,0.0,26024.68,49954.0,75978.68,2018
Xiaojun Wang,Special Nurse,64697.9,0.0,2131.36,8663.99,66829.26,75493.25,2018
Yu Wang,Engineering Assistant,51390.33,0.0,0.0,21442.69,51390.33,72833.02,2018
Cory Wang,Transit Operator,42848.52,4162.25,1184.61,24166.54,48195.38,72361.92,2018
Howard C Wang,Security Guard,43934.07,751.28,21.78,20428.8,44707.13,65135.93,2018
Hunter Wang,Auditor II,46810.78,0.0,0.0,17003.13,46810.78,63813.91,2018
Ngawang Gyaltsen,Food Service Worker,22296.41,21986.53,797.35,13259.71,45080.29,58340.0,2018
Joshua L Wang,Police Officer 2,26063.25,3347.91,19567.09,8285.76,48978.25,57264.01,2018
Chongyi Wang,Senior Legal Process Clerk,37533.0,0.0,0.0,17547.32,37533.0,55080.32,2018
Zhen Wang,Survey Assistant II,36168.0,0.0,0.0,14081.86,36168.0,50249.86,2018
Yan Hong Wang,Custodian,29982.1,1303.12,2704.35,16136.22,33989.57,50125.79,2018
Rolina I Wang,Personnel Clerk,35619.3,0.0,0.0,12606.1,35619.3,48225.4,2018
Zhi Gang Wang,Transit Operator,31949.42,2054.84,882.31,12993.21,34886.57,47879.78,2018
Shychai Douangsawang,Victim/Witness Investigator 1,16889.4,0.0,0.0,7069.55,16889.4,23958.95,2018
Jennifer Wang,Environmental Spec,16845.17,0.0,601.65,6286.43,17446.82,23733.25,2018
Sara Wang,Account Clerk,0.0,0.0,10587.23,0.0,10587.23,10587.23,2018
Ru Xin Wang,School Crossing Guard,9560.07,0.0,0.0,95.61,9560.07,9655.68,2018
Maria T Wangamez,Recreation Leader,8008.72,0.0,19.48,80.28,8028.2,8108.48,2018
Yumeng Wang,StdntDsgn Train2/Arch/Eng/Plng,7896.55,0.0,0.0,79.0,7896.55,7975.55,2018
Lizhen Wang,School Crossing Guard,7653.87,0.0,147.26,76.54,7801.13,7877.67,2018
Kelly X Wang,Recreation Leader,6846.67,0.0,41.38,68.88,6888.05,6956.93,2018
Pornsowang Decharat,Special Nurse,2755.0,0.0,213.4,562.34,2968.4,3530.74,2018
Tsewang Tsomo,Licensed Vocational Nurse,3154.2,0.0,10.44,31.66,3164.64,3196.3,2018
Teresa S Wang,PS Aide to Prof,1714.4,490.86,70.15,22.76,2275.41,2298.17,2018
Calvin C Wang,"StdntDsgnTrain1, Arch/Eng/Plng",1101.51,0.0,0.0,11.02,1101.51,1112.53,2018
Steven Z Wang,Police Officer,0.0,3.23,0.0,0.0,3.23,3.23,2018
