"ID","Name","Gender","Level","Salary","Tax","Net.Pay","stringsAsFActors"
3462,"Employee_1","Female","Unassigned",39470,3947,35523,FALSE
3510,"Employee_2","Male","Unassigned",6552,655.2,5896.8,FALSE
9717,"Employee_3","Female","Unassigned",30504,3050.4,27453.6,FALSE
3985,"Employee_4","Male","A1",15604,1560.4,14043.6,FALSE
2841,"Employee_5","Female","Unassigned",32214,3221.4,28992.6,FALSE
4370,"Employee_6","Male","A1",15215,1521.5,13693.5,FALSE
5760,"Employee_7","Male","Unassigned",29389,2938.9,26450.1,FALSE
7745,"Employee_8","Female","Unassigned",9014,901.4,8112.6,FALSE
3756,"Employee_9","Male","Unassigned",38302,3830.2,34471.8,FALSE
6106,"Employee_10","Male","A1",14173,1417.3,12755.7,FALSE
3887,"Employee_11","Female","Unassigned",40932,4093.2,36838.8,FALSE
7169,"Employee_12","Male","Unassigned",36350,3635,32715,FALSE
3566,"Employee_13","Female","Unassigned",23536,2353.6,21182.4,FALSE
3979,"Employee_14","Male","Unassigned",5458,545.8,4912.2,FALSE
2613,"Employee_15","Female","Unassigned",35007,3500.7,31506.3,FALSE
1554,"Employee_16","Female","Unassigned",46098,4609.8,41488.2,FALSE
5468,"Employee_17","Female","A1",14034,1403.4,12630.6,FALSE
8788,"Employee_18","Female","Unassigned",33389,3338.9,30050.1,FALSE
2046,"Employee_19","Male","Unassigned",42496,4249.6,38246.4,FALSE
8066,"Employee_20","Female","Unassigned",30657,3065.7,27591.3,FALSE
4003,"Employee_21","Female","Unassigned",22932,2293.2,20638.8,FALSE
4206,"Employee_22","Female","Unassigned",36318,3631.8,32686.2,FALSE
8988,"Employee_23","Male","Unassigned",9301,930.1,8370.9,FALSE
4994,"Employee_24","Male","Unassigned",27343,2734.3,24608.7,FALSE
9357,"Employee_25","Female","Unassigned",6257,625.7,5631.3,FALSE
1216,"Employee_26","Male","Unassigned",47038,4703.8,42334.2,FALSE
9156,"Employee_27","Female","Unassigned",35226,3522.6,31703.4,FALSE
7215,"Employee_28","Male","Unassigned",30870,3087,27783,FALSE
9779,"Employee_29","Female","Unassigned",43105,4310.5,38794.5,FALSE
2598,"Employee_30","Male","Unassigned",41384,4138.4,37245.6,FALSE
5236,"Employee_31","Female","Unassigned",34331,3433.1,30897.9,FALSE
4936,"Employee_32","Male","Unassigned",40913,4091.3,36821.7,FALSE
5088,"Employee_33","Male","Unassigned",32976,3297.6,29678.4,FALSE
3906,"Employee_34","Male","Unassigned",39161,3916.1,35244.9,FALSE
1293,"Employee_35","Female","Unassigned",30643,3064.3,27578.7,FALSE
9468,"Employee_36","Female","Unassigned",40350,4035,36315,FALSE
1040,"Employee_37","Female","Unassigned",48201,4820.1,43380.9,FALSE
9507,"Employee_38","Female","A1",16340,1634,14706,FALSE
8390,"Employee_39","Male","A1",10093,1009.3,9083.7,FALSE
7671,"Employee_40","Female","A1",13904,1390.4,12513.6,FALSE
8283,"Employee_41","Male","Unassigned",46952,4695.2,42256.8,FALSE
3503,"Employee_42","Female","Unassigned",6962,696.2,6265.8,FALSE
7741,"Employee_43","Male","Unassigned",30711,3071.1,27639.9,FALSE
9943,"Employee_44","Male","Unassigned",32102,3210.2,28891.8,FALSE
9565,"Employee_45","Female","A1",12574,1257.4,11316.6,FALSE
7128,"Employee_46","Male","Unassigned",36465,3646.5,32818.5,FALSE
5611,"Employee_47","Male","A1",12558,1255.8,11302.2,FALSE
3116,"Employee_48","Female","Unassigned",45930,4593,41337,FALSE
7133,"Employee_49","Female","A1",19224,1922.4,17301.6,FALSE
1754,"Employee_50","Male","Unassigned",39695,3969.5,35725.5,FALSE
7552,"Employee_51","Male","Unassigned",9737,973.7,8763.3,FALSE
6427,"Employee_52","Male","Unassigned",30639,3063.9,27575.1,FALSE
8126,"Employee_53","Female","Unassigned",32643,3264.3,29378.7,FALSE
4357,"Employee_54","Female","Unassigned",42261,4226.1,38034.9,FALSE
4979,"Employee_55","Male","A1",14069,1406.9,12662.1,FALSE
4229,"Employee_56","Female","Unassigned",42246,4224.6,38021.4,FALSE
6602,"Employee_57","Male","Unassigned",40406,4040.6,36365.4,FALSE
5575,"Employee_58","Male","Unassigned",42207,4220.7,37986.3,FALSE
4782,"Employee_59","Female","Unassigned",29996,2999.6,26996.4,FALSE
8830,"Employee_60","Female","Unassigned",22016,2201.6,19814.4,FALSE
6966,"Employee_61","Male","Unassigned",9760,976,8784,FALSE
8815,"Employee_62","Female","Unassigned",31583,3158.3,28424.7,FALSE
2385,"Employee_63","Female","Unassigned",26511,2651.1,23859.9,FALSE
5705,"Employee_64","Female","Unassigned",44263,4426.3,39836.7,FALSE
3377,"Employee_65","Male","Unassigned",39653,3965.3,35687.7,FALSE
5043,"Employee_66","Female","A1",18762,1876.2,16885.8,FALSE
1685,"Employee_67","Female","Unassigned",35096,3509.6,31586.4,FALSE
7077,"Employee_68","Female","Unassigned",9749,974.9,8774.1,FALSE
6026,"Employee_69","Male","A1",14791,1479.1,13311.9,FALSE
7386,"Employee_70","Female","Unassigned",31333,3133.3,28199.7,FALSE
8280,"Employee_71","Female","A1",19199,1919.9,17279.1,FALSE
5714,"Employee_72","Female","Unassigned",31033,3103.3,27929.7,FALSE
1150,"Employee_73","Male","Unassigned",5162,516.2,4645.8,FALSE
7809,"Employee_74","Male","A1",13847,1384.7,12462.3,FALSE
9173,"Employee_75","Female","A1",13117,1311.7,11805.3,FALSE
7910,"Employee_76","Female","A1",17790,1779,16011,FALSE
3207,"Employee_77","Male","Unassigned",37053,3705.3,33347.7,FALSE
2028,"Employee_78","Male","A1",15332,1533.2,13798.8,FALSE
9517,"Employee_79","Male","Unassigned",32298,3229.8,29068.2,FALSE
8447,"Employee_80","Male","Unassigned",38284,3828.4,34455.6,FALSE
8734,"Employee_81","Female","Unassigned",30046,3004.6,27041.4,FALSE
9010,"Employee_82","Female","Unassigned",39213,3921.3,35291.7,FALSE
2955,"Employee_83","Female","Unassigned",37349,3734.9,33614.1,FALSE
9171,"Employee_84","Female","Unassigned",39795,3979.5,35815.5,FALSE
6357,"Employee_85","Female","Unassigned",26312,2631.2,23680.8,FALSE
6883,"Employee_86","Female","Unassigned",7825,782.5,7042.5,FALSE
5092,"Employee_87","Female","A1",10144,1014.4,9129.6,FALSE
1984,"Employee_88","Female","Unassigned",33851,3385.1,30465.9,FALSE
7182,"Employee_89","Male","Unassigned",42402,4240.2,38161.8,FALSE
1985,"Employee_90","Male","Unassigned",38470,3847,34623,FALSE
5232,"Employee_91","Male","A1",14422,1442.2,12979.8,FALSE
2583,"Employee_92","Male","Unassigned",21028,2102.8,18925.2,FALSE
5684,"Employee_93","Male","Unassigned",21300,2130,19170,FALSE
8863,"Employee_94","Female","A1",14596,1459.6,13136.4,FALSE
5775,"Employee_95","Male","Unassigned",45750,4575,41175,FALSE
7643,"Employee_96","Male","Unassigned",42105,4210.5,37894.5,FALSE
9912,"Employee_97","Female","Unassigned",25383,2538.3,22844.7,FALSE
9535,"Employee_98","Male","Unassigned",23081,2308.1,20772.9,FALSE
8477,"Employee_99","Female","Unassigned",27683,2768.3,24914.7,FALSE
3506,"Employee_100","Male","Unassigned",39489,3948.9,35540.1,FALSE
1194,"Employee_101","Male","Unassigned",29280,2928,26352,FALSE
4123,"Employee_102","Male","Unassigned",42293,4229.3,38063.7,FALSE
7677,"Employee_103","Male","Unassigned",40565,4056.5,36508.5,FALSE
5649,"Employee_104","Female","Unassigned",41379,4137.9,37241.1,FALSE
3131,"Employee_105","Female","Unassigned",49866,4986.6,44879.4,FALSE
4463,"Employee_106","Male","Unassigned",28984,2898.4,26085.6,FALSE
4948,"Employee_107","Male","Unassigned",40916,4091.6,36824.4,FALSE
8756,"Employee_108","Female","Unassigned",27134,2713.4,24420.6,FALSE
3757,"Employee_109","Female","Unassigned",37025,3702.5,33322.5,FALSE
4832,"Employee_110","Female","Unassigned",47039,4703.9,42335.1,FALSE
1711,"Employee_111","Male","Unassigned",43104,4310.4,38793.6,FALSE
6369,"Employee_112","Male","A1",16165,1616.5,14548.5,FALSE
4500,"Employee_113","Female","Unassigned",24807,2480.7,22326.3,FALSE
4068,"Employee_114","Male","Unassigned",21321,2132.1,19188.9,FALSE
9719,"Employee_115","Female","Unassigned",24076,2407.6,21668.4,FALSE
5054,"Employee_116","Male","Unassigned",44154,4415.4,39738.6,FALSE
1472,"Employee_117","Female","A1",13610,1361,12249,FALSE
7097,"Employee_118","Male","Unassigned",36166,3616.6,32549.4,FALSE
2148,"Employee_119","Male","Unassigned",20994,2099.4,18894.6,FALSE
3036,"Employee_120","Male","A1",15401,1540.1,13860.9,FALSE
3312,"Employee_121","Male","Unassigned",20302,2030.2,18271.8,FALSE
8740,"Employee_122","Female","Unassigned",43375,4337.5,39037.5,FALSE
9649,"Employee_123","Male","Unassigned",27231,2723.1,24507.9,FALSE
2077,"Employee_124","Male","Unassigned",45210,4521,40689,FALSE
6014,"Employee_125","Male","Unassigned",29509,2950.9,26558.1,FALSE
6657,"Employee_126","Female","Unassigned",45132,4513.2,40618.8,FALSE
7378,"Employee_127","Male","A1",19094,1909.4,17184.6,FALSE
2312,"Employee_128","Female","Unassigned",20394,2039.4,18354.6,FALSE
1184,"Employee_129","Male","Unassigned",33540,3354,30186,FALSE
8932,"Employee_130","Female","Unassigned",35540,3554,31986,FALSE
1412,"Employee_131","Male","Unassigned",20285,2028.5,18256.5,FALSE
5722,"Employee_132","Male","Unassigned",37579,3757.9,33821.1,FALSE
2332,"Employee_133","Male","Unassigned",40868,4086.8,36781.2,FALSE
5874,"Employee_134","Male","A1",15549,1554.9,13994.1,FALSE
1563,"Employee_135","Female","Unassigned",43635,4363.5,39271.5,FALSE
4798,"Employee_136","Male","Unassigned",27039,2703.9,24335.1,FALSE
5255,"Employee_137","Female","Unassigned",32244,3224.4,29019.6,FALSE
4580,"Employee_138","Female","A1",11510,1151,10359,FALSE
4128,"Employee_139","Female","Unassigned",30357,3035.7,27321.3,FALSE
7600,"Employee_140","Female","Unassigned",38837,3883.7,34953.3,FALSE
5712,"Employee_141","Male","Unassigned",7750,775,6975,FALSE
9548,"Employee_142","Male","Unassigned",33998,3399.8,30598.2,FALSE
1278,"Employee_143","Male","Unassigned",44243,4424.3,39818.7,FALSE
5365,"Employee_144","Female","A1",12634,1263.4,11370.6,FALSE
7789,"Employee_145","Female","Unassigned",20192,2019.2,18172.8,FALSE
7490,"Employee_146","Male","A1",12788,1278.8,11509.2,FALSE
4200,"Employee_147","Female","Unassigned",6701,670.1,6030.9,FALSE
3265,"Employee_148","Male","A1",14019,1401.9,12617.1,FALSE
1617,"Employee_149","Female","Unassigned",35244,3524.4,31719.6,FALSE
2904,"Employee_150","Female","A1",12347,1234.7,11112.3,FALSE
9528,"Employee_151","Female","Unassigned",43151,4315.1,38835.9,FALSE
1538,"Employee_152","Male","Unassigned",5755,575.5,5179.5,FALSE
4624,"Employee_153","Female","Unassigned",25621,2562.1,23058.9,FALSE
7867,"Employee_154","Male","A1",18156,1815.6,16340.4,FALSE
4461,"Employee_155","Male","Unassigned",34905,3490.5,31414.5,FALSE
6617,"Employee_156","Female","Unassigned",41479,4147.9,37331.1,FALSE
7814,"Employee_157","Female","Unassigned",32929,3292.9,29636.1,FALSE
8004,"Employee_158","Female","A1",19599,1959.9,17639.1,FALSE
7800,"Employee_159","Male","Unassigned",6362,636.2,5725.8,FALSE
4007,"Employee_160","Female","A1",17545,1754.5,15790.5,FALSE
7803,"Employee_161","Male","Unassigned",7969,796.9,7172.1,FALSE
3210,"Employee_162","Female","A1",19404,1940.4,17463.6,FALSE
3285,"Employee_163","Male","Unassigned",31935,3193.5,28741.5,FALSE
6792,"Employee_164","Male","Unassigned",20197,2019.7,18177.3,FALSE
8683,"Employee_165","Female","Unassigned",8123,812.3,7310.7,FALSE
9935,"Employee_166","Male","Unassigned",41233,4123.3,37109.7,FALSE
6508,"Employee_167","Female","Unassigned",8463,846.3,7616.7,FALSE
5212,"Employee_168","Male","A1",10798,1079.8,9718.2,FALSE
8825,"Employee_169","Female","Unassigned",30580,3058,27522,FALSE
2705,"Employee_170","Female","Unassigned",23652,2365.2,21286.8,FALSE
8878,"Employee_171","Female","Unassigned",37838,3783.8,34054.2,FALSE
9080,"Employee_172","Male","Unassigned",6788,678.8,6109.2,FALSE
1987,"Employee_173","Male","Unassigned",6645,664.5,5980.5,FALSE
9977,"Employee_174","Female","Unassigned",33433,3343.3,30089.7,FALSE
5806,"Employee_175","Male","Unassigned",47818,4781.8,43036.2,FALSE
6587,"Employee_176","Male","A1",11846,1184.6,10661.4,FALSE
4808,"Employee_177","Male","Unassigned",46325,4632.5,41692.5,FALSE
8425,"Employee_178","Female","Unassigned",27848,2784.8,25063.2,FALSE
3224,"Employee_179","Male","Unassigned",47672,4767.2,42904.8,FALSE
2164,"Employee_180","Female","Unassigned",9960,996,8964,FALSE
7082,"Employee_181","Female","Unassigned",46889,4688.9,42200.1,FALSE
8633,"Employee_182","Male","Unassigned",8003,800.3,7202.7,FALSE
3212,"Employee_183","Male","Unassigned",44900,4490,40410,FALSE
2611,"Employee_184","Female","Unassigned",30774,3077.4,27696.6,FALSE
4852,"Employee_185","Female","Unassigned",33646,3364.6,30281.4,FALSE
6564,"Employee_186","Male","Unassigned",6564,656.4,5907.6,FALSE
1709,"Employee_187","Male","Unassigned",35739,3573.9,32165.1,FALSE
9041,"Employee_188","Male","A1",17247,1724.7,15522.3,FALSE
2257,"Employee_189","Female","Unassigned",32723,3272.3,29450.7,FALSE
3469,"Employee_190","Female","Unassigned",21875,2187.5,19687.5,FALSE
3111,"Employee_191","Male","A1",12178,1217.8,10960.2,FALSE
7223,"Employee_192","Male","A1",11533,1153.3,10379.7,FALSE
4034,"Employee_193","Male","Unassigned",28350,2835,25515,FALSE
3338,"Employee_194","Female","Unassigned",39173,3917.3,35255.7,FALSE
7908,"Employee_195","Male","Unassigned",9892,989.2,8902.8,FALSE
2346,"Employee_196","Female","Unassigned",7436,743.6,6692.4,FALSE
7622,"Employee_197","Female","Unassigned",32784,3278.4,29505.6,FALSE
8727,"Employee_198","Male","Unassigned",41622,4162.2,37459.8,FALSE
6000,"Employee_199","Female","A1",18532,1853.2,16678.8,FALSE
6406,"Employee_200","Male","Unassigned",46512,4651.2,41860.8,FALSE
6853,"Employee_201","Male","A1",19667,1966.7,17700.3,FALSE
5387,"Employee_202","Female","Unassigned",26555,2655.5,23899.5,FALSE
6345,"Employee_203","Male","Unassigned",39446,3944.6,35501.4,FALSE
2707,"Employee_204","Male","A1",10458,1045.8,9412.2,FALSE
5700,"Employee_205","Male","Unassigned",36991,3699.1,33291.9,FALSE
2834,"Employee_206","Male","A1",10575,1057.5,9517.5,FALSE
4110,"Employee_207","Female","A1",13113,1311.3,11801.7,FALSE
7308,"Employee_208","Male","Unassigned",45331,4533.1,40797.9,FALSE
9928,"Employee_209","Male","Unassigned",9738,973.8,8764.2,FALSE
9274,"Employee_210","Male","Unassigned",38597,3859.7,34737.3,FALSE
4467,"Employee_211","Female","Unassigned",41480,4148,37332,FALSE
8376,"Employee_212","Female","Unassigned",47964,4796.4,43167.6,FALSE
5171,"Employee_213","Female","Unassigned",7059,705.9,6353.1,FALSE
6213,"Employee_214","Male","Unassigned",44403,4440.3,39962.7,FALSE
8384,"Employee_215","Male","A1",13343,1334.3,12008.7,FALSE
8089,"Employee_216","Male","Unassigned",5351,535.1,4815.9,FALSE
7517,"Employee_217","Female","Unassigned",34330,3433,30897,FALSE
3162,"Employee_218","Female","Unassigned",6190,619,5571,FALSE
6496,"Employee_219","Female","Unassigned",32953,3295.3,29657.7,FALSE
8632,"Employee_220","Female","Unassigned",27659,2765.9,24893.1,FALSE
1681,"Employee_221","Male","Unassigned",49321,4932.1,44388.9,FALSE
8081,"Employee_222","Male","Unassigned",44395,4439.5,39955.5,FALSE
2561,"Employee_223","Female","A1",19565,1956.5,17608.5,FALSE
7540,"Employee_224","Male","Unassigned",35932,3593.2,32338.8,FALSE
4813,"Employee_225","Male","A1",13658,1365.8,12292.2,FALSE
5051,"Employee_226","Female","Unassigned",29134,2913.4,26220.6,FALSE
9175,"Employee_227","Female","Unassigned",20836,2083.6,18752.4,FALSE
6566,"Employee_228","Female","Unassigned",26770,2677,24093,FALSE
2361,"Employee_229","Female","Unassigned",44072,4407.2,39664.8,FALSE
3153,"Employee_230","Female","Unassigned",48900,4890,44010,FALSE
4958,"Employee_231","Female","Unassigned",22440,2244,20196,FALSE
7154,"Employee_232","Female","Unassigned",35535,3553.5,31981.5,FALSE
5720,"Employee_233","Male","Unassigned",44499,4449.9,40049.1,FALSE
1385,"Employee_234","Male","Unassigned",31637,3163.7,28473.3,FALSE
9332,"Employee_235","Male","Unassigned",40402,4040.2,36361.8,FALSE
1030,"Employee_236","Male","Unassigned",37816,3781.6,34034.4,FALSE
5189,"Employee_237","Female","Unassigned",6776,677.6,6098.4,FALSE
4785,"Employee_238","Female","Unassigned",25623,2562.3,23060.7,FALSE
8587,"Employee_239","Male","Unassigned",27244,2724.4,24519.6,FALSE
9369,"Employee_240","Female","Unassigned",6002,600.2,5401.8,FALSE
6531,"Employee_241","Female","Unassigned",35275,3527.5,31747.5,FALSE
5619,"Employee_242","Female","Unassigned",42983,4298.3,38684.7,FALSE
6697,"Employee_243","Female","Unassigned",48699,4869.9,43829.1,FALSE
1203,"Employee_244","Female","A1",19631,1963.1,17667.9,FALSE
4246,"Employee_245","Male","Unassigned",37479,3747.9,33731.1,FALSE
3420,"Employee_246","Female","Unassigned",29225,2922.5,26302.5,FALSE
9855,"Employee_247","Female","Unassigned",32202,3220.2,28981.8,FALSE
8631,"Employee_248","Female","Unassigned",27783,2778.3,25004.7,FALSE
3431,"Employee_249","Female","Unassigned",28555,2855.5,25699.5,FALSE
6241,"Employee_250","Female","Unassigned",30680,3068,27612,FALSE
8566,"Employee_251","Male","Unassigned",40472,4047.2,36424.8,FALSE
3362,"Employee_252","Male","Unassigned",41572,4157.2,37414.8,FALSE
1258,"Employee_253","Male","A1",12365,1236.5,11128.5,FALSE
6984,"Employee_254","Male","Unassigned",22954,2295.4,20658.6,FALSE
6408,"Employee_255","Male","Unassigned",41834,4183.4,37650.6,FALSE
8215,"Employee_256","Male","Unassigned",45268,4526.8,40741.2,FALSE
2324,"Employee_257","Female","Unassigned",43492,4349.2,39142.8,FALSE
5105,"Employee_258","Female","A1",10391,1039.1,9351.9,FALSE
5265,"Employee_259","Male","Unassigned",41848,4184.8,37663.2,FALSE
4351,"Employee_260","Female","Unassigned",9868,986.8,8881.2,FALSE
8515,"Employee_261","Female","Unassigned",39590,3959,35631,FALSE
5070,"Employee_262","Female","Unassigned",7472,747.2,6724.8,FALSE
3449,"Employee_263","Female","Unassigned",35742,3574.2,32167.8,FALSE
2232,"Employee_264","Female","Unassigned",23936,2393.6,21542.4,FALSE
2672,"Employee_265","Male","Unassigned",9389,938.9,8450.1,FALSE
4466,"Employee_266","Female","Unassigned",47983,4798.3,43184.7,FALSE
5356,"Employee_267","Female","A1",13912,1391.2,12520.8,FALSE
3588,"Employee_268","Female","Unassigned",22561,2256.1,20304.9,FALSE
7469,"Employee_269","Male","Unassigned",29474,2947.4,26526.6,FALSE
6193,"Employee_270","Female","A1",15173,1517.3,13655.7,FALSE
3329,"Employee_271","Male","A1",13544,1354.4,12189.6,FALSE
2608,"Employee_272","Male","Unassigned",28568,2856.8,25711.2,FALSE
4338,"Employee_273","Female","A1",19470,1947,17523,FALSE
7006,"Employee_274","Male","Unassigned",40543,4054.3,36488.7,FALSE
6381,"Employee_275","Male","A1",14495,1449.5,13045.5,FALSE
2759,"Employee_276","Male","A1",17333,1733.3,15599.7,FALSE
9756,"Employee_277","Male","A1",14264,1426.4,12837.6,FALSE
6338,"Employee_278","Female","A1",14045,1404.5,12640.5,FALSE
7839,"Employee_279","Female","Unassigned",45825,4582.5,41242.5,FALSE
4423,"Employee_280","Male","A1",15846,1584.6,14261.4,FALSE
6085,"Employee_281","Female","A1",10788,1078.8,9709.2,FALSE
5547,"Employee_282","Female","Unassigned",34396,3439.6,30956.4,FALSE
2947,"Employee_283","Male","A1",14776,1477.6,13298.4,FALSE
6698,"Employee_284","Female","Unassigned",45392,4539.2,40852.8,FALSE
2959,"Employee_285","Male","Unassigned",5353,535.3,4817.7,FALSE
1645,"Employee_286","Male","Unassigned",22520,2252,20268,FALSE
2059,"Employee_287","Female","Unassigned",26459,2645.9,23813.1,FALSE
4126,"Employee_288","Female","Unassigned",33708,3370.8,30337.2,FALSE
2263,"Employee_289","Male","A1",12305,1230.5,11074.5,FALSE
5083,"Employee_290","Male","Unassigned",42830,4283,38547,FALSE
4081,"Employee_291","Female","Unassigned",42630,4263,38367,FALSE
4493,"Employee_292","Female","A1",19609,1960.9,17648.1,FALSE
6731,"Employee_293","Male","Unassigned",45134,4513.4,40620.6,FALSE
2203,"Employee_294","Male","A1",16454,1645.4,14808.6,FALSE
5373,"Employee_295","Female","Unassigned",8252,825.2,7426.8,FALSE
9432,"Employee_296","Male","A1",11332,1133.2,10198.8,FALSE
5119,"Employee_297","Female","Unassigned",48433,4843.3,43589.7,FALSE
7822,"Employee_298","Male","Unassigned",49077,4907.7,44169.3,FALSE
8726,"Employee_299","Male","Unassigned",45498,4549.8,40948.2,FALSE
9123,"Employee_300","Female","Unassigned",5673,567.3,5105.7,FALSE
3084,"Employee_301","Male","A1",13374,1337.4,12036.6,FALSE
6422,"Employee_302","Male","Unassigned",31233,3123.3,28109.7,FALSE
2742,"Employee_303","Female","Unassigned",39202,3920.2,35281.8,FALSE
4983,"Employee_304","Male","Unassigned",8210,821,7389,FALSE
8879,"Employee_305","Female","Unassigned",35445,3544.5,31900.5,FALSE
6790,"Employee_306","Male","Unassigned",25664,2566.4,23097.6,FALSE
9569,"Employee_307","Female","A1",11194,1119.4,10074.6,FALSE
1548,"Employee_308","Female","Unassigned",32250,3225,29025,FALSE
6734,"Employee_309","Female","Unassigned",46277,4627.7,41649.3,FALSE
3095,"Employee_310","Female","A1",18343,1834.3,16508.7,FALSE
5488,"Employee_311","Female","A1",18761,1876.1,16884.9,FALSE
9994,"Employee_312","Male","A1",19406,1940.6,17465.4,FALSE
5765,"Employee_313","Male","Unassigned",22690,2269,20421,FALSE
6308,"Employee_314","Male","Unassigned",6610,661,5949,FALSE
9137,"Employee_315","Female","Unassigned",33538,3353.8,30184.2,FALSE
9502,"Employee_316","Female","Unassigned",29824,2982.4,26841.6,FALSE
7332,"Employee_317","Male","Unassigned",49331,4933.1,44397.9,FALSE
2441,"Employee_318","Male","Unassigned",38777,3877.7,34899.3,FALSE
6501,"Employee_319","Female","Unassigned",28263,2826.3,25436.7,FALSE
3085,"Employee_320","Male","A1",11505,1150.5,10354.5,FALSE
1318,"Employee_321","Female","Unassigned",46560,4656,41904,FALSE
3893,"Employee_322","Male","A1",15556,1555.6,14000.4,FALSE
8569,"Employee_323","Male","Unassigned",35013,3501.3,31511.7,FALSE
2665,"Employee_324","Male","Unassigned",31366,3136.6,28229.4,FALSE
9311,"Employee_325","Female","Unassigned",46306,4630.6,41675.4,FALSE
3759,"Employee_326","Male","Unassigned",33622,3362.2,30259.8,FALSE
8498,"Employee_327","Female","A1",17210,1721,15489,FALSE
2556,"Employee_328","Male","Unassigned",8301,830.1,7470.9,FALSE
7584,"Employee_329","Male","Unassigned",7634,763.4,6870.6,FALSE
8366,"Employee_330","Male","Unassigned",48314,4831.4,43482.6,FALSE
4570,"Employee_331","Female","Unassigned",22303,2230.3,20072.7,FALSE
1598,"Employee_332","Male","A1",16275,1627.5,14647.5,FALSE
9972,"Employee_333","Male","Unassigned",49947,4994.7,44952.3,FALSE
7820,"Employee_334","Female","A1",13411,1341.1,12069.9,FALSE
1133,"Employee_335","Male","A1",16435,1643.5,14791.5,FALSE
5519,"Employee_336","Female","Unassigned",23534,2353.4,21180.6,FALSE
7149,"Employee_337","Female","A1",15628,1562.8,14065.2,FALSE
4199,"Employee_338","Male","A1",11763,1176.3,10586.7,FALSE
6919,"Employee_339","Male","Unassigned",41965,4196.5,37768.5,FALSE
9240,"Employee_340","Female","Unassigned",46451,4645.1,41805.9,FALSE
6595,"Employee_341","Male","A1",16785,1678.5,15106.5,FALSE
4310,"Employee_342","Female","A1",17082,1708.2,15373.8,FALSE
8507,"Employee_343","Male","Unassigned",35934,3593.4,32340.6,FALSE
1192,"Employee_344","Male","Unassigned",35548,3554.8,31993.2,FALSE
5398,"Employee_345","Female","Unassigned",6471,647.1,5823.9,FALSE
8041,"Employee_346","Male","Unassigned",47867,4786.7,43080.3,FALSE
4695,"Employee_347","Male","Unassigned",32812,3281.2,29530.8,FALSE
1190,"Employee_348","Female","Unassigned",23969,2396.9,21572.1,FALSE
7589,"Employee_349","Male","Unassigned",36460,3646,32814,FALSE
7262,"Employee_350","Male","Unassigned",20482,2048.2,18433.8,FALSE
4698,"Employee_351","Male","Unassigned",8826,882.6,7943.4,FALSE
8689,"Employee_352","Male","A1",13259,1325.9,11933.1,FALSE
5912,"Employee_353","Female","A1",15679,1567.9,14111.1,FALSE
2315,"Employee_354","Male","Unassigned",21950,2195,19755,FALSE
2396,"Employee_355","Male","A1",19499,1949.9,17549.1,FALSE
6654,"Employee_356","Female","Unassigned",34707,3470.7,31236.3,FALSE
9782,"Employee_357","Male","Unassigned",28581,2858.1,25722.9,FALSE
6719,"Employee_358","Male","Unassigned",37983,3798.3,34184.7,FALSE
4715,"Employee_359","Male","Unassigned",40297,4029.7,36267.3,FALSE
6322,"Employee_360","Female","Unassigned",40715,4071.5,36643.5,FALSE
4317,"Employee_361","Female","A1",18010,1801,16209,FALSE
2463,"Employee_362","Female","Unassigned",20610,2061,18549,FALSE
1250,"Employee_363","Male","Unassigned",45571,4557.1,41013.9,FALSE
3607,"Employee_364","Female","Unassigned",45702,4570.2,41131.8,FALSE
3592,"Employee_365","Male","Unassigned",42271,4227.1,38043.9,FALSE
3209,"Employee_366","Female","Unassigned",26335,2633.5,23701.5,FALSE
6441,"Employee_367","Female","Unassigned",29255,2925.5,26329.5,FALSE
7311,"Employee_368","Female","Unassigned",48473,4847.3,43625.7,FALSE
7931,"Employee_369","Male","Unassigned",29216,2921.6,26294.4,FALSE
7221,"Employee_370","Female","Unassigned",20126,2012.6,18113.4,FALSE
1664,"Employee_371","Male","Unassigned",21887,2188.7,19698.3,FALSE
2516,"Employee_372","Male","A1",18834,1883.4,16950.6,FALSE
9670,"Employee_373","Male","A1",11471,1147.1,10323.9,FALSE
6543,"Employee_374","Male","A1",15246,1524.6,13721.4,FALSE
4042,"Employee_375","Female","A1",16091,1609.1,14481.9,FALSE
9286,"Employee_376","Male","Unassigned",28947,2894.7,26052.3,FALSE
9570,"Employee_377","Female","Unassigned",23504,2350.4,21153.6,FALSE
2365,"Employee_378","Female","Unassigned",9342,934.2,8407.8,FALSE
1447,"Employee_379","Female","A1",19312,1931.2,17380.8,FALSE
1241,"Employee_380","Female","Unassigned",22225,2222.5,20002.5,FALSE
8070,"Employee_381","Male","A1",18460,1846,16614,FALSE
8995,"Employee_382","Female","Unassigned",21224,2122.4,19101.6,FALSE
8069,"Employee_383","Male","Unassigned",5913,591.3,5321.7,FALSE
1406,"Employee_384","Female","Unassigned",5527,552.7,4974.3,FALSE
7372,"Employee_385","Female","Unassigned",41845,4184.5,37660.5,FALSE
8391,"Employee_386","Female","Unassigned",5662,566.2,5095.8,FALSE
3832,"Employee_387","Female","A1",18761,1876.1,16884.9,FALSE
2497,"Employee_388","Female","Unassigned",44958,4495.8,40462.2,FALSE
9184,"Employee_389","Male","A1",19893,1989.3,17903.7,FALSE
5313,"Employee_390","Male","Unassigned",35480,3548,31932,FALSE
4555,"Employee_391","Female","A1",15581,1558.1,14022.9,FALSE
5743,"Employee_392","Male","A1",11600,1160,10440,FALSE
1078,"Employee_393","Male","Unassigned",45354,4535.4,40818.6,FALSE
4235,"Employee_394","Female","Unassigned",30035,3003.5,27031.5,FALSE
7380,"Employee_395","Male","A1",12160,1216,10944,FALSE
5674,"Employee_396","Male","Unassigned",30604,3060.4,27543.6,FALSE
2830,"Employee_397","Female","Unassigned",9481,948.1,8532.9,FALSE
3976,"Employee_398","Male","Unassigned",49287,4928.7,44358.3,FALSE
5517,"Employee_399","Female","Unassigned",48424,4842.4,43581.6,FALSE
2819,"Employee_400","Male","Unassigned",8801,880.1,7920.9,FALSE
5694,"Employee_401","Male","Unassigned",22162,2216.2,19945.8,FALSE
4764,"Employee_402","Female","Unassigned",43025,4302.5,38722.5,FALSE
3405,"Employee_403","Female","A1",13837,1383.7,12453.3,FALSE
1903,"Employee_404","Female","Unassigned",21647,2164.7,19482.3,FALSE
5943,"Employee_405","Male","A1",17908,1790.8,16117.2,FALSE
5545,"Employee_406","Female","A1",18053,1805.3,16247.7,FALSE
5136,"Employee_407","Male","Unassigned",7228,722.8,6505.2,FALSE
4768,"Employee_408","Female","Unassigned",8102,810.2,7291.8,FALSE
9392,"Employee_409","Male","Unassigned",29778,2977.8,26800.2,FALSE
1051,"Employee_410","Male","Unassigned",37410,3741,33669,FALSE
6344,"Employee_411","Male","Unassigned",20328,2032.8,18295.2,FALSE
4841,"Employee_412","Female","Unassigned",21679,2167.9,19511.1,FALSE
1576,"Employee_413","Male","A1",19187,1918.7,17268.3,FALSE
5552,"Employee_414","Female","Unassigned",22193,2219.3,19973.7,FALSE
2014,"Employee_415","Female","Unassigned",47641,4764.1,42876.9,FALSE
5044,"Employee_416","Male","Unassigned",48647,4864.7,43782.3,FALSE
2229,"Employee_417","Female","Unassigned",48759,4875.9,43883.1,FALSE
3171,"Employee_418","Female","Unassigned",39564,3956.4,35607.6,FALSE
3787,"Employee_419","Female","A1",13817,1381.7,12435.3,FALSE
4352,"Employee_420","Male","Unassigned",46099,4609.9,41489.1,FALSE
7796,"Employee_421","Male","Unassigned",39701,3970.1,35730.9,FALSE
3003,"Employee_422","Female","Unassigned",46614,4661.4,41952.6,FALSE
8305,"Employee_423","Male","Unassigned",30978,3097.8,27880.2,FALSE
1605,"Employee_424","Male","A1",10082,1008.2,9073.8,FALSE
8592,"Employee_425","Male","Unassigned",48578,4857.8,43720.2,FALSE
8947,"Employee_426","Female","A1",11024,1102.4,9921.6,FALSE
4079,"Employee_427","Male","Unassigned",48307,4830.7,43476.3,FALSE
1838,"Employee_428","Male","A1",17780,1778,16002,FALSE
4238,"Employee_429","Female","Unassigned",39045,3904.5,35140.5,FALSE
8422,"Employee_430","Female","Unassigned",41903,4190.3,37712.7,FALSE
2657,"Employee_431","Female","Unassigned",35929,3592.9,32336.1,FALSE
3949,"Employee_432","Female","Unassigned",33437,3343.7,30093.3,FALSE
9262,"Employee_433","Female","Unassigned",5677,567.7,5109.3,FALSE
6891,"Employee_434","Female","Unassigned",39887,3988.7,35898.3,FALSE
5041,"Employee_435","Male","A1",12530,1253,11277,FALSE
5015,"Employee_436","Female","A1",10080,1008,9072,FALSE
7919,"Employee_437","Female","Unassigned",36762,3676.2,33085.8,FALSE
5971,"Employee_438","Male","Unassigned",30196,3019.6,27176.4,FALSE
4508,"Employee_439","Female","Unassigned",46113,4611.3,41501.7,FALSE
6869,"Employee_440","Male","Unassigned",24459,2445.9,22013.1,FALSE
1269,"Employee_441","Female","Unassigned",29502,2950.2,26551.8,FALSE
2435,"Employee_442","Female","A1",15354,1535.4,13818.6,FALSE
5723,"Employee_443","Male","Unassigned",48549,4854.9,43694.1,FALSE
3578,"Employee_444","Male","Unassigned",27053,2705.3,24347.7,FALSE
9615,"Employee_445","Male","Unassigned",40566,4056.6,36509.4,FALSE
8387,"Employee_446","Female","Unassigned",43435,4343.5,39091.5,FALSE
8859,"Employee_447","Female","Unassigned",25139,2513.9,22625.1,FALSE
4293,"Employee_448","Female","Unassigned",38414,3841.4,34572.6,FALSE
1835,"Employee_449","Male","Unassigned",25718,2571.8,23146.2,FALSE
1601,"Employee_450","Female","Unassigned",35602,3560.2,32041.8,FALSE
9522,"Employee_451","Male","Unassigned",46989,4698.9,42290.1,FALSE
5996,"Employee_452","Male","A1",16620,1662,14958,FALSE
1290,"Employee_453","Female","Unassigned",43153,4315.3,38837.7,FALSE
8876,"Employee_454","Female","Unassigned",5742,574.2,5167.8,FALSE
5924,"Employee_455","Male","Unassigned",28771,2877.1,25893.9,FALSE
3776,"Employee_456","Male","Unassigned",48068,4806.8,43261.2,FALSE
8728,"Employee_457","Male","Unassigned",30272,3027.2,27244.8,FALSE
2364,"Employee_458","Female","Unassigned",40531,4053.1,36477.9,FALSE
8487,"Employee_459","Female","Unassigned",7043,704.3,6338.7,FALSE
1503,"Employee_460","Male","A1",14331,1433.1,12897.9,FALSE
4147,"Employee_461","Male","Unassigned",32354,3235.4,29118.6,FALSE
1785,"Employee_462","Female","Unassigned",34126,3412.6,30713.4,FALSE
2795,"Employee_463","Male","Unassigned",23367,2336.7,21030.3,FALSE
8273,"Employee_464","Male","Unassigned",25875,2587.5,23287.5,FALSE
1854,"Employee_465","Male","Unassigned",48145,4814.5,43330.5,FALSE
8031,"Employee_466","Male","Unassigned",46310,4631,41679,FALSE
4127,"Employee_467","Female","Unassigned",37674,3767.4,33906.6,FALSE
9851,"Employee_468","Female","Unassigned",24507,2450.7,22056.3,FALSE
5302,"Employee_469","Male","Unassigned",40638,4063.8,36574.2,FALSE
1435,"Employee_470","Female","A1",15955,1595.5,14359.5,FALSE
4048,"Employee_471","Female","Unassigned",33315,3331.5,29983.5,FALSE
5028,"Employee_472","Male","Unassigned",32948,3294.8,29653.2,FALSE
1600,"Employee_473","Male","Unassigned",49472,4947.2,44524.8,FALSE
9646,"Employee_474","Female","A1",16977,1697.7,15279.3,FALSE
4334,"Employee_475","Male","A1",10096,1009.6,9086.4,FALSE
4139,"Employee_476","Female","Unassigned",39647,3964.7,35682.3,FALSE
3791,"Employee_477","Female","A1",11779,1177.9,10601.1,FALSE
7708,"Employee_478","Female","Unassigned",33864,3386.4,30477.6,FALSE
6476,"Employee_479","Male","Unassigned",49060,4906,44154,FALSE
1741,"Employee_480","Male","Unassigned",29580,2958,26622,FALSE
9551,"Employee_481","Female","Unassigned",6605,660.5,5944.5,FALSE
5618,"Employee_482","Female","Unassigned",31437,3143.7,28293.3,FALSE
5681,"Employee_483","Male","A1",12701,1270.1,11430.9,FALSE
1255,"Employee_484","Male","Unassigned",43268,4326.8,38941.2,FALSE
4420,"Employee_485","Female","A1",12259,1225.9,11033.1,FALSE
8638,"Employee_486","Male","Unassigned",35503,3550.3,31952.7,FALSE
9858,"Employee_487","Female","Unassigned",42138,4213.8,37924.2,FALSE
5183,"Employee_488","Female","Unassigned",41516,4151.6,37364.4,FALSE
6976,"Employee_489","Female","Unassigned",26823,2682.3,24140.7,FALSE
3058,"Employee_490","Female","Unassigned",30360,3036,27324,FALSE
5558,"Employee_491","Male","Unassigned",7910,791,7119,FALSE
4826,"Employee_492","Male","Unassigned",30355,3035.5,27319.5,FALSE
3747,"Employee_493","Female","A1",12940,1294,11646,FALSE
8454,"Employee_494","Female","A1",19129,1912.9,17216.1,FALSE
7985,"Employee_495","Female","Unassigned",44586,4458.6,40127.4,FALSE
7423,"Employee_496","Male","Unassigned",29246,2924.6,26321.4,FALSE
4583,"Employee_497","Female","Unassigned",33855,3385.5,30469.5,FALSE
3289,"Employee_498","Female","Unassigned",22160,2216,19944,FALSE
2351,"Employee_499","Male","Unassigned",37663,3766.3,33896.7,FALSE
7315,"Employee_500","Male","Unassigned",31556,3155.6,28400.4,FALSE
