ID,Name,Gender,Level,Salary,Tax,Net Pay
3224,Employee_1,Male,Unasigned,21130,2113.0,19017.0
8135,Employee_2,Female,Unasigned,37209,3720.9,33488.1
8707,Employee_3,Male,Unasigned,31087,3108.7,27978.3
6936,Employee_4,Female,Unasigned,6692,669.2,6022.8
3676,Employee_5,Female,A1,18882,1888.2,16993.8
7424,Employee_6,Female,Unasigned,46253,4625.3,41627.7
3797,Employee_7,Female,Unasigned,49806,4980.6,44825.4
9145,Employee_8,Female,Unasigned,40360,4036.0,36324.0
5523,Employee_9,Male,A1,19428,1942.8,17485.2
1937,Employee_10,Male,Unasigned,32201,3220.1,28980.9
8819,Employee_11,Male,Unasigned,38720,3872.0,34848.0
5782,Employee_12,Female,Unasigned,49799,4979.9,44819.1
7277,Employee_13,Male,Unasigned,5559,555.9,5003.1
6928,Employee_14,Male,Unasigned,25198,2519.8,22678.2
8592,Employee_15,Female,A1,10944,1094.4,9849.6
2209,Employee_16,Female,Unasigned,36525,3652.5,32872.5
5624,Employee_17,Female,Unasigned,40878,4087.8,36790.2
5423,Employee_18,Male,Unasigned,24721,2472.1,22248.9
5493,Employee_19,Female,Unasigned,45928,4592.8,41335.2
5364,Employee_20,Female,A1,17607,1760.7,15846.3
7310,Employee_21,Male,Unasigned,43699,4369.9,39329.1
1939,Employee_22,Male,A1,14485,1448.5,13036.5
8884,Employee_23,Female,Unasigned,28755,2875.5,25879.5
2207,Employee_24,Female,Unasigned,37235,3723.5,33511.5
4085,Employee_25,Female,Unasigned,44165,4416.5,39748.5
9722,Employee_26,Female,Unasigned,39069,3906.9,35162.1
3565,Employee_27,Male,Unasigned,20346,2034.6,18311.4
1044,Employee_28,Female,Unasigned,5315,531.5,4783.5
1401,Employee_29,Female,Unasigned,41304,4130.4,37173.6
7653,Employee_30,Female,Unasigned,45546,4554.6,40991.4
9378,Employee_31,Female,A1,13418,1341.8,12076.2
5248,Employee_32,Female,Unasigned,31652,3165.2,28486.8
2984,Employee_33,Male,A1,16636,1663.6,14972.4
6558,Employee_34,Female,Unasigned,44872,4487.2,40384.8
1040,Employee_35,Male,Unasigned,5496,549.6,4946.4
8636,Employee_36,Male,Unasigned,41984,4198.4,37785.6
9478,Employee_37,Male,A1,10857,1085.7,9771.3
4629,Employee_38,Male,Unasigned,49551,4955.1,44595.9
1871,Employee_39,Male,Unasigned,6194,619.4,5574.6
5254,Employee_40,Female,Unasigned,24140,2414.0,21726.0
7207,Employee_41,Male,Unasigned,44629,4462.9,40166.1
2211,Employee_42,Male,Unasigned,20316,2031.6,18284.4
6938,Employee_43,Female,Unasigned,42682,4268.2,38413.8
1179,Employee_44,Male,Unasigned,39405,3940.5,35464.5
6332,Employee_45,Male,Unasigned,25208,2520.8,22687.2
5191,Employee_46,Female,A1,12695,1269.5,11425.5
7257,Employee_47,Female,Unasigned,23754,2375.4,21378.6
9676,Employee_48,Male,A1,15337,1533.7,13803.3
5172,Employee_49,Female,Unasigned,35826,3582.6,32243.4
7858,Employee_50,Female,Unasigned,8616,861.6,7754.4
6183,Employee_51,Female,A1,17322,1732.2,15589.8
7742,Employee_52,Female,A1,13603,1360.3,12242.7
8461,Employee_53,Male,Unasigned,29944,2994.4,26949.6
1191,Employee_54,Male,A1,17690,1769.0,15921.0
6162,Employee_55,Female,A1,17258,1725.8,15532.2
7015,Employee_56,Male,A1,16451,1645.1,14805.9
3336,Employee_57,Male,A1,13952,1395.2,12556.8
3744,Employee_58,Female,Unasigned,46556,4655.6,41900.4
7532,Employee_59,Female,A1,15678,1567.8,14110.2
7862,Employee_60,Female,Unasigned,47808,4780.8,43027.2
1690,Employee_61,Male,Unasigned,34041,3404.1,30636.9
3595,Employee_62,Male,Unasigned,6246,624.6,5621.4
6990,Employee_63,Female,A1,17135,1713.5,15421.5
3636,Employee_64,Male,Unasigned,9861,986.1,8874.9
1441,Employee_65,Male,Unasigned,34056,3405.6,30650.4
7534,Employee_66,Male,Unasigned,39398,3939.8,35458.2
6757,Employee_67,Male,A1,19871,1987.1,17883.9
8965,Employee_68,Male,A1,18987,1898.7,17088.3
4899,Employee_69,Female,Unasigned,39587,3958.7,35628.3
4286,Employee_70,Male,Unasigned,44351,4435.1,39915.9
5911,Employee_71,Male,Unasigned,21156,2115.6,19040.4
7575,Employee_72,Female,Unasigned,37085,3708.5,33376.5
7166,Employee_73,Male,Unasigned,37955,3795.5,34159.5
8141,Employee_74,Female,Unasigned,7538,753.8,6784.2
6978,Employee_75,Male,Unasigned,39788,3978.8,35809.2
5312,Employee_76,Male,Unasigned,25063,2506.3,22556.7
1820,Employee_77,Female,A1,18572,1857.2,16714.8
3150,Employee_78,Female,Unasigned,25318,2531.8,22786.2
3245,Employee_79,Male,Unasigned,41472,4147.2,37324.8
7578,Employee_80,Male,A1,16675,1667.5,15007.5
3702,Employee_81,Male,Unasigned,41364,4136.4,37227.6
5440,Employee_82,Male,Unasigned,42968,4296.8,38671.2
3767,Employee_83,Female,Unasigned,45347,4534.7,40812.3
1920,Employee_84,Female,Unasigned,8933,893.3,8039.7
5441,Employee_85,Female,A1,16084,1608.4,14475.6
8828,Employee_86,Male,A1,14201,1420.1,12780.9
1757,Employee_87,Female,Unasigned,6615,661.5,5953.5
7254,Employee_88,Male,Unasigned,24584,2458.4,22125.6
5255,Employee_89,Female,Unasigned,28593,2859.3,25733.7
3169,Employee_90,Male,Unasigned,23383,2338.3,21044.7
5066,Employee_91,Female,Unasigned,39278,3927.8,35350.2
9721,Employee_92,Male,Unasigned,31557,3155.7,28401.3
6525,Employee_93,Male,Unasigned,36186,3618.6,32567.4
8250,Employee_94,Male,Unasigned,48128,4812.8,43315.2
9177,Employee_95,Female,Unasigned,6057,605.7,5451.3
4724,Employee_96,Female,Unasigned,44801,4480.1,40320.9
2019,Employee_97,Male,Unasigned,35579,3557.9,32021.1
3722,Employee_98,Female,Unasigned,33016,3301.6,29714.4
9986,Employee_99,Female,Unasigned,8970,897.0,8073.0
4730,Employee_100,Male,Unasigned,42363,4236.3,38126.7
5178,Employee_101,Male,Unasigned,32644,3264.4,29379.6
1167,Employee_102,Male,Unasigned,27688,2768.8,24919.2
5946,Employee_103,Male,Unasigned,47559,4755.9,42803.1
8583,Employee_104,Female,Unasigned,48393,4839.3,43553.7
5660,Employee_105,Male,Unasigned,20115,2011.5,18103.5
5480,Employee_106,Female,Unasigned,22969,2296.9,20672.1
8547,Employee_107,Male,Unasigned,38901,3890.1,35010.9
3634,Employee_108,Female,Unasigned,7410,741.0,6669.0
5485,Employee_109,Female,A1,13095,1309.5,11785.5
9309,Employee_110,Female,Unasigned,26768,2676.8,24091.2
5909,Employee_111,Female,Unasigned,40076,4007.6,36068.4
8087,Employee_112,Male,Unasigned,34649,3464.9,31184.1
7484,Employee_113,Female,A1,10281,1028.1,9252.9
7619,Employee_114,Male,Unasigned,43055,4305.5,38749.5
7978,Employee_115,Female,A1,17086,1708.6,15377.4
1471,Employee_116,Male,Unasigned,22790,2279.0,20511.0
8305,Employee_117,Female,Unasigned,29548,2954.8,26593.2
3892,Employee_118,Female,Unasigned,5173,517.3,4655.7
5607,Employee_119,Male,Unasigned,40298,4029.8,36268.2
8923,Employee_120,Female,Unasigned,9339,933.9,8405.1
3061,Employee_121,Male,Unasigned,48142,4814.2,43327.8
4365,Employee_122,Female,A1,18749,1874.9,16874.1
9865,Employee_123,Female,Unasigned,6517,651.7,5865.3
4957,Employee_124,Male,Unasigned,7331,733.1,6597.9
3649,Employee_125,Male,A1,17676,1767.6,15908.4
4740,Employee_126,Female,Unasigned,36100,3610.0,32490.0
7407,Employee_127,Female,A1,18655,1865.5,16789.5
2834,Employee_128,Male,Unasigned,22122,2212.2,19909.8
8467,Employee_129,Female,Unasigned,8421,842.1,7578.9
1114,Employee_130,Female,A1,16149,1614.9,14534.1
3422,Employee_131,Male,Unasigned,46003,4600.3,41402.7
3957,Employee_132,Male,Unasigned,24851,2485.1,22365.9
3122,Employee_133,Male,Unasigned,37692,3769.2,33922.8
1385,Employee_134,Male,A1,15350,1535.0,13815.0
3910,Employee_135,Female,Unasigned,5859,585.9,5273.1
8796,Employee_136,Female,Unasigned,36265,3626.5,32638.5
4563,Employee_137,Female,Unasigned,28150,2815.0,25335.0
2062,Employee_138,Female,Unasigned,41161,4116.1,37044.9
2634,Employee_139,Male,Unasigned,30344,3034.4,27309.6
6890,Employee_140,Male,Unasigned,48576,4857.6,43718.4
2865,Employee_141,Female,Unasigned,5485,548.5,4936.5
9286,Employee_142,Female,Unasigned,45159,4515.9,40643.1
3212,Employee_143,Female,Unasigned,32705,3270.5,29434.5
9021,Employee_144,Female,Unasigned,29267,2926.7,26340.3
6733,Employee_145,Male,A1,19910,1991.0,17919.0
9948,Employee_146,Female,A1,12587,1258.7,11328.3
5884,Employee_147,Male,Unasigned,9013,901.3,8111.7
6552,Employee_148,Female,A1,19805,1980.5,17824.5
3288,Employee_149,Female,Unasigned,21930,2193.0,19737.0
6089,Employee_150,Male,Unasigned,35300,3530.0,31770.0
7601,Employee_151,Female,Unasigned,44959,4495.9,40463.1
2497,Employee_152,Male,Unasigned,25669,2566.9,23102.1
8518,Employee_153,Female,Unasigned,29738,2973.8,26764.2
1933,Employee_154,Female,A1,15940,1594.0,14346.0
2649,Employee_155,Male,Unasigned,41891,4189.1,37701.9
2446,Employee_156,Male,Unasigned,5730,573.0,5157.0
8762,Employee_157,Female,A1,13999,1399.9,12599.1
2258,Employee_158,Male,A1,19573,1957.3,17615.7
5956,Employee_159,Male,Unasigned,8886,888.6,7997.4
4976,Employee_160,Female,A1,12333,1233.3,11099.7
3695,Employee_161,Male,Unasigned,39015,3901.5,35113.5
5308,Employee_162,Male,Unasigned,25570,2557.0,23013.0
9961,Employee_163,Male,Unasigned,26956,2695.6,24260.4
5435,Employee_164,Male,Unasigned,6388,638.8,5749.2
7641,Employee_165,Female,A1,18758,1875.8,16882.2
9159,Employee_166,Female,Unasigned,24993,2499.3,22493.7
3284,Employee_167,Male,A1,15463,1546.3,13916.7
6153,Employee_168,Female,Unasigned,37451,3745.1,33705.9
9885,Employee_169,Male,Unasigned,26549,2654.9,23894.1
9955,Employee_170,Male,A1,19550,1955.0,17595.0
2147,Employee_171,Male,A1,14395,1439.5,12955.5
4721,Employee_172,Male,Unasigned,22628,2262.8,20365.2
8543,Employee_173,Female,Unasigned,38439,3843.9,34595.1
7124,Employee_174,Female,Unasigned,41231,4123.1,37107.9
6617,Employee_175,Female,Unasigned,35896,3589.6,32306.4
4235,Employee_176,Female,Unasigned,48462,4846.2,43615.8
8246,Employee_177,Female,Unasigned,48241,4824.1,43416.9
7891,Employee_178,Female,Unasigned,25593,2559.3,23033.7
1216,Employee_179,Male,Unasigned,38897,3889.7,35007.3
3325,Employee_180,Female,Unasigned,48625,4862.5,43762.5
6971,Employee_181,Female,A1,13556,1355.6,12200.4
1158,Employee_182,Male,A1,17762,1776.2,15985.8
9584,Employee_183,Male,Unasigned,27282,2728.2,24553.8
8139,Employee_184,Female,Unasigned,24886,2488.6,22397.4
3495,Employee_185,Female,Unasigned,41294,4129.4,37164.6
7197,Employee_186,Female,Unasigned,23815,2381.5,21433.5
6740,Employee_187,Female,Unasigned,25838,2583.8,23254.2
1111,Employee_188,Female,Unasigned,27380,2738.0,24642.0
8912,Employee_189,Female,A1,16500,1650.0,14850.0
4170,Employee_190,Male,Unasigned,42818,4281.8,38536.2
5609,Employee_191,Male,Unasigned,20722,2072.2,18649.8
4604,Employee_192,Male,Unasigned,30398,3039.8,27358.2
2294,Employee_193,Male,Unasigned,41870,4187.0,37683.0
4996,Employee_194,Female,Unasigned,47825,4782.5,43042.5
1766,Employee_195,Male,Unasigned,31382,3138.2,28243.8
1324,Employee_196,Female,A1,15992,1599.2,14392.8
8247,Employee_197,Male,Unasigned,32042,3204.2,28837.8
8873,Employee_198,Female,Unasigned,45544,4554.4,40989.6
2549,Employee_199,Female,Unasigned,6336,633.6,5702.4
7313,Employee_200,Male,Unasigned,20511,2051.1,18459.9
2543,Employee_201,Male,A1,15022,1502.2,13519.8
5599,Employee_202,Male,Unasigned,36954,3695.4,33258.6
5554,Employee_203,Male,Unasigned,29336,2933.6,26402.4
9267,Employee_204,Male,A1,19463,1946.3,17516.7
6808,Employee_205,Male,A1,15105,1510.5,13594.5
4950,Employee_206,Female,Unasigned,29989,2998.9,26990.1
1197,Employee_207,Female,Unasigned,49596,4959.6,44636.4
7086,Employee_208,Female,A1,10038,1003.8,9034.2
3421,Employee_209,Male,Unasigned,24594,2459.4,22134.6
5530,Employee_210,Male,A1,17537,1753.7,15783.3
7227,Employee_211,Male,Unasigned,36053,3605.3,32447.7
1831,Employee_212,Female,Unasigned,35010,3501.0,31509.0
6279,Employee_213,Female,A1,12662,1266.2,11395.8
3399,Employee_214,Female,Unasigned,21407,2140.7,19266.3
3803,Employee_215,Male,Unasigned,47457,4745.7,42711.3
8223,Employee_216,Female,A1,17251,1725.1,15525.9
1336,Employee_217,Male,A1,18334,1833.4,16500.6
3140,Employee_218,Female,Unasigned,47944,4794.4,43149.6
2555,Employee_219,Female,Unasigned,21588,2158.8,19429.2
1626,Employee_220,Male,Unasigned,44231,4423.1,39807.9
3777,Employee_221,Male,Unasigned,37811,3781.1,34029.9
9461,Employee_222,Male,Unasigned,44783,4478.3,40304.7
7739,Employee_223,Male,Unasigned,8388,838.8,7549.2
3861,Employee_224,Female,Unasigned,20108,2010.8,18097.2
2120,Employee_225,Male,Unasigned,29441,2944.1,26496.9
4106,Employee_226,Male,Unasigned,34734,3473.4,31260.6
6852,Employee_227,Male,Unasigned,49497,4949.7,44547.3
6320,Employee_228,Female,Unasigned,35149,3514.9,31634.1
5975,Employee_229,Female,Unasigned,44951,4495.1,40455.9
7244,Employee_230,Male,Unasigned,21576,2157.6,19418.4
1117,Employee_231,Male,A1,12634,1263.4,11370.6
3776,Employee_232,Female,Unasigned,45952,4595.2,41356.8
2656,Employee_233,Female,Unasigned,39082,3908.2,35173.8
3997,Employee_234,Female,Unasigned,45104,4510.4,40593.6
2035,Employee_235,Female,Unasigned,5124,512.4,4611.6
7267,Employee_236,Female,Unasigned,20788,2078.8,18709.2
4744,Employee_237,Female,Unasigned,36277,3627.7,32649.3
7202,Employee_238,Male,A1,12797,1279.7,11517.3
8260,Employee_239,Male,Unasigned,21935,2193.5,19741.5
2626,Employee_240,Female,Unasigned,39861,3986.1,35874.9
1023,Employee_241,Male,A1,16555,1655.5,14899.5
9562,Employee_242,Female,A1,16838,1683.8,15154.2
3027,Employee_243,Female,Unasigned,20420,2042.0,18378.0
4973,Employee_244,Male,Unasigned,29303,2930.3,26372.7
4546,Employee_245,Male,Unasigned,8885,888.5,7996.5
9284,Employee_246,Female,A1,19026,1902.6,17123.4
3991,Employee_247,Female,A1,11379,1137.9,10241.1
3719,Employee_248,Male,Unasigned,8173,817.3,7355.7
7471,Employee_249,Male,Unasigned,28933,2893.3,26039.7
1845,Employee_250,Female,Unasigned,27921,2792.1,25128.9
3283,Employee_251,Male,A1,18664,1866.4,16797.6
5219,Employee_252,Male,Unasigned,27285,2728.5,24556.5
8435,Employee_253,Male,Unasigned,46277,4627.7,41649.3
2612,Employee_254,Female,Unasigned,8873,887.3,7985.7
6379,Employee_255,Female,Unasigned,29006,2900.6,26105.4
2526,Employee_256,Female,Unasigned,44173,4417.3,39755.7
6961,Employee_257,Male,Unasigned,41360,4136.0,37224.0
1088,Employee_258,Female,Unasigned,47710,4771.0,42939.0
7555,Employee_259,Male,A1,13518,1351.8,12166.2
6569,Employee_260,Male,A1,17994,1799.4,16194.6
3113,Employee_261,Female,A1,17582,1758.2,15823.8
6052,Employee_262,Female,Unasigned,36200,3620.0,32580.0
4964,Employee_263,Male,A1,10361,1036.1,9324.9
3437,Employee_264,Female,Unasigned,28859,2885.9,25973.1
7896,Employee_265,Female,A1,14493,1449.3,13043.7
5109,Employee_266,Male,Unasigned,45086,4508.6,40577.4
8571,Employee_267,Male,A1,13901,1390.1,12510.9
2899,Employee_268,Female,Unasigned,32949,3294.9,29654.1
2593,Employee_269,Female,A1,13538,1353.8,12184.2
6520,Employee_270,Male,A1,13604,1360.4,12243.6
9182,Employee_271,Female,Unasigned,36542,3654.2,32887.8
5046,Employee_272,Male,Unasigned,6706,670.6,6035.4
1721,Employee_273,Male,Unasigned,7424,742.4,6681.6
5436,Employee_274,Male,A1,10341,1034.1,9306.9
4132,Employee_275,Female,Unasigned,47386,4738.6,42647.4
8568,Employee_276,Male,Unasigned,36082,3608.2,32473.8
6239,Employee_277,Male,Unasigned,35766,3576.6,32189.4
6916,Employee_278,Male,Unasigned,28050,2805.0,25245.0
6912,Employee_279,Male,A1,11251,1125.1,10125.9
4124,Employee_280,Male,A1,10757,1075.7,9681.3
6671,Employee_281,Male,Unasigned,21746,2174.6,19571.4
2599,Employee_282,Male,Unasigned,23333,2333.3,20999.7
8783,Employee_283,Male,Unasigned,33774,3377.4,30396.6
8945,Employee_284,Female,Unasigned,45356,4535.6,40820.4
4066,Employee_285,Female,Unasigned,35604,3560.4,32043.6
8639,Employee_286,Female,Unasigned,43164,4316.4,38847.6
8691,Employee_287,Male,Unasigned,7391,739.1,6651.9
2316,Employee_288,Female,Unasigned,28293,2829.3,25463.7
4093,Employee_289,Female,Unasigned,22053,2205.3,19847.7
2916,Employee_290,Female,Unasigned,46708,4670.8,42037.2
7755,Employee_291,Female,A1,17100,1710.0,15390.0
9835,Employee_292,Male,Unasigned,33807,3380.7,30426.3
3886,Employee_293,Female,Unasigned,27458,2745.8,24712.2
6056,Employee_294,Female,Unasigned,34523,3452.3,31070.7
7297,Employee_295,Male,Unasigned,25031,2503.1,22527.9
4096,Employee_296,Female,Unasigned,6188,618.8,5569.2
4535,Employee_297,Male,Unasigned,28990,2899.0,26091.0
8720,Employee_298,Female,Unasigned,34436,3443.6,30992.4
1140,Employee_299,Female,A1,18922,1892.2,17029.8
2866,Employee_300,Male,Unasigned,27366,2736.6,24629.4
5257,Employee_301,Male,A1,12302,1230.2,11071.8
5414,Employee_302,Male,Unasigned,7473,747.3,6725.7
1232,Employee_303,Female,Unasigned,8939,893.9,8045.1
3197,Employee_304,Female,Unasigned,20974,2097.4,18876.6
1037,Employee_305,Male,Unasigned,43562,4356.2,39205.8
9156,Employee_306,Female,A1,13139,1313.9,11825.1
2577,Employee_307,Male,Unasigned,41333,4133.3,37199.7
6846,Employee_308,Female,A1,11708,1170.8,10537.2
5566,Employee_309,Female,A1,13967,1396.7,12570.3
7685,Employee_310,Male,Unasigned,34949,3494.9,31454.1
3427,Employee_311,Male,Unasigned,33230,3323.0,29907.0
5402,Employee_312,Male,Unasigned,43785,4378.5,39406.5
5126,Employee_313,Male,Unasigned,40656,4065.6,36590.4
8739,Employee_314,Male,Unasigned,9156,915.6,8240.4
4406,Employee_315,Male,Unasigned,43346,4334.6,39011.4
8910,Employee_316,Female,Unasigned,35599,3559.9,32039.1
5904,Employee_317,Male,Unasigned,31169,3116.9,28052.1
8561,Employee_318,Male,Unasigned,41909,4190.9,37718.1
3911,Employee_319,Male,Unasigned,39004,3900.4,35103.6
5654,Employee_320,Male,A1,19612,1961.2,17650.8
4110,Employee_321,Female,Unasigned,20312,2031.2,18280.8
6068,Employee_322,Female,Unasigned,24961,2496.1,22464.9
1938,Employee_323,Female,Unasigned,30300,3030.0,27270.0
9799,Employee_324,Female,Unasigned,20151,2015.1,18135.9
5873,Employee_325,Female,Unasigned,37659,3765.9,33893.1
3883,Employee_326,Male,Unasigned,27654,2765.4,24888.6
4481,Employee_327,Female,Unasigned,45988,4598.8,41389.2
8972,Employee_328,Female,Unasigned,31091,3109.1,27981.9
5503,Employee_329,Male,Unasigned,27064,2706.4,24357.6
1582,Employee_330,Female,A1,16897,1689.7,15207.3
3628,Employee_331,Male,A1,18871,1887.1,16983.9
2859,Employee_332,Female,Unasigned,7274,727.4,6546.6
8595,Employee_333,Male,Unasigned,46942,4694.2,42247.8
3993,Employee_334,Male,Unasigned,48358,4835.8,43522.2
4904,Employee_335,Male,Unasigned,40316,4031.6,36284.4
9382,Employee_336,Male,Unasigned,46014,4601.4,41412.6
4203,Employee_337,Male,A1,19682,1968.2,17713.8
5221,Employee_338,Female,A1,11611,1161.1,10449.9
3044,Employee_339,Female,Unasigned,26954,2695.4,24258.6
2680,Employee_340,Male,Unasigned,26448,2644.8,23803.2
7442,Employee_341,Female,Unasigned,33002,3300.2,29701.8
3262,Employee_342,Male,A1,12322,1232.2,11089.8
4900,Employee_343,Male,A1,13620,1362.0,12258.0
4162,Employee_344,Female,A1,18558,1855.8,16702.2
5118,Employee_345,Male,Unasigned,24279,2427.9,21851.1
1812,Employee_346,Female,Unasigned,41104,4110.4,36993.6
6529,Employee_347,Male,Unasigned,23723,2372.3,21350.7
4231,Employee_348,Female,Unasigned,26552,2655.2,23896.8
3218,Employee_349,Male,Unasigned,29065,2906.5,26158.5
7232,Employee_350,Male,Unasigned,24046,2404.6,21641.4
2900,Employee_351,Female,Unasigned,43209,4320.9,38888.1
2265,Employee_352,Male,Unasigned,36563,3656.3,32906.7
3067,Employee_353,Male,Unasigned,22910,2291.0,20619.0
5459,Employee_354,Female,Unasigned,38249,3824.9,34424.1
8616,Employee_355,Male,Unasigned,35017,3501.7,31515.3
9886,Employee_356,Male,Unasigned,27940,2794.0,25146.0
7686,Employee_357,Male,Unasigned,6488,648.8,5839.2
2585,Employee_358,Male,A1,19188,1918.8,17269.2
9136,Employee_359,Male,A1,10681,1068.1,9612.9
6347,Employee_360,Female,Unasigned,24649,2464.9,22184.1
1067,Employee_361,Female,Unasigned,46781,4678.1,42102.9
5817,Employee_362,Female,Unasigned,21856,2185.6,19670.4
6205,Employee_363,Female,Unasigned,26204,2620.4,23583.6
3469,Employee_364,Male,A1,19869,1986.9,17882.1
1738,Employee_365,Male,Unasigned,45411,4541.1,40869.9
6364,Employee_366,Female,Unasigned,39521,3952.1,35568.9
1271,Employee_367,Male,Unasigned,7105,710.5,6394.5
2773,Employee_368,Male,Unasigned,31165,3116.5,28048.5
8028,Employee_369,Male,A1,11300,1130.0,10170.0
1732,Employee_370,Male,A1,17477,1747.7,15729.3
7337,Employee_371,Male,Unasigned,9087,908.7,8178.3
6340,Employee_372,Male,A1,17454,1745.4,15708.6
5165,Employee_373,Female,Unasigned,22351,2235.1,20115.9
8440,Employee_374,Female,Unasigned,28150,2815.0,25335.0
7391,Employee_375,Male,A1,19892,1989.2,17902.8
5206,Employee_376,Male,A1,11370,1137.0,10233.0
7921,Employee_377,Female,Unasigned,22177,2217.7,19959.3
2260,Employee_378,Male,Unasigned,43307,4330.7,38976.3
8234,Employee_379,Male,Unasigned,24005,2400.5,21604.5
1898,Employee_380,Female,Unasigned,21715,2171.5,19543.5
4139,Employee_381,Female,Unasigned,24148,2414.8,21733.2
6781,Employee_382,Male,Unasigned,7796,779.6,7016.4
2794,Employee_383,Male,Unasigned,25973,2597.3,23375.7
4778,Employee_384,Female,Unasigned,41403,4140.3,37262.7
5032,Employee_385,Male,Unasigned,28583,2858.3,25724.7
8935,Employee_386,Female,A1,13597,1359.7,12237.3
7948,Employee_387,Female,Unasigned,42403,4240.3,38162.7
9358,Employee_388,Female,Unasigned,9654,965.4,8688.6
8332,Employee_389,Male,Unasigned,39530,3953.0,35577.0
2135,Employee_390,Male,Unasigned,38832,3883.2,34948.8
5242,Employee_391,Female,Unasigned,24662,2466.2,22195.8
1759,Employee_392,Male,Unasigned,46273,4627.3,41645.7
8169,Employee_393,Male,Unasigned,37607,3760.7,33846.3
8552,Employee_394,Male,Unasigned,28607,2860.7,25746.3
7327,Employee_395,Female,Unasigned,41647,4164.7,37482.3
9564,Employee_396,Male,Unasigned,48282,4828.2,43453.8
7403,Employee_397,Male,A1,12721,1272.1,11448.9
4356,Employee_398,Male,Unasigned,36373,3637.3,32735.7
1742,Employee_399,Female,A1,17746,1774.6,15971.4
4654,Employee_400,Female,Unasigned,36697,3669.7,33027.3
9367,Employee_401,Female,Unasigned,8767,876.7,7890.3
2949,Employee_402,Male,Unasigned,41915,4191.5,37723.5
9749,Employee_403,Female,Unasigned,32457,3245.7,29211.3
3538,Employee_404,Male,Unasigned,31791,3179.1,28611.9
6199,Employee_405,Male,Unasigned,32553,3255.3,29297.7
5793,Employee_406,Male,Unasigned,47654,4765.4,42888.6
4887,Employee_407,Male,Unasigned,6197,619.7,5577.3
8379,Employee_408,Female,Unasigned,24316,2431.6,21884.4
6985,Employee_409,Male,Unasigned,42212,4221.2,37990.8
3366,Employee_410,Female,Unasigned,26409,2640.9,23768.1
8277,Employee_411,Male,Unasigned,23982,2398.2,21583.8
2100,Employee_412,Male,Unasigned,29479,2947.9,26531.1
4869,Employee_413,Male,Unasigned,35054,3505.4,31548.6
5207,Employee_414,Female,Unasigned,34521,3452.1,31068.9
6218,Employee_415,Female,Unasigned,39636,3963.6,35672.4
4015,Employee_416,Female,Unasigned,35054,3505.4,31548.6
5788,Employee_417,Male,A1,11551,1155.1,10395.9
3201,Employee_418,Male,Unasigned,46942,4694.2,42247.8
6755,Employee_419,Female,Unasigned,35731,3573.1,32157.9
7111,Employee_420,Male,Unasigned,27583,2758.3,24824.7
1120,Employee_421,Male,Unasigned,7760,776.0,6984.0
6741,Employee_422,Male,Unasigned,8377,837.7,7539.3
6099,Employee_423,Male,Unasigned,21898,2189.8,19708.2
7837,Employee_424,Male,Unasigned,23917,2391.7,21525.3
6999,Employee_425,Male,A1,14465,1446.5,13018.5
9346,Employee_426,Female,A1,10245,1024.5,9220.5
8338,Employee_427,Male,Unasigned,8117,811.7,7305.3
5048,Employee_428,Female,Unasigned,34887,3488.7,31398.3
8470,Employee_429,Female,Unasigned,21784,2178.4,19605.6
5725,Employee_430,Male,Unasigned,31285,3128.5,28156.5
9470,Employee_431,Female,A1,14526,1452.6,13073.4
9022,Employee_432,Female,A1,17354,1735.4,15618.6
5452,Employee_433,Male,Unasigned,38362,3836.2,34525.8
9488,Employee_434,Female,A1,17158,1715.8,15442.2
2425,Employee_435,Male,Unasigned,25180,2518.0,22662.0
4838,Employee_436,Female,Unasigned,7919,791.9,7127.1
4963,Employee_437,Female,Unasigned,33833,3383.3,30449.7
7275,Employee_438,Male,Unasigned,38560,3856.0,34704.0
1667,Employee_439,Female,Unasigned,35786,3578.6,32207.4
6336,Employee_440,Female,Unasigned,38390,3839.0,34551.0
1728,Employee_441,Female,Unasigned,40601,4060.1,36540.9
1767,Employee_442,Male,A1,14331,1433.1,12897.9
1373,Employee_443,Female,Unasigned,27452,2745.2,24706.8
3263,Employee_444,Female,Unasigned,44942,4494.2,40447.8
9366,Employee_445,Male,A1,19199,1919.9,17279.1
2295,Employee_446,Female,A1,11346,1134.6,10211.4
2797,Employee_447,Female,Unasigned,33906,3390.6,30515.4
7467,Employee_448,Female,Unasigned,31727,3172.7,28554.3
3132,Employee_449,Female,Unasigned,33889,3388.9,30500.1
3232,Employee_450,Female,Unasigned,7183,718.3,6464.7
3086,Employee_451,Female,Unasigned,40418,4041.8,36376.2
9635,Employee_452,Male,Unasigned,8332,833.2,7498.8
4032,Employee_453,Female,Unasigned,37081,3708.1,33372.9
6414,Employee_454,Female,Unasigned,49002,4900.2,44101.8
5625,Employee_455,Female,Unasigned,8810,881.0,7929.0
5845,Employee_456,Male,Unasigned,46176,4617.6,41558.4
5812,Employee_457,Male,Unasigned,48942,4894.2,44047.8
7445,Employee_458,Male,Unasigned,26584,2658.4,23925.6
8159,Employee_459,Female,Unasigned,33787,3378.7,30408.3
3438,Employee_460,Female,Unasigned,23781,2378.1,21402.9
4408,Employee_461,Female,A1,19028,1902.8,17125.2
8324,Employee_462,Female,Unasigned,27046,2704.6,24341.4
6593,Employee_463,Female,A1,16057,1605.7,14451.3
1042,Employee_464,Female,A1,10421,1042.1,9378.9
4140,Employee_465,Female,A1,19156,1915.6,17240.4
7066,Employee_466,Male,Unasigned,37461,3746.1,33714.9
8982,Employee_467,Male,Unasigned,26558,2655.8,23902.2
9369,Employee_468,Female,A1,19633,1963.3,17669.7
1980,Employee_469,Female,Unasigned,6575,657.5,5917.5
2479,Employee_470,Female,Unasigned,31844,3184.4,28659.6
9151,Employee_471,Male,Unasigned,20355,2035.5,18319.5
4939,Employee_472,Female,Unasigned,30306,3030.6,27275.4
5410,Employee_473,Female,Unasigned,39996,3999.6,35996.4
7789,Employee_474,Male,A1,19366,1936.6,17429.4
4393,Employee_475,Male,Unasigned,20760,2076.0,18684.0
2655,Employee_476,Female,Unasigned,7997,799.7,7197.3
5693,Employee_477,Male,Unasigned,32249,3224.9,29024.1
6104,Employee_478,Male,A1,17812,1781.2,16030.8
1739,Employee_479,Male,Unasigned,38816,3881.6,34934.4
6356,Employee_480,Female,A1,17815,1781.5,16033.5
2918,Employee_481,Male,Unasigned,32968,3296.8,29671.2
1227,Employee_482,Male,Unasigned,8615,861.5,7753.5
3216,Employee_483,Female,Unasigned,6398,639.8,5758.2
1265,Employee_484,Female,A1,12325,1232.5,11092.5
3259,Employee_485,Male,Unasigned,30254,3025.4,27228.6
2230,Employee_486,Female,A1,15441,1544.1,13896.9
3025,Employee_487,Male,Unasigned,30223,3022.3,27200.7
6885,Employee_488,Male,A1,15655,1565.5,14089.5
7665,Employee_489,Female,A1,14522,1452.2,13069.8
9707,Employee_490,Female,Unasigned,20033,2003.3,18029.7
9546,Employee_491,Female,Unasigned,25545,2554.5,22990.5
4712,Employee_492,Female,Unasigned,6674,667.4,6006.6
1512,Employee_493,Male,Unasigned,6256,625.6,5630.4
6353,Employee_494,Female,Unasigned,48646,4864.6,43781.4
4168,Employee_495,Male,Unasigned,49700,4970.0,44730.0
4722,Employee_496,Female,A1,17495,1749.5,15745.5
2787,Employee_497,Male,Unasigned,27659,2765.9,24893.1
6454,Employee_498,Female,Unasigned,47560,4756.0,42804.0
8128,Employee_499,Male,Unasigned,35122,3512.2,31609.8
4937,Employee_500,Female,Unasigned,28457,2845.7,25611.3
