{
    "timestamp": "2026-02-19T10:15:47.229348",
    "rows": 6234,
    "columns": 26,
    "type_distribution": {
        "Movie": 4265,
        "TV Show": 1969
    },
    "top_genres": {
        "International Movies": 1927,
        "Dramas": 1623,
        "Comedies": 1113,
        "International TV Shows": 1001,
        "Documentaries": 668,
        "TV Dramas": 599,
        "Action & Adventure": 597,
        "Independent Movies": 552,
        "TV Comedies": 436,
        "Thrillers": 392
    },
    "top_countries": {
        "United States": 2610,
        "India": 838,
        "United Kingdom": 602,
        "Canada": 318,
        "France": 271,
        "Japan": 231,
        "Spain": 178,
        "South Korea": 162,
        "Germany": 151,
        "Mexico": 129
    }
}